# 3ds Max Wavefront OBJ Exporter v0.99 - (c)2007 guruware
# ´´½¨µÄÎÄ¼ş:08.10.2026 13:15:05

mtllib teapot2.mtl

#
# object Obj3d66_1048808_1_927
#

v  27.9344 -9.9005 -34.6526
v  31.2299 3.1152 -34.6526
v  29.9373 16.5760 -34.6936
v  24.2223 28.7860 -35.0110
v  14.7499 38.2936 -35.5238
v  2.6102 43.9711 -35.8646
v  -10.7427 45.1387 -35.9095
v  -23.6297 41.6883 -35.8962
v  21.0584 -9.9264 37.5312
v  19.8578 0.2034 36.5051
v  17.7981 9.2951 36.0970
v  13.5179 17.3920 35.2514
v  7.5427 23.6772 34.4468
v  0.6472 27.1828 34.2171
v  -6.5221 27.4004 34.2172
v  -13.5087 24.5611 34.2209
v  28.7172 -10.9833 -17.6714
v  28.1484 -12.1918 3.3226
v  26.6628 -8.2949 23.1964
v  31.4711 2.3327 -17.6276
v  29.5261 1.5634 1.7499
v  25.7254 1.1028 20.5836
v  29.7048 16.0238 -17.8810
v  27.3512 14.4996 1.6356
v  23.2549 12.1452 20.3460
v  23.8368 28.3518 -19.7849
v  21.4962 26.0761 1.3498
v  17.8673 22.2130 20.4382
v  14.4918 37.9235 -22.8620
v  12.6746 34.9105 1.0582
v  9.9971 29.3887 21.6847
v  2.5583 43.6166 -24.9065
v  1.9592 39.9711 0.9886
v  1.2000 32.8516 23.3018
v  -10.5704 44.7310 -25.1761
v  -9.4674 40.5563 1.2676
v  -7.4767 32.1020 25.2652
v  -23.2040 41.1626 -25.0966
v  -20.5027 36.9158 1.3332
v  -15.7667 28.7226 25.5832
v  36.3561 -30.9684 32.2592
v  36.2735 -27.7906 35.2407
v  33.1369 -25.4104 38.4779
v  31.8202 -23.2355 21.8979
v  29.0091 -16.4996 31.8463
v  26.1256 -17.3828 37.7104
v  -20.2921 34.6712 -38.6578
v  -10.0317 37.3900 -38.6578
v  0.6224 36.4578 -38.6578
v  10.3152 31.9379 -38.6578
v  17.8781 24.3749 -38.6578
v  22.4009 14.6793 -38.6578
v  23.3388 4.0194 -38.6578
v  20.6262 -6.2472 -38.6578
v  -22.8165 39.9114 -37.9089
v  -10.5792 43.1673 -37.9089
v  2.0956 42.0580 -37.9089
v  13.6263 36.6810 -37.9089
v  22.6254 27.6818 -37.9089
v  28.0156 16.1377 -37.9089
v  29.1514 3.4364 -37.9089
v  25.9248 -8.8300 -37.9089
v  19.5036 -9.9157 37.5059
v  18.3914 0.2843 36.4973
v  16.5233 8.8731 36.0935
v  12.5425 16.4591 35.2499
v  6.9397 22.3495 34.4339
v  0.4299 25.6468 34.1865
v  -6.3739 25.8994 34.1640
v  -12.9965 23.3041 34.1640
v  18.4548 1.4329 24.3821
v  16.8756 10.1344 24.3531
v  12.8297 17.9380 24.2580
v  6.9660 23.9677 24.1659
v  0.0139 27.4102 24.1380
v  -7.3430 27.8022 24.1355
v  -14.4824 25.2680 24.1355
v  35.2973 -31.4168 33.3556
v  35.2034 -29.0358 35.0338
v  32.4611 -26.9200 37.0864
v  23.4393 -19.4440 28.5222
v  24.4048 -18.3092 31.8593
v  24.4987 -19.1117 36.7702
v  33.1108 -29.3751 32.0367
v  33.2024 -27.2632 33.9510
v  31.3197 -25.8643 36.1531
v  35.5816 -29.5980 30.4283
v  35.0363 -25.6422 34.4474
v  32.4097 -23.9146 37.7559
v  24.3785 -19.2423 38.5376
v  25.4523 -18.0713 38.7934
v  20.9760 0.3665 33.9044
v  18.8126 9.8098 33.5249
v  14.3108 18.2785 32.8662
v  7.9726 24.7101 32.4999
v  0.7422 28.1683 32.6786
v  -6.6588 28.1506 33.1198
v  -13.8382 25.1997 33.1942
v  22.1964 -9.4932 35.2333
v  19.1618 -9.5227 35.3680
v  18.2588 0.4577 34.4851
v  16.4691 8.9927 34.1633
v  12.5068 16.5548 33.4855
v  6.9010 22.4195 32.8298
v  0.3644 25.7148 32.6310
v  -6.4835 25.9919 32.6129
v  -13.1436 23.4337 32.6129
v  17.9595 -7.9293 25.1705
v  17.3164 -10.5916 20.5458
v  20.2133 3.8851 5.1003
v  18.6757 13.9830 5.1030
v  14.1548 23.0179 5.1030
v  7.3056 29.9982 5.1030
v  -1.0699 34.0602 5.1030
v  -10.0819 34.6810 5.1030
v  -18.8314 31.8903 5.1030
v  18.8393 -5.5677 5.0268
v  17.7381 -9.0011 4.5975
v  20.3744 4.4582 -2.1415
v  18.9120 14.7456 -2.1415
v  14.3594 23.9492 -2.1415
v  7.3546 31.0663 -2.1415
v  -1.2881 35.2296 -2.1415
v  -10.6286 35.9118 -2.1415
v  -19.6929 33.1160 -2.1415
v  18.8680 -5.1818 -2.1415
v  17.7177 -8.7062 -2.1415
v  19.0038 5.5945 -27.6981
v  18.0104 15.4187 -27.6981
v  13.8264 24.2324 -27.6981
v  6.9938 31.0839 -27.6981
v  -1.6849 35.1615 -27.6981
v  -11.1906 35.9798 -27.6981
v  -20.3843 33.4716 -27.6981
v  17.0996 -3.6555 -27.6981
v  15.8505 -7.0305 -27.6981
v  11.9609 -0.9760 -33.1253
v  13.3323 6.0855 -33.1253
v  12.6510 13.9325 -33.1253
v  9.3745 20.8953 -33.1253
v  3.9522 26.3193 -33.1253
v  -2.9726 29.5591 -33.1253
v  -10.5742 30.2317 -33.1253
v  -17.9080 28.2834 -33.1253
v  10.7507 -4.3068 -33.1253
v  -33.4342 33.4342 -24.6991
v  14.7281 -14.7281 -38.6578
v  -19.6642 19.6642 34.2222
v  -29.8714 29.8714 1.4180
v  22.5769 -22.5769 -1.0899
v  -21.8539 21.8539 20.2212
v  33.6875 -33.6875 32.9271
v  21.6034 -21.6034 27.3781
v  31.5160 -31.5160 31.5552
v  33.2422 -33.2422 29.4458
v  -20.1731 20.1731 33.2205
v  -18.9224 18.9224 32.6129
v  14.8564 -14.8564 17.5574
v  -26.5900 26.5900 5.1030
v  -27.7101 27.7101 -2.1415
v  14.5676 -14.5676 -2.1415
v  12.6615 -12.6615 -27.6981
v  8.2220 -8.2220 -33.1253
v  10.9832 -28.7172 -17.6714
v  12.1917 -28.1484 3.3226
v  21.7085 -21.7085 -18.0987
v  -2.3327 -31.4711 -17.6276
v  -1.5634 -29.5262 1.7499
v  -16.0238 -29.7048 -17.8810
v  -14.4996 -27.3512 1.6356
v  -28.3518 -23.8368 -19.7849
v  -26.0761 -21.4962 1.3498
v  -37.9235 -14.4918 -22.8620
v  -34.9106 -12.6746 1.0582
v  -43.6166 -2.5583 -24.9065
v  -39.9711 -1.9592 0.9886
v  -44.7310 10.5704 -25.1761
v  -40.5563 9.4674 1.2676
v  -41.1626 23.2040 -25.0966
v  -36.9158 20.5027 1.3332
v  -1.1028 -25.7254 20.5836
v  -0.3665 -20.9760 33.9044
v  9.4932 -22.1964 35.2333
v  8.2949 -26.6628 23.1964
v  9.9005 -27.9344 -34.6526
v  -3.1152 -31.2299 -34.6526
v  -12.1452 -23.2549 20.3460
v  -9.8098 -18.8126 33.5249
v  -16.5760 -29.9373 -34.6936
v  -22.2130 -17.8673 20.4382
v  -18.2785 -14.3108 32.8662
v  -28.7860 -24.2223 -35.0110
v  -29.3887 -9.9971 21.6847
v  -24.7101 -7.9726 32.4998
v  -38.2936 -14.7499 -35.5238
v  -32.8516 -1.2000 23.3018
v  -28.1683 -0.7422 32.6786
v  -43.9711 -2.6102 -35.8646
v  -32.1020 7.4767 25.2652
v  -28.1506 6.6588 33.1198
v  -45.1387 10.7427 -35.9095
v  -28.7226 15.7667 25.5832
v  -25.1997 13.8382 33.1942
v  -41.6883 23.6297 -35.8962
v  -34.2141 34.2141 -35.8300
v  16.4996 -29.0091 31.8463
v  23.2355 -31.8202 21.8979
v  29.5980 -35.5816 30.4283
v  28.9881 -28.9881 19.4004
v  25.6422 -35.0364 34.4474
v  17.3828 -26.1256 37.7104
v  23.9146 -32.4097 37.7559
v  -43.1673 10.5792 -37.9089
v  -39.9114 22.8165 -37.9089
v  -42.0580 -2.0957 -37.9089
v  -36.6810 -13.6263 -37.9089
v  -27.6818 -22.6254 -37.9089
v  -16.1377 -28.0156 -37.9089
v  -3.4364 -29.1514 -37.9089
v  8.8300 -25.9248 -37.9089
v  20.5798 -20.5798 -34.6526
v  18.9130 -18.9130 -37.9089
v  -34.6712 20.2921 -38.6578
v  -28.7704 28.7704 -38.6578
v  -32.8868 32.8868 -37.9089
v  -37.3900 10.0317 -38.6578
v  -36.4578 -0.6224 -38.6578
v  -31.9379 -10.3152 -38.6578
v  -24.3749 -17.8781 -38.6578
v  -14.6793 -22.4009 -38.6578
v  -4.0194 -23.3388 -38.6578
v  6.2472 -20.6262 -38.6578
v  9.9264 -21.0584 37.5312
v  -0.2034 -19.8578 36.5051
v  -0.2843 -18.3914 36.4973
v  9.9157 -19.5036 37.5059
v  -9.2951 -17.7981 36.0970
v  -8.8731 -16.5233 36.0935
v  -17.3920 -13.5179 35.2514
v  -16.4591 -12.5425 35.2499
v  -23.6772 -7.5427 34.4468
v  -22.3495 -6.9397 34.4339
v  -27.1828 -0.6472 34.2171
v  -25.6468 -0.4299 34.1865
v  -27.4004 6.5221 34.2172
v  -25.8994 6.3739 34.1640
v  -24.5611 13.5087 34.2209
v  -23.3041 12.9965 34.1640
v  -18.7686 18.7686 34.1640
v  -0.4577 -18.2588 34.4851
v  9.5227 -19.1618 35.3680
v  -8.9927 -16.4691 34.1633
v  -16.5548 -12.5068 33.4855
v  -22.4195 -6.9010 32.8298
v  -25.7148 -0.3644 32.6310
v  -25.9919 6.4835 32.6129
v  -23.4337 13.1436 32.6129
v  30.9684 -36.3561 32.2592
v  27.7906 -36.2735 35.2407
v  29.0358 -35.2035 35.0338
v  31.4168 -35.2973 33.3556
v  25.4104 -33.1369 38.4779
v  26.9200 -32.4611 37.0864
v  27.2632 -33.2024 33.9510
v  29.3751 -33.1108 32.0367
v  25.8643 -31.3197 36.1531
v  19.4440 -23.4393 28.5222
v  18.3092 -24.4049 31.8593
v  19.1117 -24.4987 36.7702
v  34.1162 -34.1162 31.4904
v  19.2423 -24.3785 38.5376
v  18.0713 -25.4523 38.7934
v  -23.0572 23.0572 25.6956
v  -1.4329 -18.4548 24.3821
v  7.9293 -17.9595 25.1704
v  -10.1344 -16.8756 24.3531
v  -17.9380 -12.8297 24.2580
v  -23.9677 -6.9660 24.1659
v  -27.4102 -0.0139 24.1380
v  -27.8021 7.3430 24.1355
v  -25.2680 14.4824 24.1355
v  10.5915 -17.3164 20.5458
v  -3.8851 -20.2133 5.1003
v  5.5677 -18.8393 5.0268
v  -13.9831 -18.6757 5.1030
v  -23.0179 -14.1548 5.1030
v  -29.9982 -7.3056 5.1030
v  -34.0602 1.0699 5.1030
v  -34.6810 10.0819 5.1030
v  -31.8903 18.8314 5.1030
v  -26.5900 26.5900 5.1030
v  9.0011 -17.7381 4.5975
v  -4.4582 -20.3744 -2.1415
v  5.1818 -18.8680 -2.1415
v  -14.7456 -18.9120 -2.1415
v  -23.9492 -14.3594 -2.1415
v  -31.0663 -7.3546 -2.1415
v  -35.2296 1.2881 -2.1415
v  -35.9118 10.6286 -2.1415
v  -33.1160 19.6929 -2.1415
v  8.7062 -17.7177 -2.1415
v  -5.5945 -19.0038 -27.6981
v  3.6555 -17.0996 -27.6981
v  -15.4187 -18.0104 -27.6981
v  -24.2324 -13.8264 -27.6981
v  -31.0839 -6.9938 -27.6981
v  -35.1615 1.6849 -27.6981
v  -35.9798 11.1906 -27.6981
v  -33.4716 20.3843 -27.6981
v  -28.5741 28.5741 -23.2462
v  7.0305 -15.8505 -27.6981
v  -6.0855 -13.3323 -33.1253
v  -13.9325 -12.6510 -33.1253
v  -20.8953 -9.3745 -33.1253
v  -26.3193 -3.9522 -33.1253
v  -29.5591 2.9726 -33.1253
v  -30.2317 10.5742 -33.1253
v  -28.2834 17.9079 -33.1253
v  -24.0204 24.0204 -33.1253
v  4.3068 -10.7507 -33.1253
v  0.9760 -11.9609 -33.1253
v  14.6922 -14.6922 4.1163
v  -27.7101 27.7101 -2.1415
v  20.2609 -9.9466 37.6571
v  19.0998 0.2332 36.6399
v  17.1359 9.0661 36.2304
v  13.0109 16.8983 35.3751
v  7.2316 22.9829 34.5478
v  0.5386 26.3856 34.2969
v  -6.4403 26.6259 34.2741
v  -13.2383 23.9104 34.2741
v  35.9085 -31.2898 32.9517
v  35.8194 -28.5225 35.2603
v  32.8579 -26.2691 37.8873
v  24.8822 -18.6854 38.7833
v  -19.1969 19.1969 34.2741
v  33.9874 -33.9874 32.3572
v  -0.2332 -19.0998 36.6399
v  9.9466 -20.2609 37.6571
v  -9.0661 -17.1359 36.2304
v  -16.8983 -13.0109 35.3751
v  -22.9829 -7.2316 34.5478
v  -26.3856 -0.5386 34.2969
v  -26.6259 6.4403 34.2741
v  -23.9104 13.2383 34.2741
v  28.5225 -35.8194 35.2603
v  31.2898 -35.9085 32.9517
v  26.2690 -32.8579 37.8873
v  18.6854 -24.8822 38.7833
v  25.5204 -16.9385 -9.1396
v  30.0681 -4.8736 -7.8640
v  30.2935 8.7288 -7.9791
v  26.2723 21.6698 -8.6356
v  18.6632 32.5195 -10.4304
v  8.2403 40.0595 -12.2877
v  -3.8857 43.3510 -13.0067
v  -16.3449 41.9843 -13.0067
v  23.7214 -4.1473 28.9811
v  27.9140 -4.3109 11.9292
v  30.6428 -4.0477 -27.2905
v  22.2273 5.7873 28.1674
v  27.0625 7.3556 11.3323
v  31.4297 9.6578 -27.2905
v  18.6515 15.6498 27.8974
v  23.0251 19.1075 11.3323
v  27.7071 22.8712 -27.9470
v  12.5313 23.7298 28.0036
v  15.8296 28.7093 11.8373
v  19.9640 34.0233 -29.7418
v  4.9058 28.8306 28.8340
v  6.5519 34.9216 12.8515
v  8.9928 41.8168 -31.5991
v  -3.0253 30.1842 30.1699
v  -3.4517 36.8987 14.1397
v  -3.9835 45.3211 -32.3181
v  -10.7625 28.2296 31.0033
v  -13.3638 34.9163 14.9185
v  -17.3843 44.1285 -32.3181
v  -29.2170 38.3985 -32.1060
v  29.0310 -14.6046 20.2361
v  33.2032 -29.5757 26.0173
v  33.3837 -23.9493 30.3247
v  30.7726 -20.9639 36.3880
v  -17.1642 43.1662 -37.4276
v  -4.0926 44.3096 -37.4276
v  8.5809 40.9138 -37.4276
v  19.3290 33.3875 -37.4276
v  26.8651 22.6291 -37.4276
v  30.2928 9.9235 -37.4276
v  29.1970 -3.1955 -37.4276
v  23.8354 -14.9142 -37.4276
v  -27.5268 35.8823 -38.3903
v  -16.5697 40.9424 -38.3903
v  -4.2948 42.0160 -38.3903
v  7.6069 38.8268 -38.3903
v  17.7004 31.7590 -38.3903
v  24.7714 21.6622 -38.3903
v  27.9705 9.7505 -38.3903
v  26.9113 -2.5387 -38.3903
v  19.9389 -4.9193 37.0689
v  18.7306 4.8613 36.4276
v  15.6398 13.3254 35.8469
v  10.5006 20.5399 34.9132
v  4.0705 25.4652 34.3652
v  -2.9352 27.3357 34.2741
v  -9.9978 25.9781 34.2741
v  -16.5475 22.0569 34.2741
v  18.6029 -4.6851 36.4749
v  17.5987 4.7823 35.8688
v  14.7093 12.8016 35.3201
v  9.8486 19.6324 34.4378
v  3.7244 24.2942 33.9199
v  -2.9843 26.0856 33.8338
v  -9.7611 24.8525 33.8338
v  -16.0085 21.2005 33.8338
v  36.4565 -29.5487 33.7883
v  35.1548 -27.3349 36.9462
v  35.0902 -29.8955 33.6583
v  34.0753 -28.1608 35.5996
v  27.8809 -25.9640 30.1085
v  29.0690 -24.0261 31.6796
v  28.8976 -23.2603 34.9695
v  35.3282 -32.3870 31.1500
v  36.5432 -28.8805 33.1642
v  35.1549 -26.4032 36.8508
v  28.4936 -23.5757 37.5255
v  29.4364 -21.7748 38.8283
v  29.2297 -22.5369 38.8510
v  20.5847 -4.9087 36.5398
v  19.3102 4.9587 35.8872
v  16.1234 13.6555 35.3268
v  10.8317 21.0473 34.4612
v  4.2268 26.0665 34.0034
v  -2.9351 27.9289 34.0056
v  -10.1358 26.4950 34.0601
v  -17.9311 23.9626 31.0667
v  25.3781 -12.4829 33.0208
v  22.9706 -14.0173 37.9632
v  18.1769 -3.9212 31.0306
v  17.6595 5.1270 30.7893
v  14.7973 13.1998 30.5309
v  9.8993 20.0409 30.1154
v  3.6705 24.7185 29.8715
v  -3.1995 26.5583 29.8310
v  -10.1528 25.3850 29.8310
v  21.3183 -14.7124 37.6953
v  21.6305 -14.6083 38.3617
v  20.9864 -13.7458 33.0437
v  20.1411 -13.4324 27.2946
v  18.8731 -2.1748 14.1298
v  18.9373 7.4857 14.1739
v  15.9453 16.4896 14.1739
v  10.5320 24.0713 14.1740
v  3.4117 29.2880 14.1740
v  -4.6251 31.4522 14.1740
v  -12.8150 30.3253 14.1739
v  -20.3030 26.3466 14.1739
v  17.6829 -7.8523 13.1745
v  19.9343 -1.1050 2.0794
v  20.1627 9.5386 2.0794
v  17.0165 19.4269 2.0794
v  11.1203 27.7403 2.0794
v  3.2008 33.4821 2.0794
v  -5.8603 35.9279 2.0794
v  -15.1307 34.7946 2.0794
v  -23.6200 30.4349 2.0794
v  18.5589 -7.4109 2.0794
v  19.2386 -0.2909 -14.8043
v  19.7794 10.1666 -14.8043
v  16.8862 19.8904 -14.8043
v  11.1003 28.0875 -14.8043
v  3.1187 33.7811 -14.8043
v  -6.1429 36.2772 -14.8043
v  -15.6538 35.2846 -14.8043
v  -24.2840 31.0690 -14.8043
v  17.6852 -6.4926 -14.8043
v  16.3279 1.0650 -32.6120
v  17.1670 10.6374 -32.6120
v  14.7466 19.4336 -32.6120
v  9.5194 26.8776 -32.6120
v  2.1041 32.0810 -32.6120
v  -6.6205 34.4296 -32.6120
v  -15.6116 33.6469 -32.6120
v  -23.6900 29.9021 -32.6120
v  14.6958 -4.6511 -32.6120
v  -27.4324 36.2559 -12.7946
v  25.3983 -16.2649 -27.2905
v  -16.8242 22.4681 34.0643
v  -22.4485 29.8888 14.9778
v  28.1839 -22.0107 10.3765
v  -28.8462 37.7677 -37.4276
v  21.8623 -13.5068 -38.3903
v  35.3369 -32.6871 32.0660
v  34.2566 -32.2809 32.6043
v  -16.5272 21.7619 29.8310
v  18.6541 -15.8245 24.0079
v  16.0699 -11.6854 10.9057
v  16.7781 -11.8051 2.0794
v  15.8249 -10.8342 -14.8043
v  12.9557 -8.4820 -32.6120
v  16.9385 -25.5204 -9.1396
v  4.8736 -30.0681 -7.8640
v  -8.7288 -30.2935 -7.9791
v  -21.6698 -26.2723 -8.6356
v  -32.5196 -18.6632 -10.4304
v  -40.0595 -8.2403 -12.2877
v  -43.3510 3.8856 -13.0067
v  -41.9843 16.3449 -13.0067
v  4.1473 -23.7214 28.9811
v  4.3109 -27.9140 11.9292
v  4.0477 -30.6428 -27.2905
v  -5.7873 -22.2273 28.1674
v  -7.3556 -27.0625 11.3323
v  -9.6578 -31.4297 -27.2905
v  -15.6498 -18.6515 27.8974
v  -19.1075 -23.0251 11.3323
v  -22.8712 -27.7071 -27.9470
v  -23.7298 -12.5313 28.0036
v  -28.7093 -15.8296 11.8373
v  -34.0233 -19.9640 -29.7418
v  -28.8306 -4.9058 28.8340
v  -34.9216 -6.5519 12.8515
v  -41.8168 -8.9928 -31.5991
v  -30.1842 3.0253 30.1699
v  -36.8987 3.4517 14.1397
v  -45.3211 3.9835 -32.3181
v  -28.2296 10.7625 31.0033
v  -34.9163 13.3638 14.9185
v  -44.1285 17.3843 -32.3181
v  -38.3985 29.2170 -32.1060
v  14.6046 -29.0310 20.2361
v  29.5756 -33.2032 26.0173
v  23.9493 -33.3837 30.3247
v  20.9639 -30.7726 36.3879
v  -43.1663 17.1642 -37.4276
v  -44.3096 4.0926 -37.4276
v  -40.9138 -8.5809 -37.4276
v  -33.3875 -19.3290 -37.4276
v  -22.6291 -26.8651 -37.4276
v  -9.9235 -30.2928 -37.4276
v  3.1955 -29.1970 -37.4276
v  14.9142 -23.8354 -37.4276
v  -35.8823 27.5268 -38.3903
v  -40.9424 16.5697 -38.3903
v  -42.0160 4.2948 -38.3903
v  -38.8268 -7.6069 -38.3903
v  -31.7590 -17.7004 -38.3903
v  -21.6622 -24.7714 -38.3903
v  -9.7505 -27.9705 -38.3903
v  2.5387 -26.9113 -38.3903
v  4.9193 -19.9389 37.0689
v  -4.8613 -18.7306 36.4276
v  -13.3254 -15.6398 35.8469
v  -20.5400 -10.5006 34.9133
v  -25.4652 -4.0705 34.3652
v  -27.3357 2.9352 34.2741
v  -25.9781 9.9978 34.2741
v  -22.0569 16.5475 34.2741
v  4.6851 -18.6029 36.4749
v  -4.7823 -17.5987 35.8688
v  -12.8016 -14.7093 35.3201
v  -19.6324 -9.8486 34.4378
v  -24.2942 -3.7244 33.9199
v  -26.0856 2.9843 33.8338
v  -24.8525 9.7611 33.8338
v  -21.2005 16.0085 33.8338
v  29.5487 -36.4566 33.7883
v  27.3349 -35.1548 36.9462
v  29.8955 -35.0902 33.6583
v  28.1608 -34.0753 35.5996
v  25.9640 -27.8809 30.1085
v  24.0261 -29.0690 31.6796
v  23.2603 -28.8976 34.9695
v  32.3870 -35.3282 31.1500
v  28.8805 -36.5432 33.1642
v  26.4032 -35.1549 36.8508
v  23.5757 -28.4936 37.5255
v  21.7748 -29.4364 38.8283
v  22.5369 -29.2297 38.8510
v  4.9087 -20.5847 36.5398
v  -4.9587 -19.3102 35.8872
v  -13.6555 -16.1234 35.3268
v  -21.0473 -10.8317 34.4612
v  -26.0665 -4.2268 34.0034
v  -27.9289 2.9351 34.0056
v  -26.4950 10.1358 34.0601
v  -23.9626 17.9311 31.0667
v  12.4829 -25.3781 33.0208
v  14.0173 -22.9706 37.9632
v  3.9212 -18.1769 31.0306
v  -5.1270 -17.6595 30.7893
v  -13.1998 -14.7973 30.5309
v  -20.0409 -9.8993 30.1154
v  -24.7185 -3.6705 29.8715
v  -26.5583 3.1995 29.8310
v  -25.3850 10.1528 29.8310
v  14.7124 -21.3183 37.6953
v  14.6083 -21.6305 38.3617
v  13.7458 -20.9864 33.0437
v  13.4324 -20.1411 27.2946
v  2.1748 -18.8731 14.1298
v  -7.4857 -18.9373 14.1740
v  -16.4896 -15.9453 14.1740
v  -24.0713 -10.5320 14.1739
v  -29.2880 -3.4117 14.1740
v  -31.4522 4.6251 14.1740
v  -30.3253 12.8150 14.1740
v  -26.3466 20.3030 14.1740
v  7.8523 -17.6829 13.1745
v  1.1050 -19.9343 2.0794
v  -9.5387 -20.1627 2.0794
v  -19.4269 -17.0165 2.0794
v  -27.7403 -11.1203 2.0794
v  -33.4821 -3.2008 2.0794
v  -35.9279 5.8603 2.0794
v  -34.7946 15.1307 2.0794
v  -30.4349 23.6200 2.0794
v  7.4109 -18.5589 2.0794
v  0.2909 -19.2386 -14.8043
v  -10.1666 -19.7794 -14.8043
v  -19.8904 -16.8862 -14.8043
v  -28.0875 -11.1003 -14.8043
v  -33.7811 -3.1187 -14.8043
v  -36.2772 6.1429 -14.8043
v  -35.2846 15.6538 -14.8043
v  -31.0690 24.2840 -14.8043
v  6.4926 -17.6852 -14.8043
v  -6.8392 6.8392 -33.5359
v  -1.0650 -16.3279 -32.6120
v  -10.6374 -17.1670 -32.6120
v  -19.4336 -14.7466 -32.6120
v  -26.8776 -9.5194 -32.6120
v  -32.0810 -2.1041 -32.6120
v  -34.4296 6.6205 -32.6120
v  -33.6469 15.6116 -32.6120
v  -29.9021 23.6900 -32.6120
v  4.6511 -14.6958 -32.6120
v  -36.2559 27.4324 -12.7946
v  16.2649 -25.3983 -27.2905
v  -22.4681 16.8242 34.0643
v  -29.8888 22.4485 14.9778
v  22.0107 -28.1839 10.3765
v  -37.7677 28.8462 -37.4276
v  13.5068 -21.8623 -38.3903
v  -7.0307 7.0307 -38.8717
v  32.6871 -35.3369 32.0660
v  32.2809 -34.2566 32.6044
v  -21.7619 16.5272 29.8310
v  15.8245 -18.6541 24.0079
v  11.6854 -16.0699 10.9057
v  11.8051 -16.7781 2.0794
v  10.8342 -15.8249 -14.8043
v  8.4820 -12.9557 -32.6120
v  19.0889 -4.8213 37.0689
v  17.9704 4.7827 36.4276
v  15.0121 12.9458 35.8469
v  10.0617 19.9036 34.9132
v  3.8438 24.6520 34.3652
v  -2.9514 26.4659 34.2741
v  -9.8099 25.1867 34.2741
v  -16.1482 21.4427 34.2741
v  35.8304 -30.0562 34.1142
v  34.6990 -28.1405 36.3967
v  28.7784 -23.3387 38.3703
v  22.3877 -14.2983 38.3323
v  34.9109 -32.7071 32.8724
v  4.8213 -19.0889 37.0689
v  -4.7827 -17.9704 36.4276
v  -12.9458 -15.0121 35.8469
v  -19.9036 -10.0617 34.9132
v  -24.6520 -3.8438 34.3652
v  -26.4659 2.9514 34.2741
v  -25.1867 9.8099 34.2741
v  -21.4428 16.1482 34.2741
v  30.0562 -35.8305 34.1142
v  28.1405 -34.6991 36.3967
v  23.3387 -28.7784 38.3703
v  14.2983 -22.3877 38.3323
v  32.7071 -34.9109 32.8724
v  24.7204 -15.6047 -34.6526
v  28.5494 -10.4838 -27.2905
v  30.1300 -3.5730 -34.6526
v  31.6219 2.7605 -27.2905
v  20.3128 -4.9411 36.9366
v  31.1568 9.9009 -34.6526
v  30.1102 16.4321 -27.4546
v  19.0656 4.9053 36.2925
v  27.5979 22.9322 -34.8167
v  24.2988 28.7951 -28.7239
v  15.9176 13.5028 35.7169
v  19.8940 33.9542 -35.2654
v  14.8221 38.4118 -30.7753
v  10.6931 20.8259 34.8002
v  8.9269 41.6615 -35.7298
v  2.6622 44.1494 -32.1383
v  4.1663 25.8188 34.2748
v  -4.0149 45.1358 -35.9095
v  -10.7354 45.3185 -32.3181
v  -2.9311 27.7014 34.2070
v  -17.3677 43.9626 -35.9095
v  -23.6412 41.8041 -32.2650
v  -10.0793 26.3052 34.2206
v  28.3031 -11.2772 -8.1254
v  30.7524 1.9143 -7.9503
v  27.8523 1.3386 11.4815
v  23.1396 0.7189 28.3950
v  28.7729 15.3779 -8.1432
v  25.4761 13.3939 11.3323
v  20.7945 10.8377 28.0757
v  22.8748 27.4389 -9.4125
v  19.7845 24.2836 11.4585
v  15.8724 20.0162 27.8131
v  13.7483 36.7728 -11.4639
v  11.3541 32.2876 12.3433
v  8.8139 26.6985 28.3751
v  2.3066 42.2841 -12.8269
v  1.5682 36.4968 13.4282
v  0.9213 30.0259 29.4192
v  -10.1612 43.2533 -13.0067
v  -8.4486 36.3107 14.7238
v  -6.9234 29.5155 30.7950
v  -22.1856 39.6249 -12.9537
v  -18.0721 32.7606 14.9334
v  -14.4595 26.3656 31.0192
v  26.2275 -3.8373 21.2034
v  29.0908 -4.8843 1.9697
v  30.6505 -4.5158 -17.6060
v  24.7949 6.5647 20.3689
v  28.9290 8.0977 1.6766
v  31.1343 9.2488 -17.6348
v  20.9240 17.4411 20.3014
v  24.8445 20.5500 1.5125
v  27.2470 22.4494 -18.6195
v  14.1498 26.2213 20.9592
v  17.3933 30.9050 1.1900
v  19.5500 33.5575 -21.3117
v  5.6353 31.6381 22.4346
v  7.4790 37.9669 0.9793
v  8.7676 41.3070 -24.0977
v  -3.1729 32.9114 24.3788
v  -3.7323 40.8205 1.1216
v  -3.9550 44.7609 -25.1761
v  -11.7042 30.7080 25.5607
v  -15.1183 39.2199 1.3163
v  -17.0860 43.5177 -25.1761
v  -28.6266 37.7072 -24.8581
v  28.0420 -9.6172 14.3043
v  24.3438 -8.6138 30.3738
v  35.4412 -32.6071 31.6354
v  36.6347 -29.2547 33.5508
v  35.2688 -26.9005 37.0597
v  29.5442 -18.2211 13.6729
v  27.3928 -12.3092 27.5307
v  33.9664 -27.0734 27.3048
v  32.1030 -21.4854 33.7835
v  29.7609 -21.3914 38.0867
v  30.9967 -26.4238 19.7971
v  30.8289 -19.3547 26.6133
v  27.3468 -16.3884 35.4998
v  -14.0362 31.9083 -38.7514
v  -5.0294 32.6962 -38.7514
v  3.7036 30.3562 -38.7514
v  11.1096 25.1703 -38.7514
v  16.2963 17.7634 -38.7514
v  18.6388 9.0279 -38.7514
v  17.8545 0.0176 -38.7514
v  14.1467 -8.0216 -38.7514
v  -23.3022 40.9545 -37.4276
v  -10.6788 44.3142 -37.4276
v  2.3941 43.1702 -37.4276
v  14.2863 37.6248 -37.4276
v  23.5686 28.3422 -37.4276
v  29.1345 16.4292 -37.4276
v  30.3203 3.3145 -37.4276
v  27.0073 -9.3554 -37.4276
v  -22.3303 38.8679 -38.3903
v  -10.4796 42.0203 -38.3903
v  1.7967 40.9459 -38.3903
v  12.9651 35.7379 -38.3903
v  21.6801 27.0228 -38.3903
v  26.8946 15.8479 -38.3903
v  27.9818 3.5588 -38.3903
v  24.8434 -8.3060 -38.3903
v  -28.1868 36.8253 -37.9089
v  -16.8670 42.0545 -37.9089
v  -4.1936 43.1628 -37.9089
v  8.0943 39.8701 -37.9089
v  18.5156 32.5727 -37.9089
v  25.8194 22.1448 -37.9089
v  29.1325 9.8364 -37.9089
v  28.0541 -2.8669 -37.9089
v  19.8370 -9.9439 37.6608
v  19.5031 0.2110 36.6399
v  17.4875 9.1825 36.2304
v  13.2799 17.1559 35.3751
v  7.3985 23.3517 34.5478
v  0.5986 26.8150 34.2969
v  -6.4832 27.0494 34.2741
v  -13.3841 24.2660 34.2741
v  18.7549 -4.7628 36.9204
v  17.6874 4.7629 36.2879
v  14.7795 12.8148 35.7152
v  9.8987 19.6767 34.7944
v  3.7573 24.3592 34.2539
v  -2.9637 26.1534 34.1640
v  -9.7507 24.9053 34.1640
v  18.7193 -8.7915 31.6313
v  18.2828 0.3262 36.0695
v  16.4434 8.8764 35.6825
v  12.4825 16.4297 34.8743
v  6.8988 22.2929 34.0924
v  0.4039 25.5779 33.8553
v  -6.3895 25.8371 33.8338
v  -13.0003 23.2632 33.8338
v  18.1685 -3.1463 24.3802
v  18.0051 5.8696 24.3751
v  15.1227 14.1985 24.3105
v  10.0797 21.2292 24.2066
v  3.5818 26.0486 24.1456
v  -3.6511 27.9909 24.1355
v  -10.9916 26.8556 24.1355
v  36.1953 -31.1561 32.6274
v  36.1124 -28.1724 35.3080
v  33.0413 -25.8513 38.2711
v  34.6408 -32.6055 33.0070
v  35.4889 -30.1429 34.0817
v  34.4292 -28.3470 36.0600
v  34.8974 -31.1291 32.9459
v  34.8208 -28.8246 34.5926
v  32.1880 -26.7845 36.6028
v  22.6070 -20.4887 27.6711
v  24.0401 -18.6502 29.9034
v  24.5289 -18.6226 34.4342
v  28.6261 -24.9693 30.6176
v  29.1720 -23.3759 33.1713
v  28.5650 -23.4149 36.5843
v  32.4420 -30.4836 31.6448
v  33.3713 -28.2209 32.8542
v  32.5829 -26.7444 35.1809
v  36.2648 -30.6727 31.8030
v  36.1707 -27.3455 34.9435
v  33.0565 -24.9230 38.3308
v  34.6861 -31.5391 29.6104
v  35.6401 -27.4405 32.2238
v  33.9454 -24.7789 36.5501
v  28.5943 -23.5984 38.0389
v  24.4007 -19.2974 38.0092
v  25.6294 -17.8442 38.6151
v  29.3942 -22.1459 38.9655
v  25.1889 -18.3624 38.8250
v  20.1155 0.2249 36.1005
v  18.0268 9.3999 35.6969
v  13.6937 17.5849 34.8804
v  7.6414 23.9165 34.1440
v  0.6730 27.4272 33.9778
v  -6.5529 27.6065 34.0465
v  -13.5907 24.7353 34.0612
v  21.3318 -9.8525 37.1718
v  21.4793 -4.6885 34.3856
v  20.1392 5.1949 33.6871
v  16.8403 14.2243 33.2094
v  11.3125 21.8125 32.6208
v  4.4180 26.8549 32.5301
v  -2.9617 28.5719 32.9124
v  -10.3145 26.9893 33.1889
v  -17.1395 22.8938 33.2099
v  23.6746 -13.5706 36.5504
v  22.7227 -14.1506 38.2327
v  19.3509 -9.8364 37.0339
v  18.2076 0.7549 30.8727
v  16.5251 9.2553 30.7016
v  12.5604 16.8364 30.3209
v  6.9055 22.7045 29.9528
v  0.2753 26.0230 29.8411
v  -6.6950 26.3403 29.8310
v  -13.4659 23.8172 29.8310
v  18.4659 -4.4505 34.8168
v  17.6181 4.8880 34.3196
v  14.7368 12.9240 33.8594
v  9.8644 19.7580 33.1195
v  3.7079 24.4247 32.6852
v  -3.0505 26.2310 32.6129
v  -9.8816 25.0164 32.6129
v  21.2685 -14.4453 36.1919
v  21.3631 -14.7118 38.2024
v  20.5759 -13.2096 29.6211
v  17.8595 -9.4680 22.2520
v  19.5459 -14.3316 25.5838
v  16.3619 -12.6603 18.5944
v  19.3260 2.7065 14.1629
v  17.7845 12.1007 14.1739
v  13.5008 20.5229 14.1740
v  7.1365 27.0285 14.1740
v  -0.5422 30.7844 14.1740
v  -8.7462 31.2972 14.1740
v  -16.7084 28.6404 14.1739
v  18.1387 -6.0604 13.8689
v  17.1214 -9.1831 12.1516
v  19.6690 -1.3724 5.0920
v  19.8564 9.0254 5.1030
v  16.7487 18.6926 5.1030
v  10.9732 26.8231 5.1030
v  3.2535 32.4336 5.1030
v  -5.5515 34.8090 5.1030
v  -14.5518 33.6772 5.1030
v  18.3399 -7.5213 4.8532
v  16.6010 -11.7752 4.2860
v  20.5091 4.2780 2.0794
v  18.9727 14.6105 2.0794
v  14.3728 23.8496 2.0794
v  7.3620 30.9881 2.0794
v  -1.2458 35.1521 2.0794
v  -10.5271 35.8090 2.0794
v  -19.5391 32.9736 2.0794
v  19.0728 -5.4035 2.0794
v  17.9436 -8.9404 2.0794
v  19.7604 -0.9014 -2.1415
v  20.0669 9.6956 -2.1415
v  16.9839 19.5428 -2.1415
v  11.1153 27.8271 -2.1415
v  3.1802 33.5569 -2.1415
v  -5.9309 36.0152 -2.1415
v  -15.2615 34.9171 -2.1415
v  18.3404 -7.1814 -2.1415
v  16.5398 -11.5624 -2.1415
v  19.9703 4.9989 -14.8043
v  18.7300 15.1508 -14.8043
v  14.3193 24.2482 -14.8043
v  7.3324 31.3009 -14.8043
v  -1.4149 35.4619 -14.8043
v  -10.9331 36.2203 -14.8043
v  -20.1543 33.5431 -14.8043
v  18.2537 -4.5168 -14.8043
v  17.0400 -8.0035 -14.8043
v  18.1630 0.4551 -27.6981
v  18.9346 10.5982 -27.6981
v  16.2862 20.0079 -27.6981
v  10.6951 27.9586 -27.6981
v  2.8240 33.5055 -27.6981
v  -6.4036 35.9899 -27.6981
v  -15.9047 35.1202 -27.6981
v  -24.4676 31.0943 -27.6981
v  16.5010 -5.5731 -27.6981
v  9.4286 2.7794 -33.3049
v  10.0509 9.6092 -33.3049
v  8.3455 15.8249 -33.3049
v  4.6493 21.0894 -33.3049
v  -0.5980 24.7710 -33.3049
v  -6.7727 26.4335 -33.3049
v  -13.1359 25.8811 -33.3049
v  -18.8483 23.2359 -33.3049
v  8.2541 -1.3170 -33.3049
v  15.2755 -2.8452 -32.6120
v  17.1820 5.9392 -32.6120
v  16.3371 15.1415 -32.6120
v  12.4545 23.3877 -32.6120
v  6.0373 29.8074 -32.6120
v  -2.1565 33.6408 -32.6120
v  -11.1512 34.4355 -32.6120
v  -19.8439 32.1178 -32.6120
v  14.0891 -5.9858 -32.6120
v  -29.2685 38.3964 -35.8565
v  -16.7165 22.3132 34.2216
v  25.7161 -16.7559 -17.9249
v  -19.5754 26.1393 25.6506
v  -25.4383 33.7485 1.3841
v  25.9600 -18.2208 -0.0129
v  -22.0726 28.1978 -38.7514
v  22.8479 -14.2095 -37.9089
v  -16.0135 21.2286 34.1640
v  -17.7006 23.1563 24.1355
v  -16.1682 21.3733 32.6129
v  -22.7908 29.4128 5.1030
v  -23.7860 30.5934 -2.1415
v  14.6310 -9.7606 -27.6981
v  7.0490 -3.9611 -33.3049
v  21.7291 -21.7291 -9.8349
v  -34.1300 34.1300 -32.0000
v  31.5782 -31.5782 25.8065
v  -19.4508 19.4508 34.2741
v  -32.1131 32.1131 -12.6886
v  -19.7967 19.7967 34.0663
v  18.0545 -18.0545 -38.3903
v  33.8789 -33.8789 32.7793
v  33.3302 -33.3302 32.5263
v  26.9535 -26.9535 29.9922
v  -21.1185 21.1185 31.0984
v  -19.3036 19.3036 29.8310
v  17.4267 -17.4267 23.2538
v  -23.7484 23.7484 14.1739
v  14.3256 -14.3256 10.2269
v  -27.5373 27.5373 2.0794
v  -28.2285 28.2285 -14.8043
v  13.8272 -13.8272 -14.8043
v  11.1390 -11.1390 -32.6120
v  11.2772 -28.3031 -8.1254
v  18.2208 -25.9600 -0.0129
v  16.7559 -25.7161 -17.9249
v  -1.9143 -30.7525 -7.9503
v  4.8843 -29.0908 1.9697
v  4.5158 -30.6505 -17.6060
v  -15.3779 -28.7729 -8.1432
v  -8.0977 -28.9290 1.6766
v  -9.2488 -31.1343 -17.6348
v  -27.4389 -22.8748 -9.4125
v  -20.5500 -24.8445 1.5125
v  -22.4494 -27.2470 -18.6195
v  -36.7728 -13.7483 -11.4639
v  -30.9050 -17.3933 1.1900
v  -33.5575 -19.5500 -21.3117
v  -42.2841 -2.3066 -12.8269
v  -37.9669 -7.4790 0.9793
v  -41.3070 -8.7676 -24.0977
v  -43.2533 10.1612 -13.0067
v  -40.8205 3.7323 1.1216
v  -44.7609 3.9550 -25.1761
v  -39.6249 22.1856 -12.9537
v  -39.2199 15.1183 1.3163
v  -43.5177 17.0860 -25.1761
v  -0.7189 -23.1396 28.3950
v  4.6885 -21.4793 34.3856
v  8.6138 -24.3438 30.3737
v  3.8373 -26.2275 21.2034
v  -1.3386 -27.8523 11.4815
v  9.6172 -28.0420 14.3043
v  10.4838 -28.5494 -27.2905
v  3.5730 -30.1300 -34.6526
v  -2.7605 -31.6219 -27.2905
v  -10.8377 -20.7945 28.0757
v  -5.1949 -20.1392 33.6871
v  -6.5647 -24.7949 20.3689
v  -13.3939 -25.4762 11.3323
v  -9.9009 -31.1568 -34.6526
v  -16.4321 -30.1102 -27.4546
v  -20.0162 -15.8724 27.8131
v  -14.2243 -16.8403 33.2094
v  -17.4411 -20.9241 20.3014
v  -24.2836 -19.7845 11.4586
v  -22.9322 -27.5979 -34.8167
v  -28.7951 -24.2988 -28.7239
v  -26.6985 -8.8139 28.3751
v  -21.8125 -11.3125 32.6208
v  -26.2213 -14.1498 20.9592
v  -32.2876 -11.3542 12.3434
v  -33.9542 -19.8940 -35.2654
v  -38.4118 -14.8221 -30.7753
v  -30.0259 -0.9213 29.4192
v  -26.8549 -4.4181 32.5301
v  -31.6381 -5.6353 22.4346
v  -36.4968 -1.5682 13.4282
v  -41.6615 -8.9269 -35.7298
v  -44.1494 -2.6622 -32.1383
v  -29.5155 6.9234 30.7950
v  -28.5719 2.9617 32.9124
v  -32.9114 3.1729 24.3788
v  -36.3108 8.4486 14.7238
v  -45.1358 4.0149 -35.9095
v  -45.3185 10.7354 -32.3181
v  -26.3656 14.4595 31.0192
v  -26.9893 10.3145 33.1889
v  -30.7080 11.7042 25.5607
v  -32.7606 18.0721 14.9334
v  -43.9626 17.3677 -35.9095
v  -41.8041 23.6412 -32.2650
v  -38.3964 29.2685 -35.8565
v  -37.7072 28.6266 -24.8581
v  12.3092 -27.3929 27.5307
v  19.3547 -30.8290 26.6133
v  18.2211 -29.5442 13.6729
v  27.0734 -33.9664 27.3048
v  31.5391 -34.6861 29.6104
v  26.4238 -30.9967 19.7971
v  21.4854 -32.1031 33.7835
v  27.4404 -35.6401 32.2238
v  21.3914 -29.7609 38.0867
v  24.7789 -33.9454 36.5500
v  16.3884 -27.3468 35.4998
v  -44.3142 10.6788 -37.4276
v  -42.0545 16.8670 -37.9089
v  -40.9545 23.3022 -37.4276
v  -43.1702 -2.3941 -37.4276
v  -43.1628 4.1936 -37.9089
v  -37.6248 -14.2863 -37.4276
v  -39.8701 -8.0943 -37.9089
v  -28.3422 -23.5687 -37.4276
v  -32.5727 -18.5156 -37.9089
v  -16.4292 -29.1345 -37.4276
v  -22.1448 -25.8194 -37.9089
v  -3.3145 -30.3203 -37.4276
v  -9.8364 -29.1325 -37.9089
v  9.3554 -27.0073 -37.4276
v  2.8669 -28.0541 -37.9089
v  15.6047 -24.7204 -34.6526
v  19.7736 -19.7736 -37.4276
v  14.2095 -22.8479 -37.9089
v  -38.8679 22.3303 -38.3903
v  -28.1978 22.0726 -38.7514
v  -32.0729 32.0729 -38.3903
v  -36.8253 28.1868 -37.9089
v  -42.0203 10.4796 -38.3903
v  -31.9083 14.0362 -38.7514
v  -40.9459 -1.7967 -38.3903
v  -32.6962 5.0294 -38.7514
v  -35.7379 -12.9651 -38.3903
v  -30.3562 -3.7036 -38.7514
v  -27.0228 -21.6801 -38.3903
v  -25.1703 -11.1097 -38.7514
v  -15.8479 -26.8946 -38.3903
v  -17.7634 -16.2963 -38.7514
v  -3.5588 -27.9818 -38.3903
v  -9.0279 -18.6388 -38.7514
v  8.3060 -24.8434 -38.3903
v  -0.0176 -17.8545 -38.7514
v  4.9411 -20.3128 36.9366
v  -0.2555 -18.6965 36.6399
v  4.7628 -18.7549 36.9204
v  9.9492 -20.6848 37.6534
v  -4.9053 -19.0656 36.2925
v  -8.9496 -16.7843 36.2304
v  -4.7629 -17.6874 36.2879
v  -13.5029 -15.9176 35.7169
v  -16.6406 -12.7419 35.3751
v  -12.8148 -14.7795 35.7152
v  -20.8259 -10.6931 34.8002
v  -22.6142 -7.0646 34.5478
v  -19.6767 -9.8987 34.7944
v  -25.8188 -4.1663 34.2748
v  -25.9561 -0.4786 34.2969
v  -24.3592 -3.7573 34.2539
v  -27.7015 2.9311 34.2070
v  -26.2025 6.3973 34.2741
v  -26.1534 2.9637 34.1640
v  -26.3052 10.0793 34.2206
v  -23.5548 13.0924 34.2741
v  -24.9053 9.7507 34.1640
v  -22.3133 16.7165 34.2216
v  -21.2287 16.0135 34.1640
v  -0.3262 -18.2828 36.0695
v  4.4505 -18.4659 34.8168
v  9.8364 -19.3509 37.0339
v  -8.8764 -16.4434 35.6825
v  -4.8880 -17.6181 34.3196
v  -16.4297 -12.4825 34.8743
v  -12.9240 -14.7369 33.8594
v  -22.2929 -6.8988 34.0924
v  -19.7581 -9.8644 33.1195
v  -25.5779 -0.4039 33.8553
v  -24.4247 -3.7079 32.6852
v  -25.8371 6.3895 33.8338
v  -26.2310 3.0505 32.6129
v  -23.2632 13.0003 33.8338
v  -25.0164 9.8816 32.6129
v  -18.7528 18.7528 33.8338
v  -21.3733 16.1682 32.6129
v  29.2547 -36.6347 33.5508
v  28.8727 -35.5264 35.2127
v  30.1429 -35.4889 34.0817
v  31.4235 -35.6218 33.2759
v  26.9005 -35.2688 37.0597
v  26.6868 -32.6744 37.5035
v  28.3470 -34.4292 36.0600
v  28.8246 -34.8208 34.5926
v  28.2209 -33.3713 32.8542
v  31.1291 -34.8974 32.9459
v  26.7845 -32.1880 36.6028
v  26.7444 -32.5829 35.1809
v  24.9693 -28.6261 30.6176
v  20.4887 -22.6070 27.6711
v  30.4836 -32.4420 31.6448
v  23.3759 -29.1721 33.1713
v  18.6502 -24.0401 29.9034
v  23.4149 -28.5650 36.5843
v  18.6226 -24.5289 34.4342
v  30.6727 -36.2649 31.8030
v  32.6071 -35.4412 31.6354
v  33.9599 -33.9599 31.0005
v  27.3455 -36.1707 34.9435
v  24.9230 -33.0565 38.3308
v  23.5984 -28.5943 38.0389
v  19.2974 -24.4007 38.0092
v  17.8442 -25.6294 38.6151
v  22.1459 -29.3942 38.9655
v  19.0085 -24.5755 38.7415
v  -0.2249 -20.1155 36.1005
v  9.8525 -21.3318 37.1718
v  -9.3999 -18.0268 35.6969
v  -17.5850 -13.6937 34.8804
v  -23.9165 -7.6414 34.1440
v  -27.4272 -0.6730 33.9778
v  -27.6065 6.5529 34.0465
v  -24.7353 13.5907 34.0612
v  -26.1393 19.5754 25.6506
v  -22.8938 17.1395 33.2099
v  13.5706 -23.6746 36.5504
v  14.1506 -22.7227 38.2327
v  -0.7549 -18.2076 30.8727
v  3.1463 -18.1685 24.3802
v  8.7915 -18.7193 31.6313
v  -9.2553 -16.5252 30.7016
v  -5.8696 -18.0051 24.3751
v  -16.8364 -12.5605 30.3209
v  -14.1985 -15.1227 24.3105
v  -22.7046 -6.9055 29.9528
v  -21.2292 -10.0797 24.2066
v  -26.0230 -0.2753 29.8411
v  -26.0486 -3.5818 24.1456
v  -26.3403 6.6950 29.8310
v  -27.9909 3.6511 24.1355
v  -23.8172 13.4659 29.8310
v  -26.8556 10.9916 24.1355
v  14.4453 -21.2685 36.1919
v  14.7118 -21.3631 38.2024
v  13.2096 -20.5759 29.6211
v  9.4680 -17.8595 22.2520
v  14.3316 -19.5459 25.5838
v  -2.7065 -19.3260 14.1629
v  1.3724 -19.6690 5.0920
v  6.0604 -18.1387 13.8689
v  -12.1007 -17.7845 14.1740
v  -9.0254 -19.8564 5.1030
v  -20.5229 -13.5008 14.1740
v  -18.6926 -16.7487 5.1030
v  -27.0285 -7.1365 14.1740
v  -26.8231 -10.9732 5.1030
v  -30.7844 0.5422 14.1740
v  -32.4336 -3.2535 5.1030
v  -31.2972 8.7462 14.1740
v  -34.8090 5.5515 5.1030
v  -28.6404 16.7084 14.1740
v  -33.6772 14.5518 5.1030
v  -23.1563 17.7006 24.1355
v  -23.7484 23.7484 14.1739
v  -29.4128 22.7908 5.1030
v  7.5213 -18.3399 4.8532
v  9.1831 -17.1214 12.1516
v  -4.2780 -20.5091 2.0794
v  0.9014 -19.7604 -2.1415
v  5.4035 -19.0728 2.0794
v  -14.6105 -18.9727 2.0794
v  -9.6956 -20.0669 -2.1415
v  -23.8496 -14.3727 2.0794
v  -19.5428 -16.9839 -2.1415
v  -30.9881 -7.3620 2.0794
v  -27.8271 -11.1153 -2.1415
v  -35.1521 1.2458 2.0794
v  -33.5569 -3.1802 -2.1415
v  -35.8090 10.5271 2.0794
v  -36.0153 5.9309 -2.1415
v  -32.9736 19.5391 2.0794
v  -34.9171 15.2615 -2.1415
v  -27.5373 27.5373 2.0794
v  -30.5934 23.7860 -2.1415
v  7.1813 -18.3404 -2.1415
v  8.9404 -17.9436 2.0794
v  -4.9989 -19.9703 -14.8043
v  -0.4551 -18.1630 -27.6981
v  4.5167 -18.2537 -14.8043
v  -15.1508 -18.7300 -14.8043
v  -10.5982 -18.9346 -27.6981
v  -24.2482 -14.3193 -14.8043
v  -20.0079 -16.2862 -27.6981
v  -31.3009 -7.3324 -14.8043
v  -27.9586 -10.6951 -27.6981
v  -35.4619 1.4149 -14.8043
v  -33.5055 -2.8240 -27.6981
v  -36.2203 10.9331 -14.8043
v  -35.9899 6.4036 -27.6981
v  -33.5431 20.1543 -14.8043
v  -35.1202 15.9047 -27.6981
v  -28.2285 28.2285 -14.8043
v  -31.0943 24.4676 -27.6981
v  5.5731 -16.5010 -27.6981
v  8.0034 -17.0400 -14.8043
v  -9.6093 -10.0509 -33.3049
v  -15.8249 -8.3455 -33.3049
v  -21.0894 -4.6493 -33.3049
v  -24.7710 0.5980 -33.3049
v  -26.4335 6.7727 -33.3049
v  -25.8811 13.1359 -33.3049
v  -23.2359 18.8483 -33.3049
v  3.9611 -7.0490 -33.3049
v  1.3170 -8.2541 -33.3049
v  -2.7794 -9.4286 -33.3049
v  -5.9392 -17.1820 -32.6120
v  2.8452 -15.2755 -32.6120
v  -15.1415 -16.3371 -32.6120
v  -23.3877 -12.4545 -32.6120
v  -29.8074 -6.0373 -32.6120
v  -33.6408 2.1565 -32.6120
v  -34.4355 11.1512 -32.6120
v  -32.1178 19.8439 -32.6120
v  -27.0696 27.0696 -32.6120
v  5.9858 -14.0891 -32.6120
v  -33.7485 25.4383 1.3841
v  21.2751 -21.2751 -27.2905
v  -26.4138 26.4138 15.0074
v  25.4921 -25.4921 9.5450
v  -33.7001 33.7001 -37.4276
v  8.0216 -14.1467 -38.7514
v  32.6055 -34.6408 33.0070
v  12.6603 -16.3619 18.5944
v  11.7752 -16.6010 4.2860
v  11.5624 -16.5398 -2.1415
v  14.8145 -14.8145 2.0794
v  9.7606 -14.6310 -27.6981
v  20.6848 -9.9492 37.6534
v  18.6965 0.2555 36.6399
v  16.7843 8.9496 36.2304
v  12.7419 16.6406 35.3751
v  7.0646 22.6142 34.5478
v  0.4786 25.9561 34.2969
v  -6.3973 26.2025 34.2741
v  -13.0924 23.5548 34.2741
v  35.6218 -31.4235 33.2759
v  35.5264 -28.8727 35.2127
v  32.6744 -26.6868 37.5035
v  24.5755 -19.0085 38.7415
v  -18.9431 18.9431 34.2741
v  34.0959 -34.0959 31.9351
v  -0.2110 -19.5031 36.6399
v  9.9439 -19.8370 37.6608
v  -9.1825 -17.4875 36.2304
v  -17.1559 -13.2800 35.3751
v  -23.3517 -7.3985 34.5478
v  -26.8150 -0.5987 34.2969
v  -27.0494 6.4832 34.2741
v  -24.2660 13.3841 34.2741
v  28.1724 -36.1124 35.3080
v  31.1561 -36.1953 32.6274
v  25.8513 -33.0413 38.2711
v  18.3624 -25.1889 38.8250
v  19.5139 -4.8703 37.0689
v  18.3505 4.8220 36.4276
v  15.3259 13.1356 35.8469
v  10.2811 20.2218 34.9132
v  3.9571 25.0586 34.3652
v  -2.9433 26.9008 34.2741
v  -9.9038 25.5824 34.2741
v  -16.3479 21.7498 34.2741
v  36.1435 -29.8025 33.9513
v  34.9269 -27.7377 36.6714
v  29.0040 -22.9378 38.6106
v  22.0091 -14.4533 38.3470
v  35.1239 -32.6971 32.4692
v  4.8703 -19.5139 37.0689
v  -4.8220 -18.3505 36.4276
v  -13.1356 -15.3259 35.8469
v  -20.2218 -10.2811 34.9132
v  -25.0586 -3.9572 34.3652
v  -26.9008 2.9433 34.2741
v  -25.5824 9.9038 34.2741
v  -21.7498 16.3479 34.2741
v  29.8024 -36.1435 33.9513
v  27.7377 -34.9269 36.6714
v  22.9378 -29.0040 38.6106
v  14.4533 -22.0091 38.3470
v  32.6971 -35.1239 32.4692
# 1357 vertices

vn 0.8491 -0.5250 -0.0576
vn 0.8367 -0.5469 -0.0274
vn 0.9269 -0.3753 -0.0035
vn 0.9352 -0.3541 0.0069
vn 0.8867 -0.4031 -0.2264
vn 0.8491 -0.5250 -0.0576
vn 0.9352 -0.3541 0.0069
vn 0.9871 -0.1472 -0.0624
vn 0.8491 -0.5250 -0.0576
vn 0.8867 -0.4031 -0.2264
vn 0.6824 -0.6824 -0.2621
vn 0.7053 -0.7053 -0.0723
vn 0.8367 -0.5469 -0.0274
vn 0.8491 -0.5250 -0.0576
vn 0.7053 -0.7053 -0.0723
vn 0.7066 -0.7066 -0.0390
vn 0.9793 -0.1848 0.0820
vn 0.9788 -0.2034 0.0223
vn 0.9983 -0.0352 0.0475
vn 0.9940 -0.0159 0.1086
vn 0.9890 -0.0856 0.1203
vn 0.9793 -0.1848 0.0820
vn 0.9940 -0.0159 0.1086
vn 0.9867 0.0146 0.1619
vn 0.9793 -0.1848 0.0820
vn 0.9890 -0.0856 0.1203
vn 0.9871 -0.1472 -0.0624
vn 0.9352 -0.3541 0.0069
vn 0.9788 -0.2034 0.0223
vn 0.9793 -0.1848 0.0820
vn 0.9352 -0.3541 0.0069
vn 0.9269 -0.3753 -0.0035
vn 0.9804 0.1460 0.1325
vn 0.9891 0.1290 0.0709
vn 0.9535 0.2875 0.0900
vn 0.9419 0.3002 0.1507
vn 0.9679 0.1641 0.1904
vn 0.9804 0.1460 0.1325
vn 0.9419 0.3002 0.1507
vn 0.9287 0.3075 0.2071
vn 0.9804 0.1460 0.1325
vn 0.9679 0.1641 0.1904
vn 0.9867 0.0146 0.1619
vn 0.9940 -0.0159 0.1086
vn 0.9891 0.1290 0.0709
vn 0.9804 0.1460 0.1325
vn 0.9940 -0.0159 0.1086
vn 0.9983 -0.0352 0.0475
vn 0.8801 0.4465 0.1616
vn 0.8923 0.4398 0.1022
vn 0.8054 0.5827 0.1083
vn 0.7951 0.5834 0.1654
vn 0.8686 0.4450 0.2181
vn 0.8801 0.4465 0.1616
vn 0.7951 0.5834 0.1654
vn 0.7874 0.5743 0.2241
vn 0.8801 0.4465 0.1616
vn 0.8686 0.4450 0.2181
vn 0.9287 0.3075 0.2071
vn 0.9419 0.3002 0.1507
vn 0.8923 0.4398 0.1022
vn 0.8801 0.4465 0.1616
vn 0.9419 0.3002 0.1507
vn 0.9535 0.2875 0.0900
vn 0.6885 0.7067 0.1630
vn 0.6950 0.7108 0.1086
vn 0.5638 0.8191 0.1059
vn 0.5614 0.8124 0.1576
vn 0.6848 0.6925 0.2270
vn 0.6885 0.7067 0.1630
vn 0.5614 0.8124 0.1576
vn 0.5606 0.7960 0.2281
vn 0.6885 0.7067 0.1630
vn 0.6848 0.6925 0.2270
vn 0.7874 0.5743 0.2241
vn 0.7951 0.5834 0.1654
vn 0.6950 0.7108 0.1086
vn 0.6885 0.7067 0.1630
vn 0.7951 0.5834 0.1654
vn 0.8054 0.5827 0.1083
vn 0.4149 0.8970 0.1525
vn 0.4152 0.9039 0.1027
vn 0.2533 0.9620 0.1016
vn 0.2508 0.9561 0.1514
vn 0.4129 0.8813 0.2299
vn 0.4149 0.8970 0.1525
vn 0.2508 0.9561 0.1514
vn 0.2407 0.9413 0.2366
vn 0.4149 0.8970 0.1525
vn 0.4129 0.8813 0.2299
vn 0.5606 0.7960 0.2281
vn 0.5614 0.8124 0.1576
vn 0.4152 0.9039 0.1027
vn 0.4149 0.8970 0.1525
vn 0.5614 0.8124 0.1576
vn 0.5638 0.8191 0.1059
vn 0.0742 0.9846 0.1582
vn 0.0821 0.9911 0.1050
vn -0.0937 0.9891 0.1135
vn -0.1073 0.9793 0.1713
vn 0.0545 0.9662 0.2521
vn 0.0742 0.9846 0.1582
vn -0.1073 0.9793 0.1713
vn -0.1296 0.9537 0.2713
vn 0.0742 0.9846 0.1582
vn 0.0545 0.9662 0.2521
vn 0.2407 0.9413 0.2366
vn 0.2508 0.9561 0.1514
vn 0.0821 0.9911 0.1050
vn 0.0742 0.9846 0.1582
vn 0.2508 0.9561 0.1514
vn 0.2533 0.9620 0.1016
vn -0.2833 0.9406 0.1870
vn -0.2696 0.9547 0.1259
vn -0.4434 0.8853 0.1400
vn -0.4474 0.8716 0.2002
vn -0.2983 0.9101 0.2877
vn -0.2833 0.9406 0.1870
vn -0.4474 0.8716 0.2002
vn -0.4454 0.8437 0.2996
vn -0.2833 0.9406 0.1870
vn -0.2983 0.9101 0.2877
vn -0.1296 0.9537 0.2713
vn -0.1073 0.9793 0.1713
vn -0.2696 0.9547 0.1259
vn -0.2833 0.9406 0.1870
vn -0.1073 0.9793 0.1713
vn -0.0937 0.9891 0.1135
vn 0.9059 0.1905 0.3783
vn 0.9537 0.1590 0.2553
vn 0.9431 0.1503 0.2966
vn 0.9134 0.1647 0.3724
vn 0.8906 0.1631 0.4245
vn 0.9059 0.1905 0.3783
vn 0.9134 0.1647 0.3724
vn 0.9042 0.1488 0.4005
vn 0.9059 0.1905 0.3783
vn 0.8906 0.1631 0.4245
vn 0.8271 0.3132 0.4667
vn 0.8529 0.3427 0.3937
vn 0.9537 0.1590 0.2553
vn 0.9059 0.1905 0.3783
vn 0.8529 0.3427 0.3937
vn 0.9388 0.2660 0.2189
vn 0.9863 0.0536 0.1559
vn 0.9890 -0.0856 0.1203
vn 0.9867 0.0146 0.1619
vn 0.9727 0.0791 0.2180
vn 0.9537 0.1590 0.2553
vn 0.9863 0.0536 0.1559
vn 0.9727 0.0791 0.2180
vn 0.9431 0.1503 0.2966
vn 0.9863 0.0536 0.1559
vn 0.9537 0.1590 0.2553
vn 0.9388 0.2660 0.2189
vn 0.9899 0.1324 0.0510
vn 0.9890 -0.0856 0.1203
vn 0.9863 0.0536 0.1559
vn 0.9899 0.1324 0.0510
vn 0.9871 -0.1472 -0.0624
vn 0.9727 -0.2263 -0.0515
vn 0.9788 -0.2034 0.0223
vn 0.9269 -0.3753 -0.0035
vn 0.9156 -0.3943 -0.0789
vn 0.9433 -0.2392 -0.2300
vn 0.9727 -0.2263 -0.0515
vn 0.9156 -0.3943 -0.0789
vn 0.8816 -0.3973 -0.2549
vn 0.9727 -0.2263 -0.0515
vn 0.9433 -0.2392 -0.2300
vn 0.9763 -0.0743 -0.2033
vn 0.9981 -0.0574 -0.0235
vn 0.9788 -0.2034 0.0223
vn 0.9727 -0.2263 -0.0515
vn 0.9981 -0.0574 -0.0235
vn 0.9983 -0.0352 0.0475
vn 0.9009 0.2190 0.3746
vn 0.9250 0.2120 0.3155
vn 0.8892 0.3183 0.3288
vn 0.8639 0.3226 0.3868
vn 0.8917 0.2192 0.3960
vn 0.9009 0.2190 0.3746
vn 0.8639 0.3226 0.3868
vn 0.8512 0.3302 0.4080
vn 0.9009 0.2190 0.3746
vn 0.8917 0.2192 0.3960
vn 0.9042 0.1488 0.4005
vn 0.9134 0.1647 0.3724
vn 0.9250 0.2120 0.3155
vn 0.9009 0.2190 0.3746
vn 0.9134 0.1647 0.3724
vn 0.9431 0.1503 0.2966
vn 0.9500 0.1891 0.2483
vn 0.9679 0.1641 0.1904
vn 0.9287 0.3075 0.2071
vn 0.9123 0.3136 0.2635
vn 0.9250 0.2120 0.3155
vn 0.9500 0.1891 0.2483
vn 0.9123 0.3136 0.2635
vn 0.8892 0.3183 0.3288
vn 0.9500 0.1891 0.2483
vn 0.9250 0.2120 0.3155
vn 0.9431 0.1503 0.2966
vn 0.9727 0.0791 0.2180
vn 0.9679 0.1641 0.1904
vn 0.9500 0.1891 0.2483
vn 0.9727 0.0791 0.2180
vn 0.9867 0.0146 0.1619
vn 0.9939 0.1100 0.0013
vn 0.9891 0.1290 0.0709
vn 0.9983 -0.0352 0.0475
vn 0.9981 -0.0574 -0.0235
vn 0.9792 0.0937 -0.1797
vn 0.9939 0.1100 0.0013
vn 0.9981 -0.0574 -0.0235
vn 0.9763 -0.0743 -0.2033
vn 0.9939 0.1100 0.0013
vn 0.9792 0.0937 -0.1797
vn 0.9518 0.2583 -0.1652
vn 0.9620 0.2723 0.0196
vn 0.9891 0.1290 0.0709
vn 0.9939 0.1100 0.0013
vn 0.9620 0.2723 0.0196
vn 0.9535 0.2875 0.0900
vn 0.8017 0.4410 0.4035
vn 0.8288 0.4415 0.3437
vn 0.7498 0.5560 0.3586
vn 0.7246 0.5451 0.4217
vn 0.7860 0.4481 0.4259
vn 0.8017 0.4410 0.4035
vn 0.7246 0.5451 0.4217
vn 0.7075 0.5477 0.4466
vn 0.8017 0.4410 0.4035
vn 0.7860 0.4481 0.4259
vn 0.8512 0.3302 0.4080
vn 0.8639 0.3226 0.3868
vn 0.8288 0.4415 0.3437
vn 0.8017 0.4410 0.4035
vn 0.8639 0.3226 0.3868
vn 0.8892 0.3183 0.3288
vn 0.8525 0.4435 0.2768
vn 0.8686 0.4450 0.2181
vn 0.7874 0.5743 0.2241
vn 0.7720 0.5665 0.2882
vn 0.8288 0.4415 0.3437
vn 0.8525 0.4435 0.2768
vn 0.7720 0.5665 0.2882
vn 0.7498 0.5560 0.3586
vn 0.8525 0.4435 0.2768
vn 0.8288 0.4415 0.3437
vn 0.8892 0.3183 0.3288
vn 0.9123 0.3136 0.2635
vn 0.8686 0.4450 0.2181
vn 0.8525 0.4435 0.2768
vn 0.9123 0.3136 0.2635
vn 0.9287 0.3075 0.2071
vn 0.9033 0.4279 0.0297
vn 0.8923 0.4398 0.1022
vn 0.9535 0.2875 0.0900
vn 0.9620 0.2723 0.0196
vn 0.8948 0.4152 -0.1643
vn 0.9033 0.4279 0.0297
vn 0.9620 0.2723 0.0196
vn 0.9518 0.2583 -0.1652
vn 0.9033 0.4279 0.0297
vn 0.8948 0.4152 -0.1643
vn 0.8098 0.5599 -0.1755
vn 0.8184 0.5737 0.0333
vn 0.8923 0.4398 0.1022
vn 0.9033 0.4279 0.0297
vn 0.8184 0.5737 0.0333
vn 0.8054 0.5827 0.1083
vn 0.6329 0.6374 0.4396
vn 0.6523 0.6597 0.3733
vn 0.5350 0.7512 0.3867
vn 0.5231 0.7193 0.4571
vn 0.6166 0.6335 0.4674
vn 0.6329 0.6374 0.4396
vn 0.5231 0.7193 0.4571
vn 0.5097 0.7079 0.4890
vn 0.6329 0.6374 0.4396
vn 0.6166 0.6335 0.4674
vn 0.7075 0.5477 0.4466
vn 0.7246 0.5451 0.4217
vn 0.6523 0.6597 0.3733
vn 0.6329 0.6374 0.4396
vn 0.7246 0.5451 0.4217
vn 0.7498 0.5560 0.3586
vn 0.6705 0.6788 0.2994
vn 0.6848 0.6925 0.2270
vn 0.5606 0.7960 0.2281
vn 0.5481 0.7771 0.3095
vn 0.6523 0.6597 0.3733
vn 0.6705 0.6788 0.2994
vn 0.5481 0.7771 0.3095
vn 0.5350 0.7512 0.3867
vn 0.6705 0.6788 0.2994
vn 0.6523 0.6597 0.3733
vn 0.7498 0.5560 0.3586
vn 0.7720 0.5665 0.2882
vn 0.6848 0.6925 0.2270
vn 0.6705 0.6788 0.2994
vn 0.7720 0.5665 0.2882
vn 0.7874 0.5743 0.2241
vn 0.7087 0.7048 0.0307
vn 0.6950 0.7108 0.1086
vn 0.8054 0.5827 0.1083
vn 0.8184 0.5737 0.0333
vn 0.6988 0.6869 -0.1996
vn 0.7087 0.7048 0.0307
vn 0.8184 0.5737 0.0333
vn 0.8098 0.5599 -0.1755
vn 0.7087 0.7048 0.0307
vn 0.6988 0.6869 -0.1996
vn 0.5651 0.7919 -0.2313
vn 0.5764 0.8168 0.0243
vn 0.6950 0.7108 0.1086
vn 0.7087 0.7048 0.0307
vn 0.5764 0.8168 0.0243
vn 0.5638 0.8191 0.1059
vn 0.3869 0.7916 0.4729
vn 0.3893 0.8303 0.3987
vn 0.2068 0.8875 0.4117
vn 0.2154 0.8460 0.4878
vn 0.3789 0.7729 0.5090
vn 0.3869 0.7916 0.4729
vn 0.2154 0.8460 0.4878
vn 0.2141 0.8219 0.5279
vn 0.3869 0.7916 0.4729
vn 0.3789 0.7729 0.5090
vn 0.5097 0.7079 0.4890
vn 0.5231 0.7193 0.4571
vn 0.3893 0.8303 0.3987
vn 0.3869 0.7916 0.4729
vn 0.5231 0.7193 0.4571
vn 0.5350 0.7512 0.3867
vn 0.3989 0.8596 0.3194
vn 0.4129 0.8813 0.2299
vn 0.2407 0.9413 0.2366
vn 0.2176 0.9175 0.3330
vn 0.3893 0.8303 0.3987
vn 0.3989 0.8596 0.3194
vn 0.2176 0.9175 0.3330
vn 0.2068 0.8875 0.4117
vn 0.3989 0.8596 0.3194
vn 0.3893 0.8303 0.3987
vn 0.5350 0.7512 0.3867
vn 0.5481 0.7771 0.3095
vn 0.4129 0.8813 0.2299
vn 0.3989 0.8596 0.3194
vn 0.5481 0.7771 0.3095
vn 0.5606 0.7960 0.2281
vn 0.4252 0.9049 0.0175
vn 0.4152 0.9039 0.1027
vn 0.5638 0.8191 0.1059
vn 0.5764 0.8168 0.0243
vn 0.4142 0.8717 -0.2618
vn 0.4252 0.9049 0.0175
vn 0.5764 0.8168 0.0243
vn 0.5651 0.7919 -0.2313
vn 0.4252 0.9049 0.0175
vn 0.4142 0.8717 -0.2618
vn 0.2518 0.9250 -0.2846
vn 0.2601 0.9655 0.0126
vn 0.4152 0.9039 0.1027
vn 0.4252 0.9049 0.0175
vn 0.2601 0.9655 0.0126
vn 0.2533 0.9620 0.1016
vn 0.0226 0.8656 0.5002
vn 0.0087 0.9046 0.4262
vn -0.1720 0.8821 0.4386
vn -0.1629 0.8458 0.5081
vn 0.0272 0.8398 0.5422
vn 0.0226 0.8656 0.5002
vn -0.1629 0.8458 0.5081
vn -0.1567 0.8207 0.5494
vn 0.0226 0.8656 0.5002
vn 0.0272 0.8398 0.5422
vn 0.2141 0.8219 0.5279
vn 0.2154 0.8460 0.4878
vn 0.0087 0.9046 0.4262
vn 0.0226 0.8656 0.5002
vn 0.2154 0.8460 0.4878
vn 0.2068 0.8875 0.4117
vn 0.0235 0.9353 0.3530
vn 0.0545 0.9662 0.2521
vn -0.1296 0.9537 0.2713
vn -0.1558 0.9146 0.3731
vn 0.0087 0.9046 0.4262
vn 0.0235 0.9353 0.3530
vn -0.1558 0.9146 0.3731
vn -0.1720 0.8821 0.4386
vn 0.0235 0.9353 0.3530
vn 0.0087 0.9046 0.4262
vn 0.2068 0.8875 0.4117
vn 0.2176 0.9175 0.3330
vn 0.0545 0.9662 0.2521
vn 0.0235 0.9353 0.3530
vn 0.2176 0.9175 0.3330
vn 0.2407 0.9413 0.2366
vn 0.0866 0.9962 0.0134
vn 0.0821 0.9911 0.1050
vn 0.2533 0.9620 0.1016
vn 0.2601 0.9655 0.0126
vn 0.0841 0.9529 -0.2915
vn 0.0866 0.9962 0.0134
vn 0.2601 0.9655 0.0126
vn 0.2518 0.9250 -0.2846
vn 0.0866 0.9962 0.0134
vn 0.0841 0.9529 -0.2915
vn -0.0839 0.9536 -0.2890
vn -0.0889 0.9959 0.0187
vn 0.0821 0.9911 0.1050
vn 0.0866 0.9962 0.0134
vn -0.0889 0.9959 0.0187
vn -0.0937 0.9891 0.1135
vn -0.3185 0.7975 0.5124
vn -0.3235 0.8335 0.4478
vn -0.4429 0.7724 0.4553
vn -0.4344 0.7381 0.5163
vn -0.3115 0.7731 0.5525
vn -0.3185 0.7975 0.5124
vn -0.4344 0.7381 0.5163
vn -0.4266 0.7143 0.5548
vn -0.3185 0.7975 0.5124
vn -0.3115 0.7731 0.5525
vn -0.1567 0.8207 0.5494
vn -0.1629 0.8458 0.5081
vn -0.3235 0.8335 0.4478
vn -0.3185 0.7975 0.5124
vn -0.1629 0.8458 0.5081
vn -0.1720 0.8821 0.4386
vn -0.3118 0.8676 0.3873
vn -0.2983 0.9101 0.2877
vn -0.4454 0.8437 0.2996
vn -0.4422 0.8042 0.3972
vn -0.3235 0.8335 0.4478
vn -0.3118 0.8676 0.3873
vn -0.4422 0.8042 0.3972
vn -0.4429 0.7724 0.4553
vn -0.3118 0.8676 0.3873
vn -0.3235 0.8335 0.4478
vn -0.1720 0.8821 0.4386
vn -0.1558 0.9146 0.3731
vn -0.2983 0.9101 0.2877
vn -0.3118 0.8676 0.3873
vn -0.1558 0.9146 0.3731
vn -0.1296 0.9537 0.2713
vn -0.2634 0.9643 0.0258
vn -0.2696 0.9547 0.1259
vn -0.0937 0.9891 0.1135
vn -0.0889 0.9959 0.0187
vn -0.2486 0.9254 -0.2859
vn -0.2634 0.9643 0.0258
vn -0.0889 0.9959 0.0187
vn -0.0839 0.9536 -0.2890
vn -0.2634 0.9643 0.0258
vn -0.2486 0.9254 -0.2859
vn -0.4096 0.8710 -0.2713
vn -0.4360 0.8990 0.0415
vn -0.2696 0.9547 0.1259
vn -0.2634 0.9643 0.0258
vn -0.4360 0.8990 0.0415
vn -0.4434 0.8853 0.1400
vn -0.5879 0.8057 0.0724
vn -0.5923 0.7912 0.1524
vn -0.4434 0.8853 0.1400
vn -0.4360 0.8990 0.0415
vn -0.5620 0.7933 -0.2340
vn -0.5879 0.8057 0.0724
vn -0.4360 0.8990 0.0415
vn -0.4096 0.8710 -0.2713
vn -0.5879 0.8057 0.0724
vn -0.5620 0.7933 -0.2340
vn -0.6913 0.6913 -0.2100
vn -0.7042 0.7042 0.0908
vn -0.5923 0.7912 0.1524
vn -0.5879 0.8057 0.0724
vn -0.7042 0.7042 0.0908
vn -0.6983 0.6983 0.1577
vn 0.9552 0.2949 0.0242
vn 0.9827 0.0592 -0.1754
vn 0.9871 -0.1472 -0.0624
vn 0.9899 0.1324 0.0510
vn 0.8632 0.4530 0.2228
vn 0.9552 0.2949 0.0242
vn 0.9899 0.1324 0.0510
vn 0.9388 0.2660 0.2189
vn 0.9552 0.2949 0.0242
vn 0.8632 0.4530 0.2228
vn 0.8052 0.5499 0.2220
vn 0.9096 0.4152 -0.0143
vn 0.9827 0.0592 -0.1754
vn 0.9552 0.2949 0.0242
vn 0.9096 0.4152 -0.0143
vn 0.9589 0.1665 -0.2296
vn 0.8103 -0.2911 -0.5087
vn 0.8537 -0.2667 -0.4472
vn 0.9589 0.1665 -0.2296
vn 0.9295 0.1514 -0.3364
vn 0.7546 -0.3498 -0.5551
vn 0.8103 -0.2911 -0.5087
vn 0.9295 0.1514 -0.3364
vn 0.8856 0.0353 -0.4631
vn 0.8103 -0.2911 -0.5087
vn 0.7546 -0.3498 -0.5551
vn 0.5754 -0.5754 -0.5812
vn 0.5877 -0.5877 -0.5560
vn 0.8537 -0.2667 -0.4472
vn 0.8103 -0.2911 -0.5087
vn 0.5877 -0.5877 -0.5560
vn 0.6094 -0.6094 -0.5073
vn 0.8843 0.4464 -0.1367
vn 0.9096 0.4152 -0.0143
vn 0.8052 0.5499 0.2220
vn 0.8148 0.5657 0.1269
vn 0.8692 0.3909 -0.3029
vn 0.8843 0.4464 -0.1367
vn 0.8148 0.5657 0.1269
vn 0.8243 0.5656 -0.0241
vn 0.8843 0.4464 -0.1367
vn 0.8692 0.3909 -0.3029
vn 0.8856 0.0353 -0.4631
vn 0.9295 0.1514 -0.3364
vn 0.9096 0.4152 -0.0143
vn 0.8843 0.4464 -0.1367
vn 0.9295 0.1514 -0.3364
vn 0.9589 0.1665 -0.2296
vn 0.6861 0.5868 0.4301
vn 0.6307 0.5920 0.5017
vn 0.5579 0.5447 0.6261
vn 0.5887 0.5680 0.5752
vn 0.7271 0.6103 0.3144
vn 0.6861 0.5868 0.4301
vn 0.5887 0.5680 0.5752
vn 0.6520 0.6347 0.4148
vn 0.6861 0.5868 0.4301
vn 0.7271 0.6103 0.3144
vn 0.8243 0.5656 -0.0241
vn 0.8148 0.5657 0.1269
vn 0.6307 0.5920 0.5017
vn 0.6861 0.5868 0.4301
vn 0.8148 0.5657 0.1269
vn 0.8052 0.5499 0.2220
vn -0.1685 0.6314 -0.7569
vn -0.2772 0.5980 -0.7521
vn -0.4096 0.8710 -0.2713
vn -0.2486 0.9254 -0.2859
vn -0.0570 0.6502 -0.7576
vn -0.1685 0.6314 -0.7569
vn -0.2486 0.9254 -0.2859
vn -0.0839 0.9536 -0.2890
vn -0.1685 0.6314 -0.7569
vn -0.0570 0.6502 -0.7576
vn -0.0310 0.3541 -0.9347
vn -0.0916 0.3436 -0.9347
vn -0.2772 0.5980 -0.7521
vn -0.1685 0.6314 -0.7569
vn -0.0916 0.3436 -0.9347
vn -0.1494 0.3227 -0.9346
vn 0.0567 0.6494 -0.7583
vn -0.0570 0.6502 -0.7576
vn -0.0839 0.9536 -0.2890
vn 0.0841 0.9529 -0.2915
vn 0.1700 0.6347 -0.7538
vn 0.0567 0.6494 -0.7583
vn 0.0841 0.9529 -0.2915
vn 0.2518 0.9250 -0.2846
vn 0.0567 0.6494 -0.7583
vn 0.1700 0.6347 -0.7538
vn 0.0920 0.3433 -0.9347
vn 0.0310 0.3541 -0.9347
vn -0.0570 0.6502 -0.7576
vn 0.0567 0.6494 -0.7583
vn 0.0310 0.3541 -0.9347
vn -0.0310 0.3541 -0.9347
vn 0.2838 0.6086 -0.7410
vn 0.1700 0.6347 -0.7538
vn 0.2518 0.9250 -0.2846
vn 0.4142 0.8717 -0.2618
vn 0.3962 0.5657 -0.7231
vn 0.2838 0.6086 -0.7410
vn 0.4142 0.8717 -0.2618
vn 0.5651 0.7919 -0.2313
vn 0.2838 0.6086 -0.7410
vn 0.3962 0.5657 -0.7231
vn 0.2038 0.2911 -0.9347
vn 0.1502 0.3221 -0.9347
vn 0.1700 0.6347 -0.7538
vn 0.2838 0.6086 -0.7410
vn 0.1502 0.3221 -0.9347
vn 0.0920 0.3433 -0.9347
vn 0.5019 0.5019 -0.7044
vn 0.3962 0.5657 -0.7231
vn 0.5651 0.7919 -0.2313
vn 0.6988 0.6869 -0.1996
vn 0.5934 0.4159 -0.6891
vn 0.5019 0.5019 -0.7044
vn 0.6988 0.6869 -0.1996
vn 0.8098 0.5599 -0.1755
vn 0.5019 0.5019 -0.7044
vn 0.5934 0.4159 -0.6891
vn 0.2910 0.2038 -0.9347
vn 0.2513 0.2513 -0.9347
vn 0.3962 0.5657 -0.7231
vn 0.5019 0.5019 -0.7044
vn 0.2513 0.2513 -0.9347
vn 0.2038 0.2911 -0.9347
vn 0.6634 0.3104 -0.6809
vn 0.5934 0.4159 -0.6891
vn 0.8098 0.5599 -0.1755
vn 0.8948 0.4152 -0.1643
vn 0.7087 0.1920 -0.6789
vn 0.6634 0.3104 -0.6809
vn 0.8948 0.4152 -0.1643
vn 0.9518 0.2583 -0.1652
vn 0.6634 0.3104 -0.6809
vn 0.7087 0.1920 -0.6789
vn 0.3418 0.0920 -0.9353
vn 0.3217 0.1502 -0.9349
vn 0.5934 0.4159 -0.6891
vn 0.6634 0.3104 -0.6809
vn 0.3217 0.1502 -0.9349
vn 0.2910 0.2038 -0.9347
vn 0.7263 0.0667 -0.6842
vn 0.7087 0.1920 -0.6789
vn 0.9518 0.2583 -0.1652
vn 0.9792 0.0937 -0.1797
vn 0.7181 -0.0588 -0.6934
vn 0.7263 0.0667 -0.6842
vn 0.9792 0.0937 -0.1797
vn 0.9763 -0.0743 -0.2033
vn 0.7263 0.0667 -0.6842
vn 0.7181 -0.0588 -0.6934
vn 0.3478 -0.0295 -0.9371
vn 0.3506 0.0314 -0.9360
vn 0.7087 0.1920 -0.6789
vn 0.7263 0.0667 -0.6842
vn 0.3506 0.0314 -0.9360
vn 0.3418 0.0920 -0.9353
vn 0.6868 -0.1787 -0.7045
vn 0.7181 -0.0588 -0.6934
vn 0.9763 -0.0743 -0.2033
vn 0.9433 -0.2392 -0.2300
vn 0.6367 -0.2909 -0.7141
vn 0.6868 -0.1787 -0.7045
vn 0.9433 -0.2392 -0.2300
vn 0.8816 -0.3973 -0.2549
vn 0.6868 -0.1787 -0.7045
vn 0.6367 -0.2909 -0.7141
vn 0.3109 -0.1430 -0.9396
vn 0.3342 -0.0880 -0.9384
vn 0.7181 -0.0588 -0.6934
vn 0.6868 -0.1787 -0.7045
vn 0.3342 -0.0880 -0.9384
vn 0.3478 -0.0295 -0.9371
vn 0.5693 -0.3950 -0.7210
vn 0.6367 -0.2909 -0.7141
vn 0.8816 -0.3973 -0.2549
vn 0.7922 -0.5461 -0.2725
vn 0.4881 -0.4881 -0.7236
vn 0.5693 -0.3950 -0.7210
vn 0.7922 -0.5461 -0.2725
vn 0.6790 -0.6790 -0.2791
vn 0.5693 -0.3950 -0.7210
vn 0.4881 -0.4881 -0.7236
vn 0.2396 -0.2396 -0.9408
vn 0.2789 -0.1941 -0.9405
vn 0.6367 -0.2909 -0.7141
vn 0.5693 -0.3950 -0.7210
vn 0.2789 -0.1941 -0.9405
vn 0.3109 -0.1430 -0.9396
vn -0.1183 0.1694 -0.9784
vn -0.2036 0.2916 -0.9346
vn -0.1494 0.3227 -0.9346
vn -0.0901 0.1947 -0.9767
vn -0.0074 0.0104 -0.9999
vn -0.1183 0.1694 -0.9784
vn -0.0901 0.1947 -0.9767
vn -0.0183 0.0400 -0.9990
vn -0.1183 0.1694 -0.9784
vn -0.0074 0.0104 -0.9999
vn -0.0312 0.0312 -0.9990
vn -0.1517 0.1517 -0.9767
vn -0.2036 0.2916 -0.9346
vn -0.1183 0.1694 -0.9784
vn -0.1517 0.1517 -0.9767
vn -0.2515 0.2515 -0.9346
vn -0.0531 0.1994 -0.9785
vn -0.0916 0.3436 -0.9347
vn -0.0310 0.3541 -0.9347
vn -0.0187 0.2138 -0.9767
vn -0.0035 0.0125 -0.9999
vn -0.0531 0.1994 -0.9785
vn -0.0187 0.2138 -0.9767
vn -0.0038 0.0439 -0.9990
vn -0.0531 0.1994 -0.9785
vn -0.0035 0.0125 -0.9999
vn -0.0183 0.0400 -0.9990
vn -0.0901 0.1947 -0.9767
vn -0.0916 0.3436 -0.9347
vn -0.0531 0.1994 -0.9785
vn -0.0901 0.1947 -0.9767
vn -0.1494 0.3227 -0.9346
vn 0.0180 0.2058 -0.9784
vn 0.0310 0.3541 -0.9347
vn 0.0920 0.3433 -0.9347
vn 0.0555 0.2073 -0.9767
vn 0.0011 0.0130 -0.9999
vn 0.0180 0.2058 -0.9784
vn 0.0555 0.2073 -0.9767
vn 0.0114 0.0426 -0.9990
vn 0.0180 0.2058 -0.9784
vn 0.0011 0.0130 -0.9999
vn -0.0038 0.0439 -0.9990
vn -0.0187 0.2138 -0.9767
vn 0.0310 0.3541 -0.9347
vn 0.0180 0.2058 -0.9784
vn -0.0187 0.2138 -0.9767
vn -0.0310 0.3541 -0.9347
vn 0.0873 0.1872 -0.9784
vn 0.1502 0.3221 -0.9347
vn 0.2038 0.2911 -0.9347
vn 0.1231 0.1758 -0.9767
vn 0.0055 0.0119 -0.9999
vn 0.0873 0.1872 -0.9784
vn 0.1231 0.1758 -0.9767
vn 0.0253 0.0362 -0.9990
vn 0.0873 0.1872 -0.9784
vn 0.0055 0.0119 -0.9999
vn 0.0114 0.0426 -0.9990
vn 0.0555 0.2073 -0.9767
vn 0.1502 0.3221 -0.9347
vn 0.0873 0.1872 -0.9784
vn 0.0555 0.2073 -0.9767
vn 0.0920 0.3433 -0.9347
vn 0.1460 0.1461 -0.9784
vn 0.2513 0.2513 -0.9347
vn 0.2910 0.2038 -0.9347
vn 0.1757 0.1231 -0.9767
vn 0.0093 0.0093 -0.9999
vn 0.1460 0.1461 -0.9784
vn 0.1757 0.1231 -0.9767
vn 0.0362 0.0254 -0.9990
vn 0.1460 0.1461 -0.9784
vn 0.0093 0.0093 -0.9999
vn 0.0253 0.0362 -0.9990
vn 0.1231 0.1758 -0.9767
vn 0.2513 0.2513 -0.9347
vn 0.1460 0.1461 -0.9784
vn 0.1231 0.1758 -0.9767
vn 0.2038 0.2911 -0.9347
vn 0.1869 0.0873 -0.9785
vn 0.3217 0.1502 -0.9349
vn 0.3418 0.0920 -0.9353
vn 0.2063 0.0555 -0.9769
vn 0.0119 0.0055 -0.9999
vn 0.1869 0.0873 -0.9785
vn 0.2063 0.0555 -0.9769
vn 0.0426 0.0115 -0.9990
vn 0.1869 0.0873 -0.9785
vn 0.0119 0.0055 -0.9999
vn 0.0362 0.0254 -0.9990
vn 0.1757 0.1231 -0.9767
vn 0.3217 0.1502 -0.9349
vn 0.1869 0.0873 -0.9785
vn 0.1757 0.1231 -0.9767
vn 0.2910 0.2038 -0.9347
vn 0.2037 0.0182 -0.9789
vn 0.3506 0.0314 -0.9360
vn 0.3478 -0.0295 -0.9371
vn 0.2102 -0.0179 -0.9775
vn 0.0130 0.0011 -0.9999
vn 0.2037 0.0182 -0.9789
vn 0.2102 -0.0179 -0.9775
vn 0.0437 -0.0037 -0.9990
vn 0.2037 0.0182 -0.9789
vn 0.0130 0.0011 -0.9999
vn 0.0426 0.0115 -0.9990
vn 0.2063 0.0555 -0.9769
vn 0.3506 0.0314 -0.9360
vn 0.2037 0.0182 -0.9789
vn 0.2063 0.0555 -0.9769
vn 0.3418 0.0920 -0.9353
vn 0.1943 -0.0513 -0.9796
vn 0.3342 -0.0880 -0.9384
vn 0.3109 -0.1430 -0.9396
vn 0.1883 -0.0867 -0.9783
vn 0.0125 -0.0034 -0.9999
vn 0.1943 -0.0513 -0.9796
vn 0.1883 -0.0867 -0.9783
vn 0.0399 -0.0181 -0.9990
vn 0.1943 -0.0513 -0.9796
vn 0.0125 -0.0034 -0.9999
vn 0.0437 -0.0037 -0.9990
vn 0.2102 -0.0179 -0.9775
vn 0.3342 -0.0880 -0.9384
vn 0.1943 -0.0513 -0.9796
vn 0.2102 -0.0179 -0.9775
vn 0.3478 -0.0295 -0.9371
vn 0.1598 0.1079 0.9812
vn 0.1316 0.1555 0.9790
vn 0.4926 0.2456 0.8349
vn 0.5692 0.1444 0.8094
vn 0.1719 0.0802 0.9818
vn 0.1598 0.1079 0.9812
vn 0.5692 0.1444 0.8094
vn 0.6017 0.1235 0.7891
vn 0.1598 0.1079 0.9812
vn 0.1719 0.0802 0.9818
vn 0.0033 0.0595 0.9982
vn 0.0106 0.0918 0.9957
vn 0.1316 0.1555 0.9790
vn 0.1598 0.1079 0.9812
vn 0.0106 0.0918 0.9957
vn 0.0086 0.1236 0.9923
vn 0.1709 0.0799 0.9820
vn 0.1719 0.0802 0.9818
vn 0.6017 0.1235 0.7891
vn 0.6006 0.1678 0.7818
vn 0.1522 0.1162 0.9815
vn 0.1709 0.0799 0.9820
vn 0.6006 0.1678 0.7818
vn 0.5662 0.2527 0.7846
vn 0.1709 0.0799 0.9820
vn 0.1522 0.1162 0.9815
vn -0.0187 0.0565 0.9982
vn -0.0043 0.0412 0.9991
vn 0.1719 0.0802 0.9818
vn 0.1709 0.0799 0.9820
vn -0.0043 0.0412 0.9991
vn 0.0033 0.0595 0.9982
vn 0.1136 0.1546 0.9814
vn 0.1522 0.1162 0.9815
vn 0.5662 0.2527 0.7846
vn 0.5055 0.3401 0.7930
vn 0.0728 0.1661 0.9834
vn 0.1136 0.1546 0.9814
vn 0.5055 0.3401 0.7930
vn 0.4335 0.3986 0.8082
vn 0.1136 0.1546 0.9814
vn 0.0728 0.1661 0.9834
vn -0.0679 0.0709 0.9952
vn -0.0454 0.0750 0.9961
vn 0.1522 0.1162 0.9815
vn 0.1136 0.1546 0.9814
vn -0.0454 0.0750 0.9961
vn -0.0187 0.0565 0.9982
vn 0.0401 0.1558 0.9870
vn 0.0728 0.1661 0.9834
vn 0.4335 0.3986 0.8082
vn 0.3558 0.4313 0.8291
vn 0.0275 0.1333 0.9907
vn 0.0401 0.1558 0.9870
vn 0.3558 0.4313 0.8291
vn 0.2813 0.4442 0.8506
vn 0.0401 0.1558 0.9870
vn 0.0275 0.1333 0.9907
vn -0.0582 0.0264 0.9980
vn -0.0751 0.0518 0.9958
vn 0.0728 0.1661 0.9834
vn 0.0401 0.1558 0.9870
vn -0.0751 0.0518 0.9958
vn -0.0679 0.0709 0.9952
vn 0.0265 0.1143 0.9931
vn 0.0275 0.1333 0.9907
vn 0.2813 0.4442 0.8506
vn 0.2049 0.4494 0.8695
vn 0.0163 0.1021 0.9946
vn 0.0265 0.1143 0.9931
vn 0.2049 0.4494 0.8695
vn 0.1126 0.4473 0.8873
vn 0.0265 0.1143 0.9931
vn 0.0163 0.1021 0.9946
vn -0.0115 0.0016 0.9999
vn -0.0297 0.0083 0.9995
vn 0.0275 0.1333 0.9907
vn 0.0265 0.1143 0.9931
vn -0.0297 0.0083 0.9995
vn -0.0582 0.0264 0.9980
vn 0.0001 0.0885 0.9961
vn 0.0163 0.1021 0.9946
vn 0.1126 0.4473 0.8873
vn 0.0137 0.4246 0.9053
vn -0.0150 0.0764 0.9970
vn 0.0001 0.0885 0.9961
vn 0.0137 0.4246 0.9053
vn -0.0744 0.3903 0.9177
vn 0.0001 0.0885 0.9961
vn -0.0150 0.0764 0.9970
vn 0.0000 -0.0000 1.0000
vn -0.0030 0.0000 1.0000
vn 0.0163 0.1021 0.9946
vn 0.0001 0.0885 0.9961
vn -0.0030 0.0000 1.0000
vn -0.0115 0.0016 0.9999
vn -0.0290 0.0706 0.9971
vn -0.0150 0.0764 0.9970
vn -0.0744 0.3903 0.9177
vn -0.1477 0.3635 0.9198
vn -0.0411 0.0676 0.9969
vn -0.0290 0.0706 0.9971
vn -0.1477 0.3635 0.9198
vn -0.2060 0.3416 0.9170
vn -0.0290 0.0706 0.9971
vn -0.0411 0.0676 0.9969
vn -0.0000 0.0000 1.0000
vn 0.0000 -0.0000 1.0000
vn -0.0150 0.0764 0.9970
vn -0.0290 0.0706 0.9971
vn 0.0000 -0.0000 1.0000
vn 0.0000 -0.0000 1.0000
vn -0.0501 0.0627 0.9968
vn -0.0411 0.0676 0.9969
vn -0.2060 0.3416 0.9170
vn -0.2489 0.3126 0.9167
vn -0.0567 0.0567 0.9968
vn -0.0501 0.0627 0.9968
vn -0.2489 0.3126 0.9167
vn -0.2813 0.2813 0.9175
vn -0.0501 0.0627 0.9968
vn -0.0567 0.0567 0.9968
vn -0.0000 0.0000 1.0000
vn 0.0000 0.0000 1.0000
vn -0.0411 0.0676 0.9969
vn -0.0501 0.0627 0.9968
vn 0.0000 0.0000 1.0000
vn -0.0000 0.0000 1.0000
vn -0.9747 -0.0840 0.2072
vn -0.9544 -0.2392 0.1785
vn -0.7449 -0.1304 0.6544
vn -0.7242 -0.0199 0.6893
vn -0.9861 -0.1000 0.1329
vn -0.9747 -0.0840 0.2072
vn -0.7242 -0.0199 0.6893
vn -0.7502 -0.0461 0.6596
vn -0.9747 -0.0840 0.2072
vn -0.9861 -0.1000 0.1329
vn -0.9957 -0.0923 0.0076
vn -0.9938 -0.0832 0.0739
vn -0.9544 -0.2392 0.1785
vn -0.9747 -0.0840 0.2072
vn -0.9938 -0.0832 0.0739
vn -0.9632 -0.2600 0.0678
vn -0.9737 -0.2080 0.0925
vn -0.9861 -0.1000 0.1329
vn -0.7502 -0.0461 0.6596
vn -0.7570 -0.1373 0.6388
vn -0.9396 -0.3335 0.0769
vn -0.9737 -0.2080 0.0925
vn -0.7570 -0.1373 0.6388
vn -0.7405 -0.2233 0.6339
vn -0.9737 -0.2080 0.0925
vn -0.9396 -0.3335 0.0769
vn -0.9397 -0.3391 -0.0455
vn -0.9778 -0.2076 -0.0285
vn -0.9861 -0.1000 0.1329
vn -0.9737 -0.2080 0.0925
vn -0.9778 -0.2076 -0.0285
vn -0.9957 -0.0923 0.0076
vn -0.8864 -0.4584 0.0647
vn -0.9396 -0.3335 0.0769
vn -0.7405 -0.2233 0.6339
vn -0.7140 -0.3077 0.6290
vn -0.8166 -0.5742 0.0593
vn -0.8864 -0.4584 0.0647
vn -0.7140 -0.3077 0.6290
vn -0.6670 -0.3935 0.6327
vn -0.8864 -0.4584 0.0647
vn -0.8166 -0.5742 0.0593
vn -0.8082 -0.5844 -0.0728
vn -0.8820 -0.4674 -0.0607
vn -0.9396 -0.3335 0.0769
vn -0.8864 -0.4584 0.0647
vn -0.8820 -0.4674 -0.0607
vn -0.9397 -0.3391 -0.0455
vn -0.7263 -0.6847 0.0604
vn -0.8166 -0.5742 0.0593
vn -0.6670 -0.3935 0.6327
vn -0.5943 -0.4797 0.6455
vn -0.6071 -0.7920 0.0649
vn -0.7263 -0.6847 0.0604
vn -0.5943 -0.4797 0.6455
vn -0.4878 -0.5654 0.6650
vn -0.7263 -0.6847 0.0604
vn -0.6071 -0.7920 0.0649
vn -0.5964 -0.7978 -0.0885
vn -0.7153 -0.6940 -0.0816
vn -0.8166 -0.5742 0.0593
vn -0.7263 -0.6847 0.0604
vn -0.7153 -0.6940 -0.0816
vn -0.8082 -0.5844 -0.0728
vn -0.4516 -0.8896 0.0686
vn -0.6071 -0.7920 0.0649
vn -0.4878 -0.5654 0.6650
vn -0.3494 -0.6392 0.6851
vn -0.2575 -0.9641 0.0649
vn -0.4516 -0.8896 0.0686
vn -0.3494 -0.6392 0.6851
vn -0.1941 -0.6905 0.6968
vn -0.4516 -0.8896 0.0686
vn -0.2575 -0.9641 0.0649
vn -0.2539 -0.9611 -0.1085
vn -0.4439 -0.8909 -0.0964
vn -0.6071 -0.7920 0.0649
vn -0.4516 -0.8896 0.0686
vn -0.4439 -0.8909 -0.0964
vn -0.5964 -0.7978 -0.0885
vn -0.0382 -0.9981 0.0485
vn -0.2575 -0.9641 0.0649
vn -0.1941 -0.6905 0.6968
vn -0.0309 -0.7195 0.6938
vn 0.1785 -0.9837 0.0208
vn -0.0382 -0.9981 0.0485
vn -0.0309 -0.7195 0.6938
vn 0.1301 -0.7234 0.6781
vn -0.0382 -0.9981 0.0485
vn 0.1785 -0.9837 0.0208
vn 0.1716 -0.9738 -0.1494
vn -0.0397 -0.9912 -0.1267
vn -0.2575 -0.9641 0.0649
vn -0.0382 -0.9981 0.0485
vn -0.0397 -0.9912 -0.1267
vn -0.2539 -0.9611 -0.1085
vn 0.3629 -0.9317 -0.0127
vn 0.1785 -0.9837 0.0208
vn 0.1301 -0.7234 0.6781
vn 0.2751 -0.7072 0.6513
vn 0.5048 -0.8622 -0.0426
vn 0.3629 -0.9317 -0.0127
vn 0.2751 -0.7072 0.6513
vn 0.3946 -0.6737 0.6249
vn 0.3629 -0.9317 -0.0127
vn 0.5048 -0.8622 -0.0426
vn 0.4917 -0.8492 -0.1926
vn 0.3521 -0.9199 -0.1728
vn 0.1785 -0.9837 0.0208
vn 0.3629 -0.9317 -0.0127
vn 0.3521 -0.9199 -0.1728
vn 0.1716 -0.9738 -0.1494
vn 0.6161 -0.7852 -0.0625
vn 0.5048 -0.8622 -0.0426
vn 0.3946 -0.6737 0.6249
vn 0.4913 -0.6258 0.6058
vn 0.7054 -0.7054 -0.0696
vn 0.6161 -0.7852 -0.0625
vn 0.4913 -0.6258 0.6058
vn 0.5667 -0.5667 0.5981
vn 0.6161 -0.7852 -0.0625
vn 0.7054 -0.7054 -0.0696
vn 0.6914 -0.6914 -0.2097
vn 0.6021 -0.7716 -0.2053
vn 0.5048 -0.8622 -0.0426
vn 0.6161 -0.7852 -0.0625
vn 0.6021 -0.7716 -0.2053
vn 0.4917 -0.8492 -0.1926
vn 0.8024 -0.3702 0.4681
vn 0.8261 -0.4647 0.3189
vn 0.9498 -0.2987 -0.0927
vn 0.9924 -0.0677 0.1028
vn 0.7029 -0.3824 0.5998
vn 0.8024 -0.3702 0.4681
vn 0.9924 -0.0677 0.1028
vn 0.9343 0.0571 0.3518
vn 0.8024 -0.3702 0.4681
vn 0.7029 -0.3824 0.5998
vn 0.5151 -0.5159 0.6845
vn 0.6520 -0.4461 0.6131
vn 0.8261 -0.4647 0.3189
vn 0.8024 -0.3702 0.4681
vn 0.6520 -0.4461 0.6131
vn 0.7262 -0.4868 0.4854
vn 0.4097 -0.4704 0.7816
vn 0.7029 -0.3824 0.5998
vn 0.9343 0.0571 0.3518
vn 0.7027 0.0116 0.7114
vn -0.0671 -0.4937 0.8670
vn 0.4097 -0.4704 0.7816
vn 0.7027 0.0116 0.7114
vn 0.2799 -0.0605 0.9581
vn 0.4097 -0.4704 0.7816
vn -0.0671 -0.4937 0.8670
vn -0.1776 -0.5839 0.7921
vn 0.2301 -0.6037 0.7633
vn 0.7029 -0.3824 0.5998
vn 0.4097 -0.4704 0.7816
vn 0.2301 -0.6037 0.7633
vn 0.5151 -0.5159 0.6845
vn -0.7078 -0.3841 0.5929
vn -0.6138 -0.0808 0.7853
vn -0.2473 -0.2733 0.9296
vn -0.3539 -0.5073 0.7857
vn -0.6932 -0.6568 0.2966
vn -0.7078 -0.3841 0.5929
vn -0.3539 -0.5073 0.7857
vn -0.3436 -0.7500 0.5652
vn -0.7078 -0.3841 0.5929
vn -0.6932 -0.6568 0.2966
vn -0.7036 -0.6759 0.2193
vn -0.6512 -0.4641 0.6004
vn -0.6138 -0.0808 0.7853
vn -0.7078 -0.3841 0.5929
vn -0.6512 -0.4641 0.6004
vn -0.5075 -0.1953 0.8392
vn -0.6170 -0.7863 0.0320
vn -0.6932 -0.6568 0.2966
vn -0.3436 -0.7500 0.5652
vn -0.3316 -0.8456 0.4184
vn -0.6351 -0.7711 -0.0446
vn -0.6170 -0.7863 0.0320
vn -0.3316 -0.8456 0.4184
vn -0.4713 -0.7879 0.3964
vn -0.6170 -0.7863 0.0320
vn -0.6351 -0.7711 -0.0446
vn -0.6643 -0.7137 -0.2220
vn -0.6708 -0.7321 -0.1185
vn -0.6932 -0.6568 0.2966
vn -0.6170 -0.7863 0.0320
vn -0.6708 -0.7321 -0.1185
vn -0.7036 -0.6759 0.2193
vn -0.3329 0.0080 0.9429
vn -0.3263 0.0473 0.9441
vn -0.5075 -0.1953 0.8392
vn -0.5294 -0.2603 0.8075
vn -0.5112 0.0201 0.8593
vn -0.3329 0.0080 0.9429
vn -0.5294 -0.2603 0.8075
vn -0.6654 -0.2542 0.7019
vn -0.3329 0.0080 0.9429
vn -0.5112 0.0201 0.8593
vn -0.2995 0.2995 0.9058
vn -0.1820 0.1820 0.9663
vn -0.3263 0.0473 0.9441
vn -0.3329 0.0080 0.9429
vn -0.1820 0.1820 0.9663
vn -0.1924 0.1924 0.9623
vn -0.6776 -0.5182 0.5219
vn -0.6512 -0.4641 0.6004
vn -0.7036 -0.6759 0.2193
vn -0.7196 -0.6797 0.1419
vn -0.7677 -0.4754 0.4296
vn -0.6776 -0.5182 0.5219
vn -0.7196 -0.6797 0.1419
vn -0.7782 -0.6188 0.1068
vn -0.6776 -0.5182 0.5219
vn -0.7677 -0.4754 0.4296
vn -0.6654 -0.2542 0.7019
vn -0.5294 -0.2603 0.8075
vn -0.6512 -0.4641 0.6004
vn -0.6776 -0.5182 0.5219
vn -0.5294 -0.2603 0.8075
vn -0.5075 -0.1953 0.8392
vn -0.6942 -0.7041 -0.1495
vn -0.6708 -0.7321 -0.1185
vn -0.6643 -0.7137 -0.2220
vn -0.6922 -0.6910 -0.2081
vn -0.7563 -0.6457 -0.1051
vn -0.6942 -0.7041 -0.1495
vn -0.6922 -0.6910 -0.2081
vn -0.7622 -0.6265 -0.1629
vn -0.6942 -0.7041 -0.1495
vn -0.7563 -0.6457 -0.1051
vn -0.7782 -0.6188 0.1068
vn -0.7196 -0.6797 0.1419
vn -0.6708 -0.7321 -0.1185
vn -0.6942 -0.7041 -0.1495
vn -0.7196 -0.6797 0.1419
vn -0.7036 -0.6759 0.2193
vn 0.7587 -0.4178 -0.4999
vn 0.7546 -0.3498 -0.5551
vn 0.8856 0.0353 -0.4631
vn 0.9008 -0.1031 -0.4219
vn 0.8203 -0.5399 -0.1886
vn 0.7587 -0.4178 -0.4999
vn 0.9008 -0.1031 -0.4219
vn 0.9498 -0.2987 -0.0927
vn 0.7587 -0.4178 -0.4999
vn 0.8203 -0.5399 -0.1886
vn 0.6925 -0.6925 -0.2019
vn 0.6056 -0.6056 -0.5163
vn 0.7546 -0.3498 -0.5551
vn 0.7587 -0.4178 -0.4999
vn 0.6056 -0.6056 -0.5163
vn 0.5754 -0.5754 -0.5812
vn 0.9382 0.2294 -0.2594
vn 0.8692 0.3909 -0.3029
vn 0.8243 0.5656 -0.0241
vn 0.9001 0.4352 0.0200
vn 0.9924 -0.0677 0.1028
vn 0.9382 0.2294 -0.2594
vn 0.9001 0.4352 0.0200
vn 0.9343 0.0571 0.3518
vn 0.9382 0.2294 -0.2594
vn 0.9924 -0.0677 0.1028
vn 0.9498 -0.2987 -0.0927
vn 0.9008 -0.1031 -0.4219
vn 0.8692 0.3909 -0.3029
vn 0.9382 0.2294 -0.2594
vn 0.9008 -0.1031 -0.4219
vn 0.8856 0.0353 -0.4631
vn 0.7840 0.4881 0.3835
vn 0.7271 0.6103 0.3144
vn 0.6520 0.6347 0.4148
vn 0.5817 0.4713 0.6630
vn 0.7027 0.0116 0.7114
vn 0.7840 0.4881 0.3835
vn 0.5817 0.4713 0.6630
vn 0.2799 -0.0605 0.9581
vn 0.7840 0.4881 0.3835
vn 0.7027 0.0116 0.7114
vn 0.9343 0.0571 0.3518
vn 0.9001 0.4352 0.0200
vn 0.7271 0.6103 0.3144
vn 0.7840 0.4881 0.3835
vn 0.9001 0.4352 0.0200
vn 0.8243 0.5656 -0.0241
vn -0.6940 -0.7192 -0.0345
vn -0.6922 -0.6910 -0.2081
vn -0.6643 -0.7137 -0.2220
vn -0.6351 -0.7711 -0.0446
vn -0.5676 -0.6897 0.4496
vn -0.6940 -0.7192 -0.0345
vn -0.6351 -0.7711 -0.0446
vn -0.4713 -0.7879 0.3964
vn -0.6940 -0.7192 -0.0345
vn -0.5676 -0.6897 0.4496
vn -0.6674 -0.5463 0.5061
vn -0.7748 -0.6292 -0.0619
vn -0.6922 -0.6910 -0.2081
vn -0.6940 -0.7192 -0.0345
vn -0.7748 -0.6292 -0.0619
vn -0.7622 -0.6265 -0.1629
vn 0.4293 0.4326 0.7928
vn 0.5817 0.4713 0.6630
vn 0.6520 0.6347 0.4148
vn 0.5887 0.5680 0.5752
vn 0.4466 0.4504 0.7731
vn 0.4293 0.4326 0.7928
vn 0.5887 0.5680 0.5752
vn 0.5579 0.5447 0.6261
vn 0.4293 0.4326 0.7928
vn 0.4466 0.4504 0.7731
vn 0.1670 0.2241 0.9602
vn 0.0736 0.0358 0.9966
vn 0.5817 0.4713 0.6630
vn 0.4293 0.4326 0.7928
vn 0.0736 0.0358 0.9966
vn 0.2799 -0.0605 0.9581
vn -0.1954 -0.2768 0.9409
vn -0.0671 -0.4937 0.8670
vn 0.2799 -0.0605 0.9581
vn 0.0736 0.0358 0.9966
vn -0.0432 0.0267 0.9987
vn -0.1954 -0.2768 0.9409
vn 0.0736 0.0358 0.9966
vn 0.1670 0.2241 0.9602
vn -0.1954 -0.2768 0.9409
vn -0.0432 0.0267 0.9987
vn -0.0854 -0.0359 0.9957
vn -0.2409 -0.3566 0.9027
vn -0.0671 -0.4937 0.8670
vn -0.1954 -0.2768 0.9409
vn -0.2409 -0.3566 0.9027
vn -0.1776 -0.5839 0.7921
vn 0.8424 0.1528 0.5168
vn 0.8906 0.1631 0.4245
vn 0.9042 0.1488 0.4005
vn 0.8618 0.1410 0.4872
vn 0.5692 0.1444 0.8094
vn 0.8424 0.1528 0.5168
vn 0.8618 0.1410 0.4872
vn 0.6017 0.1235 0.7891
vn 0.8424 0.1528 0.5168
vn 0.5692 0.1444 0.8094
vn 0.4926 0.2456 0.8349
vn 0.7709 0.2907 0.5667
vn 0.8906 0.1631 0.4245
vn 0.8424 0.1528 0.5168
vn 0.7709 0.2907 0.5667
vn 0.8271 0.3132 0.4667
vn 0.8514 0.2133 0.4791
vn 0.8917 0.2192 0.3960
vn 0.8512 0.3302 0.4080
vn 0.8097 0.3244 0.4889
vn 0.6006 0.1678 0.7818
vn 0.8514 0.2133 0.4791
vn 0.8097 0.3244 0.4889
vn 0.5662 0.2527 0.7846
vn 0.8514 0.2133 0.4791
vn 0.6006 0.1678 0.7818
vn 0.6017 0.1235 0.7891
vn 0.8618 0.1410 0.4872
vn 0.8917 0.2192 0.3960
vn 0.8514 0.2133 0.4791
vn 0.8618 0.1410 0.4872
vn 0.9042 0.1488 0.4005
vn 0.7429 0.4389 0.5054
vn 0.7860 0.4481 0.4259
vn 0.7075 0.5477 0.4466
vn 0.6629 0.5312 0.5276
vn 0.5055 0.3401 0.7930
vn 0.7429 0.4389 0.5054
vn 0.6629 0.5312 0.5276
vn 0.4335 0.3986 0.8082
vn 0.7429 0.4389 0.5054
vn 0.5055 0.3401 0.7930
vn 0.5662 0.2527 0.7846
vn 0.8097 0.3244 0.4889
vn 0.7860 0.4481 0.4259
vn 0.7429 0.4389 0.5054
vn 0.8097 0.3244 0.4889
vn 0.8512 0.3302 0.4080
vn 0.5711 0.6056 0.5541
vn 0.6166 0.6335 0.4674
vn 0.5097 0.7079 0.4890
vn 0.4671 0.6648 0.5831
vn 0.3558 0.4313 0.8291
vn 0.5711 0.6056 0.5541
vn 0.4671 0.6648 0.5831
vn 0.2813 0.4442 0.8506
vn 0.5711 0.6056 0.5541
vn 0.3558 0.4313 0.8291
vn 0.4335 0.3986 0.8082
vn 0.6629 0.5312 0.5276
vn 0.6166 0.6335 0.4674
vn 0.5711 0.6056 0.5541
vn 0.6629 0.5312 0.5276
vn 0.7075 0.5477 0.4466
vn 0.3444 0.7130 0.6107
vn 0.3789 0.7729 0.5090
vn 0.2141 0.8219 0.5279
vn 0.1929 0.7458 0.6377
vn 0.2049 0.4494 0.8695
vn 0.3444 0.7130 0.6107
vn 0.1929 0.7458 0.6377
vn 0.1126 0.4473 0.8873
vn 0.3444 0.7130 0.6107
vn 0.2049 0.4494 0.8695
vn 0.2813 0.4442 0.8506
vn 0.4671 0.6648 0.5831
vn 0.3789 0.7729 0.5090
vn 0.3444 0.7130 0.6107
vn 0.4671 0.6648 0.5831
vn 0.5097 0.7079 0.4890
vn 0.0246 0.7481 0.6631
vn 0.0272 0.8398 0.5422
vn -0.1567 0.8207 0.5494
vn -0.1368 0.7200 0.6804
vn 0.0137 0.4246 0.9053
vn 0.0246 0.7481 0.6631
vn -0.1368 0.7200 0.6804
vn -0.0744 0.3903 0.9177
vn 0.0246 0.7481 0.6631
vn 0.0137 0.4246 0.9053
vn 0.1126 0.4473 0.8873
vn 0.1929 0.7458 0.6377
vn 0.0272 0.8398 0.5422
vn 0.0246 0.7481 0.6631
vn 0.1929 0.7458 0.6377
vn 0.2141 0.8219 0.5279
vn -0.2729 0.6765 0.6840
vn -0.3115 0.7731 0.5525
vn -0.4266 0.7143 0.5548
vn -0.3764 0.6275 0.6816
vn -0.1477 0.3635 0.9198
vn -0.2729 0.6765 0.6840
vn -0.3764 0.6275 0.6816
vn -0.2060 0.3416 0.9170
vn -0.2729 0.6765 0.6840
vn -0.1477 0.3635 0.9198
vn -0.0744 0.3903 0.9177
vn -0.1368 0.7200 0.6804
vn -0.3115 0.7731 0.5525
vn -0.2729 0.6765 0.6840
vn -0.1368 0.7200 0.6804
vn -0.1567 0.8207 0.5494
vn -0.5234 0.6721 0.5237
vn -0.5121 0.6485 0.5632
vn -0.4266 0.7143 0.5548
vn -0.4344 0.7381 0.5163
vn -0.5403 0.7041 0.4607
vn -0.5234 0.6721 0.5237
vn -0.4344 0.7381 0.5163
vn -0.4429 0.7724 0.4553
vn -0.5234 0.6721 0.5237
vn -0.5403 0.7041 0.4607
vn -0.6268 0.6268 0.4629
vn -0.6004 0.6004 0.5283
vn -0.5121 0.6485 0.5632
vn -0.5234 0.6721 0.5237
vn -0.6004 0.6004 0.5283
vn -0.5814 0.5814 0.5692
vn 0.7200 0.5367 0.4399
vn 0.6847 0.4914 0.5382
vn 0.5579 0.5447 0.6261
vn 0.6307 0.5920 0.5017
vn 0.8632 0.4530 0.2228
vn 0.7200 0.5367 0.4399
vn 0.6307 0.5920 0.5017
vn 0.8052 0.5499 0.2220
vn 0.7200 0.5367 0.4399
vn 0.8632 0.4530 0.2228
vn 0.9388 0.2660 0.2189
vn 0.8529 0.3427 0.3937
vn 0.6847 0.4914 0.5382
vn 0.7200 0.5367 0.4399
vn 0.8529 0.3427 0.3937
vn 0.8271 0.3132 0.4667
vn 0.6116 0.4376 0.6592
vn 0.6847 0.4914 0.5382
vn 0.8271 0.3132 0.4667
vn 0.7709 0.2907 0.5667
vn 0.3424 0.3106 0.8867
vn 0.6116 0.4376 0.6592
vn 0.7709 0.2907 0.5667
vn 0.4926 0.2456 0.8349
vn 0.6116 0.4376 0.6592
vn 0.3424 0.3106 0.8867
vn 0.1670 0.2241 0.9602
vn 0.4466 0.4504 0.7731
vn 0.6847 0.4914 0.5382
vn 0.6116 0.4376 0.6592
vn 0.4466 0.4504 0.7731
vn 0.5579 0.5447 0.6261
vn -0.9982 -0.0497 0.0346
vn -0.9938 -0.0832 0.0739
vn -0.9957 -0.0923 0.0076
vn -0.9981 -0.0590 -0.0193
vn -0.9982 0.0502 -0.0329
vn -0.9982 -0.0497 0.0346
vn -0.9981 -0.0590 -0.0193
vn -0.9974 -0.0187 -0.0699
vn -0.9982 -0.0497 0.0346
vn -0.9982 0.0502 -0.0329
vn -0.9896 -0.0991 0.1044
vn -0.9644 -0.2516 0.0812
vn -0.9938 -0.0832 0.0739
vn -0.9982 -0.0497 0.0346
vn -0.9644 -0.2516 0.0812
vn -0.9632 -0.2600 0.0678
vn -0.9793 -0.1949 -0.0549
vn -0.9778 -0.2076 -0.0285
vn -0.9397 -0.3391 -0.0455
vn -0.9395 -0.3339 -0.0759
vn -0.9786 -0.1773 -0.1048
vn -0.9793 -0.1949 -0.0549
vn -0.9395 -0.3339 -0.0759
vn -0.9367 -0.3238 -0.1333
vn -0.9793 -0.1949 -0.0549
vn -0.9786 -0.1773 -0.1048
vn -0.9974 -0.0187 -0.0699
vn -0.9981 -0.0590 -0.0193
vn -0.9778 -0.2076 -0.0285
vn -0.9793 -0.1949 -0.0549
vn -0.9981 -0.0590 -0.0193
vn -0.9957 -0.0923 0.0076
vn -0.8807 -0.4639 -0.0960
vn -0.8820 -0.4674 -0.0607
vn -0.8082 -0.5844 -0.0728
vn -0.8052 -0.5820 -0.1136
vn -0.8759 -0.4550 -0.1608
vn -0.8807 -0.4639 -0.0960
vn -0.8052 -0.5820 -0.1136
vn -0.7973 -0.5739 -0.1867
vn -0.8807 -0.4639 -0.0960
vn -0.8759 -0.4550 -0.1608
vn -0.9367 -0.3238 -0.1333
vn -0.9395 -0.3339 -0.0759
vn -0.8820 -0.4674 -0.0607
vn -0.8807 -0.4639 -0.0960
vn -0.9395 -0.3339 -0.0759
vn -0.9397 -0.3391 -0.0455
vn -0.7106 -0.6918 -0.1287
vn -0.7153 -0.6940 -0.0816
vn -0.5964 -0.7978 -0.0885
vn -0.5909 -0.7940 -0.1425
vn -0.6994 -0.6830 -0.2109
vn -0.7106 -0.6918 -0.1287
vn -0.5909 -0.7940 -0.1425
vn -0.5776 -0.7820 -0.2342
vn -0.7106 -0.6918 -0.1287
vn -0.6994 -0.6830 -0.2109
vn -0.7973 -0.5739 -0.1867
vn -0.8052 -0.5820 -0.1136
vn -0.7153 -0.6940 -0.0816
vn -0.7106 -0.6918 -0.1287
vn -0.8052 -0.5820 -0.1136
vn -0.8082 -0.5844 -0.0728
vn -0.4399 -0.8843 -0.1567
vn -0.4439 -0.8909 -0.0964
vn -0.2539 -0.9611 -0.1085
vn -0.2538 -0.9514 -0.1741
vn -0.4277 -0.8664 -0.2577
vn -0.4399 -0.8843 -0.1567
vn -0.2538 -0.9514 -0.1741
vn -0.2483 -0.9265 -0.2826
vn -0.4399 -0.8843 -0.1567
vn -0.4277 -0.8664 -0.2577
vn -0.5776 -0.7820 -0.2342
vn -0.5909 -0.7940 -0.1425
vn -0.4439 -0.8909 -0.0964
vn -0.4399 -0.8843 -0.1567
vn -0.5909 -0.7940 -0.1425
vn -0.5964 -0.7978 -0.0885
vn -0.0453 -0.9797 -0.1954
vn -0.0397 -0.9912 -0.1267
vn 0.1716 -0.9738 -0.1494
vn 0.1606 -0.9625 -0.2187
vn -0.0512 -0.9500 -0.3080
vn -0.0453 -0.9797 -0.1954
vn 0.1606 -0.9625 -0.2187
vn 0.1428 -0.9325 -0.3316
vn -0.0453 -0.9797 -0.1954
vn -0.0512 -0.9500 -0.3080
vn -0.2483 -0.9265 -0.2826
vn -0.2538 -0.9514 -0.1741
vn -0.0397 -0.9912 -0.1267
vn -0.0453 -0.9797 -0.1954
vn -0.2538 -0.9514 -0.1741
vn -0.2539 -0.9611 -0.1085
vn 0.3380 -0.9099 -0.2406
vn 0.3521 -0.9199 -0.1728
vn 0.4917 -0.8492 -0.1926
vn 0.4773 -0.8400 -0.2581
vn 0.3124 -0.8827 -0.3511
vn 0.3380 -0.9099 -0.2406
vn 0.4773 -0.8400 -0.2581
vn 0.4494 -0.8153 -0.3652
vn 0.3380 -0.9099 -0.2406
vn 0.3124 -0.8827 -0.3511
vn 0.1428 -0.9325 -0.3316
vn 0.1606 -0.9625 -0.2187
vn 0.3521 -0.9199 -0.1728
vn 0.3380 -0.9099 -0.2406
vn 0.1606 -0.9625 -0.2187
vn 0.1716 -0.9738 -0.1494
vn -0.8819 -0.4712 0.0132
vn -0.7603 -0.3406 0.5531
vn -0.7449 -0.1304 0.6544
vn -0.9544 -0.2392 0.1785
vn -0.8705 -0.4896 -0.0499
vn -0.8819 -0.4712 0.0132
vn -0.9544 -0.2392 0.1785
vn -0.9632 -0.2600 0.0678
vn -0.8819 -0.4712 0.0132
vn -0.8705 -0.4896 -0.0499
vn -0.7622 -0.6265 -0.1629
vn -0.7748 -0.6292 -0.0619
vn -0.7603 -0.3406 0.5531
vn -0.8819 -0.4712 0.0132
vn -0.7748 -0.6292 -0.0619
vn -0.6674 -0.5463 0.5061
vn -0.2403 -0.0227 0.9704
vn -0.2086 0.0574 0.9763
vn -0.7449 -0.1304 0.6544
vn -0.7603 -0.3406 0.5531
vn -0.2569 -0.1983 0.9459
vn -0.2403 -0.0227 0.9704
vn -0.7603 -0.3406 0.5531
vn -0.6674 -0.5463 0.5061
vn -0.2403 -0.0227 0.9704
vn -0.2569 -0.1983 0.9459
vn -0.0854 -0.0359 0.9957
vn -0.0105 0.1113 0.9937
vn -0.2086 0.0574 0.9763
vn -0.2403 -0.0227 0.9704
vn -0.0105 0.1113 0.9937
vn 0.0086 0.1236 0.9923
vn -0.8637 -0.5041 -0.0052
vn -0.8772 -0.4642 0.1223
vn -0.7782 -0.6188 0.1068
vn -0.7563 -0.6457 -0.1051
vn -0.8705 -0.4896 -0.0499
vn -0.8637 -0.5041 -0.0052
vn -0.7563 -0.6457 -0.1051
vn -0.7622 -0.6265 -0.1629
vn -0.8637 -0.5041 -0.0052
vn -0.8705 -0.4896 -0.0499
vn -0.9632 -0.2600 0.0678
vn -0.9644 -0.2516 0.0812
vn -0.8772 -0.4642 0.1223
vn -0.8637 -0.5041 -0.0052
vn -0.9644 -0.2516 0.0812
vn -0.9896 -0.0991 0.1044
vn -0.8889 -0.3132 0.3344
vn -0.8491 -0.1374 0.5101
vn -0.6654 -0.2542 0.7019
vn -0.7677 -0.4754 0.4296
vn -0.8772 -0.4642 0.1223
vn -0.8889 -0.3132 0.3344
vn -0.7677 -0.4754 0.4296
vn -0.7782 -0.6188 0.1068
vn -0.8889 -0.3132 0.3344
vn -0.8772 -0.4642 0.1223
vn -0.9896 -0.0991 0.1044
vn -0.9833 -0.0316 0.1793
vn -0.8491 -0.1374 0.5101
vn -0.8889 -0.3132 0.3344
vn -0.9833 -0.0316 0.1793
vn -0.9514 0.1778 0.2514
vn -0.9875 0.1410 -0.0707
vn -0.9757 0.2183 -0.0208
vn -0.9896 -0.0991 0.1044
vn -0.9982 0.0502 -0.0329
vn -0.9950 0.0063 -0.0993
vn -0.9875 0.1410 -0.0707
vn -0.9982 0.0502 -0.0329
vn -0.9974 -0.0187 -0.0699
vn -0.9875 0.1410 -0.0707
vn -0.9950 0.0063 -0.0993
vn -0.9944 0.0170 -0.1046
vn -0.9856 0.1488 -0.0809
vn -0.9757 0.2183 -0.0208
vn -0.9875 0.1410 -0.0707
vn -0.9856 0.1488 -0.0809
vn -0.9721 0.2235 -0.0710
vn -0.9781 -0.1603 -0.1325
vn -0.9950 0.0063 -0.0993
vn -0.9974 -0.0187 -0.0699
vn -0.9786 -0.1773 -0.1048
vn -0.9361 -0.3106 -0.1649
vn -0.9781 -0.1603 -0.1325
vn -0.9786 -0.1773 -0.1048
vn -0.9367 -0.3238 -0.1333
vn -0.9781 -0.1603 -0.1325
vn -0.9361 -0.3106 -0.1649
vn -0.9382 -0.3015 -0.1701
vn -0.9792 -0.1494 -0.1370
vn -0.9950 0.0063 -0.0993
vn -0.9781 -0.1603 -0.1325
vn -0.9792 -0.1494 -0.1370
vn -0.9944 0.0170 -0.1046
vn -0.8741 -0.4444 -0.1961
vn -0.9361 -0.3106 -0.1649
vn -0.9367 -0.3238 -0.1333
vn -0.8759 -0.4550 -0.1608
vn -0.7927 -0.5662 -0.2258
vn -0.8741 -0.4444 -0.1961
vn -0.8759 -0.4550 -0.1608
vn -0.7973 -0.5739 -0.1867
vn -0.8741 -0.4444 -0.1961
vn -0.7927 -0.5662 -0.2258
vn -0.7926 -0.5634 -0.2332
vn -0.8757 -0.4383 -0.2023
vn -0.9361 -0.3106 -0.1649
vn -0.8741 -0.4444 -0.1961
vn -0.8757 -0.4383 -0.2023
vn -0.9382 -0.3015 -0.1701
vn -0.6911 -0.6767 -0.2539
vn -0.7927 -0.5662 -0.2258
vn -0.7973 -0.5739 -0.1867
vn -0.6994 -0.6830 -0.2109
vn -0.5666 -0.7746 -0.2810
vn -0.6911 -0.6767 -0.2539
vn -0.6994 -0.6830 -0.2109
vn -0.5776 -0.7820 -0.2342
vn -0.6911 -0.6767 -0.2539
vn -0.5666 -0.7746 -0.2810
vn -0.5620 -0.7745 -0.2903
vn -0.6884 -0.6762 -0.2623
vn -0.7927 -0.5662 -0.2258
vn -0.6911 -0.6767 -0.2539
vn -0.6884 -0.6762 -0.2623
vn -0.7926 -0.5634 -0.2332
vn -0.4174 -0.8550 -0.3078
vn -0.5666 -0.7746 -0.2810
vn -0.5776 -0.7820 -0.2342
vn -0.4277 -0.8664 -0.2577
vn -0.2447 -0.9100 -0.3349
vn -0.4174 -0.8550 -0.3078
vn -0.4277 -0.8664 -0.2577
vn -0.2483 -0.9265 -0.2826
vn -0.4174 -0.8550 -0.3078
vn -0.2447 -0.9100 -0.3349
vn -0.2443 -0.9065 -0.3443
vn -0.4133 -0.8535 -0.3175
vn -0.5666 -0.7746 -0.2810
vn -0.4174 -0.8550 -0.3078
vn -0.4133 -0.8535 -0.3175
vn -0.5620 -0.7745 -0.2903
vn -0.0586 -0.9308 -0.3609
vn -0.2447 -0.9100 -0.3349
vn -0.2483 -0.9265 -0.2826
vn -0.0512 -0.9500 -0.3080
vn 0.1248 -0.9148 -0.3840
vn -0.0586 -0.9308 -0.3609
vn -0.0512 -0.9500 -0.3080
vn 0.1428 -0.9325 -0.3316
vn -0.0586 -0.9308 -0.3609
vn 0.1248 -0.9148 -0.3840
vn 0.1139 -0.9126 -0.3927
vn -0.0642 -0.9269 -0.3699
vn -0.2447 -0.9100 -0.3349
vn -0.0586 -0.9308 -0.3609
vn -0.0642 -0.9269 -0.3699
vn -0.2443 -0.9065 -0.3443
vn 0.2891 -0.8686 -0.4025
vn 0.1248 -0.9148 -0.3840
vn 0.1428 -0.9325 -0.3316
vn 0.3124 -0.8827 -0.3511
vn 0.4266 -0.8035 -0.4152
vn 0.2891 -0.8686 -0.4025
vn 0.3124 -0.8827 -0.3511
vn 0.4494 -0.8153 -0.3652
vn 0.2891 -0.8686 -0.4025
vn 0.4266 -0.8035 -0.4152
vn 0.4160 -0.8045 -0.4239
vn 0.2764 -0.8687 -0.4111
vn 0.1248 -0.9148 -0.3840
vn 0.2891 -0.8686 -0.4025
vn 0.2764 -0.8687 -0.4111
vn 0.1139 -0.9126 -0.3927
vn 0.5172 -0.7447 -0.4218
vn 0.4266 -0.8035 -0.4152
vn 0.4494 -0.8153 -0.3652
vn 0.5253 -0.7700 -0.3622
vn 0.5423 -0.7191 -0.4345
vn 0.5172 -0.7447 -0.4218
vn 0.5253 -0.7700 -0.3622
vn 0.6403 -0.6403 -0.4244
vn 0.5172 -0.7447 -0.4218
vn 0.5423 -0.7191 -0.4345
vn 0.5373 -0.7231 -0.4341
vn 0.5089 -0.7454 -0.4305
vn 0.4266 -0.8035 -0.4152
vn 0.5172 -0.7447 -0.4218
vn 0.5089 -0.7454 -0.4305
vn 0.4160 -0.8045 -0.4239
vn -0.9514 0.3079 0.0104
vn -0.9217 0.3879 0.0045
vn -0.9514 0.1778 0.2514
vn -0.9833 -0.0316 0.1793
vn -0.9757 0.2183 -0.0208
vn -0.9514 0.3079 0.0104
vn -0.9833 -0.0316 0.1793
vn -0.9896 -0.0991 0.1044
vn -0.9514 0.3079 0.0104
vn -0.9757 0.2183 -0.0208
vn -0.9721 0.2235 -0.0710
vn -0.9452 0.3193 -0.0681
vn -0.9217 0.3879 0.0045
vn -0.9514 0.3079 0.0104
vn -0.9452 0.3193 -0.0681
vn -0.9201 0.3850 -0.0724
vn -0.9885 0.1506 -0.0141
vn -0.9750 0.2221 -0.0032
vn -0.9721 0.2235 -0.0710
vn -0.9856 0.1488 -0.0809
vn -0.9992 0.0177 -0.0345
vn -0.9885 0.1506 -0.0141
vn -0.9856 0.1488 -0.0809
vn -0.9944 0.0170 -0.1046
vn -0.9885 0.1506 -0.0141
vn -0.9992 0.0177 -0.0345
vn -0.9990 0.0277 0.0363
vn -0.9859 0.1589 0.0531
vn -0.9750 0.2221 -0.0032
vn -0.9885 0.1506 -0.0141
vn -0.9859 0.1589 0.0531
vn -0.9712 0.2292 0.0650
vn -0.9868 -0.1503 -0.0595
vn -0.9992 0.0177 -0.0345
vn -0.9944 0.0170 -0.1046
vn -0.9792 -0.1494 -0.1370
vn -0.9486 -0.3054 -0.0833
vn -0.9868 -0.1503 -0.0595
vn -0.9792 -0.1494 -0.1370
vn -0.9382 -0.3015 -0.1701
vn -0.9868 -0.1503 -0.0595
vn -0.9486 -0.3054 -0.0833
vn -0.9543 -0.2989 0.0046
vn -0.9898 -0.1412 0.0189
vn -0.9992 0.0177 -0.0345
vn -0.9868 -0.1503 -0.0595
vn -0.9898 -0.1412 0.0189
vn -0.9990 0.0277 0.0363
vn -0.8885 -0.4468 -0.1048
vn -0.9486 -0.3054 -0.0833
vn -0.9382 -0.3015 -0.1701
vn -0.8757 -0.4383 -0.2023
vn -0.8067 -0.5779 -0.1236
vn -0.8885 -0.4468 -0.1048
vn -0.8757 -0.4383 -0.2023
vn -0.7926 -0.5634 -0.2332
vn -0.8885 -0.4468 -0.1048
vn -0.8067 -0.5779 -0.1236
vn -0.8156 -0.5785 -0.0122
vn -0.8962 -0.4436 -0.0058
vn -0.9486 -0.3054 -0.0833
vn -0.8885 -0.4468 -0.1048
vn -0.8962 -0.4436 -0.0058
vn -0.9543 -0.2989 0.0046
vn -0.7029 -0.6974 -0.1398
vn -0.8067 -0.5779 -0.1236
vn -0.7926 -0.5634 -0.2332
vn -0.6884 -0.6762 -0.2623
vn -0.5756 -0.8031 -0.1542
vn -0.7029 -0.6974 -0.1398
vn -0.6884 -0.6762 -0.2623
vn -0.5620 -0.7745 -0.2903
vn -0.7029 -0.6974 -0.1398
vn -0.5756 -0.8031 -0.1542
vn -0.5846 -0.8112 -0.0154
vn -0.7121 -0.7019 -0.0149
vn -0.8067 -0.5779 -0.1236
vn -0.7029 -0.6974 -0.1398
vn -0.7121 -0.7019 -0.0149
vn -0.8156 -0.5785 -0.0122
vn -0.4247 -0.8897 -0.1677
vn -0.5756 -0.8031 -0.1542
vn -0.5620 -0.7745 -0.2903
vn -0.4133 -0.8535 -0.3175
vn -0.2519 -0.9505 -0.1819
vn -0.4247 -0.8897 -0.1677
vn -0.4133 -0.8535 -0.3175
vn -0.2443 -0.9065 -0.3443
vn -0.4247 -0.8897 -0.1677
vn -0.2519 -0.9505 -0.1819
vn -0.2599 -0.9655 -0.0166
vn -0.4332 -0.9012 -0.0152
vn -0.5756 -0.8031 -0.1542
vn -0.4247 -0.8897 -0.1677
vn -0.4332 -0.9012 -0.0152
vn -0.5846 -0.8112 -0.0154
vn -0.0662 -0.9782 -0.1971
vn -0.2519 -0.9505 -0.1819
vn -0.2443 -0.9065 -0.3443
vn -0.0642 -0.9269 -0.3699
vn 0.1201 -0.9697 -0.2128
vn -0.0662 -0.9782 -0.1971
vn -0.0642 -0.9269 -0.3699
vn 0.1139 -0.9126 -0.3927
vn -0.0662 -0.9782 -0.1971
vn 0.1201 -0.9697 -0.2128
vn 0.1164 -0.9928 -0.0297
vn -0.0727 -0.9971 -0.0213
vn -0.2519 -0.9505 -0.1819
vn -0.0662 -0.9782 -0.1971
vn -0.0727 -0.9971 -0.0213
vn -0.2599 -0.9655 -0.0166
vn 0.2928 -0.9287 -0.2277
vn 0.1201 -0.9697 -0.2128
vn 0.1139 -0.9126 -0.3927
vn 0.2764 -0.8687 -0.4111
vn 0.4437 -0.8635 -0.2397
vn 0.2928 -0.9287 -0.2277
vn 0.2764 -0.8687 -0.4111
vn 0.4160 -0.8045 -0.4239
vn 0.2928 -0.9287 -0.2277
vn 0.4437 -0.8635 -0.2397
vn 0.4516 -0.8908 -0.0511
vn 0.2941 -0.9549 -0.0405
vn 0.1201 -0.9697 -0.2128
vn 0.2928 -0.9287 -0.2277
vn 0.2941 -0.9549 -0.0405
vn 0.1164 -0.9928 -0.0297
vn 0.5446 -0.8012 -0.2479
vn 0.4437 -0.8635 -0.2397
vn 0.4160 -0.8045 -0.4239
vn 0.5089 -0.7454 -0.4305
vn 0.5760 -0.7787 -0.2486
vn 0.5446 -0.8012 -0.2479
vn 0.5089 -0.7454 -0.4305
vn 0.5373 -0.7231 -0.4341
vn 0.5446 -0.8012 -0.2479
vn 0.5760 -0.7787 -0.2486
vn 0.5910 -0.8043 -0.0628
vn 0.5579 -0.8279 -0.0583
vn 0.4437 -0.8635 -0.2397
vn 0.5446 -0.8012 -0.2479
vn 0.5579 -0.8279 -0.0583
vn 0.4516 -0.8908 -0.0511
vn -0.9505 0.3107 0.0018
vn -0.9270 0.3750 0.0021
vn -0.9201 0.3850 -0.0724
vn -0.9452 0.3193 -0.0681
vn -0.9750 0.2221 -0.0032
vn -0.9505 0.3107 0.0018
vn -0.9452 0.3193 -0.0681
vn -0.9721 0.2235 -0.0710
vn -0.9505 0.3107 0.0018
vn -0.9750 0.2221 -0.0032
vn -0.9712 0.2292 0.0650
vn -0.9458 0.3164 0.0727
vn -0.9270 0.3750 0.0021
vn -0.9505 0.3107 0.0018
vn -0.9458 0.3164 0.0727
vn -0.9223 0.3785 0.0774
vn -0.9803 0.1817 0.0777
vn -0.9639 0.2508 0.0895
vn -0.9712 0.2292 0.0650
vn -0.9859 0.1589 0.0531
vn -0.9969 0.0502 0.0609
vn -0.9803 0.1817 0.0777
vn -0.9859 0.1589 0.0531
vn -0.9990 0.0277 0.0363
vn -0.9803 0.1817 0.0777
vn -0.9969 0.0502 0.0609
vn -0.9695 0.0718 0.2342
vn -0.9473 0.1996 0.2505
vn -0.9639 0.2508 0.0895
vn -0.9803 0.1817 0.0777
vn -0.9473 0.1996 0.2505
vn -0.9281 0.2648 0.2616
vn -0.9916 -0.1218 0.0433
vn -0.9969 0.0502 0.0609
vn -0.9990 0.0277 0.0363
vn -0.9898 -0.1412 0.0189
vn -0.9581 -0.2851 0.0286
vn -0.9916 -0.1218 0.0433
vn -0.9898 -0.1412 0.0189
vn -0.9543 -0.2989 0.0046
vn -0.9916 -0.1218 0.0433
vn -0.9581 -0.2851 0.0286
vn -0.9424 -0.2654 0.2036
vn -0.9710 -0.0991 0.2174
vn -0.9969 0.0502 0.0609
vn -0.9916 -0.1218 0.0433
vn -0.9710 -0.0991 0.2174
vn -0.9695 0.0718 0.2342
vn -0.8996 -0.4364 0.0180
vn -0.9581 -0.2851 0.0286
vn -0.9543 -0.2989 0.0046
vn -0.8962 -0.4436 -0.0058
vn -0.8167 -0.5770 0.0115
vn -0.8996 -0.4364 0.0180
vn -0.8962 -0.4436 -0.0058
vn -0.8156 -0.5785 -0.0122
vn -0.8996 -0.4364 0.0180
vn -0.8167 -0.5770 0.0115
vn -0.8033 -0.5653 0.1876
vn -0.8862 -0.4209 0.1937
vn -0.9581 -0.2851 0.0286
vn -0.8996 -0.4364 0.0180
vn -0.8862 -0.4209 0.1937
vn -0.9424 -0.2654 0.2036
vn -0.7100 -0.7041 0.0086
vn -0.8167 -0.5770 0.0115
vn -0.8156 -0.5785 -0.0122
vn -0.7121 -0.7019 -0.0149
vn -0.5802 -0.8144 0.0082
vn -0.7100 -0.7041 0.0086
vn -0.7121 -0.7019 -0.0149
vn -0.5846 -0.8112 -0.0154
vn -0.7100 -0.7041 0.0086
vn -0.5802 -0.8144 0.0082
vn -0.5659 -0.8036 0.1845
vn -0.6956 -0.6942 0.1850
vn -0.8167 -0.5770 0.0115
vn -0.7100 -0.7041 0.0086
vn -0.6956 -0.6942 0.1850
vn -0.8033 -0.5653 0.1876
vn -0.4291 -0.9032 0.0083
vn -0.5802 -0.8144 0.0082
vn -0.5846 -0.8112 -0.0154
vn -0.4332 -0.9012 -0.0152
vn -0.2599 -0.9656 0.0070
vn -0.4291 -0.9032 0.0083
vn -0.4332 -0.9012 -0.0152
vn -0.2599 -0.9655 -0.0166
vn -0.4291 -0.9032 0.0083
vn -0.2599 -0.9656 0.0070
vn -0.2553 -0.9492 0.1837
vn -0.4177 -0.8896 0.1848
vn -0.5802 -0.8144 0.0082
vn -0.4291 -0.9032 0.0083
vn -0.4177 -0.8896 0.1848
vn -0.5659 -0.8036 0.1845
vn -0.0794 -0.9968 0.0025
vn -0.2599 -0.9656 0.0070
vn -0.2599 -0.9655 -0.0166
vn -0.0727 -0.9971 -0.0213
vn 0.1036 -0.9946 -0.0056
vn -0.0794 -0.9968 0.0025
vn -0.0727 -0.9971 -0.0213
vn 0.1164 -0.9928 -0.0297
vn -0.0794 -0.9968 0.0025
vn 0.1036 -0.9946 -0.0056
vn 0.0899 -0.9808 0.1729
vn -0.0842 -0.9801 0.1798
vn -0.2599 -0.9656 0.0070
vn -0.0794 -0.9968 0.0025
vn -0.0842 -0.9801 0.1798
vn -0.2553 -0.9492 0.1837
vn 0.2786 -0.9603 -0.0163
vn 0.1036 -0.9946 -0.0056
vn 0.1164 -0.9928 -0.0297
vn 0.2941 -0.9549 -0.0405
vn 0.4388 -0.8982 -0.0270
vn 0.2786 -0.9603 -0.0163
vn 0.2941 -0.9549 -0.0405
vn 0.4516 -0.8908 -0.0511
vn 0.2786 -0.9603 -0.0163
vn 0.4388 -0.8982 -0.0270
vn 0.4209 -0.8939 0.1540
vn 0.2599 -0.9517 0.1635
vn 0.1036 -0.9946 -0.0056
vn 0.2786 -0.9603 -0.0163
vn 0.2599 -0.9517 0.1635
vn 0.0899 -0.9808 0.1729
vn 0.5493 -0.8349 -0.0343
vn 0.4388 -0.8982 -0.0270
vn 0.4516 -0.8908 -0.0511
vn 0.5579 -0.8279 -0.0583
vn 0.5832 -0.8099 -0.0627
vn 0.5493 -0.8349 -0.0343
vn 0.5579 -0.8279 -0.0583
vn 0.5910 -0.8043 -0.0628
vn 0.5493 -0.8349 -0.0343
vn 0.5832 -0.8099 -0.0627
vn 0.7069 -0.7069 0.0223
vn 0.5795 -0.7945 0.1816
vn 0.4388 -0.8982 -0.0270
vn 0.5493 -0.8349 -0.0343
vn 0.5795 -0.7945 0.1816
vn 0.4209 -0.8939 0.1540
vn -0.9377 0.3337 0.0969
vn -0.9145 0.3916 0.1014
vn -0.9223 0.3785 0.0774
vn -0.9458 0.3164 0.0727
vn -0.9639 0.2508 0.0895
vn -0.9377 0.3337 0.0969
vn -0.9458 0.3164 0.0727
vn -0.9712 0.2292 0.0650
vn -0.9377 0.3337 0.0969
vn -0.9639 0.2508 0.0895
vn -0.9281 0.2648 0.2616
vn -0.9013 0.3405 0.2677
vn -0.9145 0.3916 0.1014
vn -0.9377 0.3337 0.0969
vn -0.9013 0.3405 0.2677
vn -0.8784 0.3922 0.2729
vn -0.5817 0.1283 0.8032
vn -0.5771 0.1700 0.7988
vn -0.9281 0.2648 0.2616
vn -0.9473 0.1996 0.2505
vn -0.6205 0.0515 0.7825
vn -0.5817 0.1283 0.8032
vn -0.9473 0.1996 0.2505
vn -0.9695 0.0718 0.2342
vn -0.5817 0.1283 0.8032
vn -0.6205 0.0515 0.7825
vn -0.1019 0.0093 0.9948
vn -0.0311 0.0111 0.9995
vn -0.5771 0.1700 0.7988
vn -0.5817 0.1283 0.8032
vn -0.0311 0.0111 0.9995
vn -0.1098 0.0266 0.9936
vn -0.6146 -0.0587 0.7867
vn -0.6205 0.0515 0.7825
vn -0.9695 0.0718 0.2342
vn -0.9710 -0.0991 0.2174
vn -0.6110 -0.1695 0.7733
vn -0.6146 -0.0587 0.7867
vn -0.9710 -0.0991 0.2174
vn -0.9424 -0.2654 0.2036
vn -0.6146 -0.0587 0.7867
vn -0.6110 -0.1695 0.7733
vn -0.0983 -0.0284 0.9947
vn -0.0341 -0.0043 0.9994
vn -0.6205 0.0515 0.7825
vn -0.6146 -0.0587 0.7867
vn -0.0341 -0.0043 0.9994
vn -0.1019 0.0093 0.9948
vn -0.5651 -0.2673 0.7805
vn -0.6110 -0.1695 0.7733
vn -0.9424 -0.2654 0.2036
vn -0.8862 -0.4209 0.1937
vn -0.5227 -0.3682 0.7689
vn -0.5651 -0.2673 0.7805
vn -0.8862 -0.4209 0.1937
vn -0.8033 -0.5653 0.1876
vn -0.5651 -0.2673 0.7805
vn -0.5227 -0.3682 0.7689
vn -0.0815 -0.0590 0.9949
vn -0.0293 -0.0149 0.9995
vn -0.6110 -0.1695 0.7733
vn -0.5651 -0.2673 0.7805
vn -0.0293 -0.0149 0.9995
vn -0.0983 -0.0284 0.9947
vn -0.4434 -0.4442 0.7785
vn -0.5227 -0.3682 0.7689
vn -0.8033 -0.5653 0.1876
vn -0.6956 -0.6942 0.1850
vn -0.3668 -0.5239 0.7688
vn -0.4434 -0.4442 0.7785
vn -0.6956 -0.6942 0.1850
vn -0.5659 -0.8036 0.1845
vn -0.4434 -0.4442 0.7785
vn -0.3668 -0.5239 0.7688
vn -0.0554 -0.0814 0.9951
vn -0.0214 -0.0229 0.9995
vn -0.5227 -0.3682 0.7689
vn -0.4434 -0.4442 0.7785
vn -0.0214 -0.0229 0.9995
vn -0.0815 -0.0590 0.9949
vn -0.2651 -0.5680 0.7791
vn -0.3668 -0.5239 0.7688
vn -0.5659 -0.8036 0.1845
vn -0.4177 -0.8896 0.1848
vn -0.1654 -0.6171 0.7693
vn -0.2651 -0.5680 0.7791
vn -0.4177 -0.8896 0.1848
vn -0.2553 -0.9492 0.1837
vn -0.2651 -0.5680 0.7791
vn -0.1654 -0.6171 0.7693
vn -0.0238 -0.0935 0.9953
vn -0.0118 -0.0276 0.9996
vn -0.3668 -0.5239 0.7688
vn -0.2651 -0.5680 0.7791
vn -0.0118 -0.0276 0.9996
vn -0.0554 -0.0814 0.9951
vn -0.0545 -0.6255 0.7783
vn -0.1654 -0.6171 0.7693
vn -0.2553 -0.9492 0.1837
vn -0.0842 -0.9801 0.1798
vn 0.0565 -0.6394 0.7668
vn -0.0545 -0.6255 0.7783
vn -0.0842 -0.9801 0.1798
vn 0.0899 -0.9808 0.1729
vn -0.0545 -0.6255 0.7783
vn 0.0565 -0.6394 0.7668
vn 0.0093 -0.0943 0.9955
vn -0.0017 -0.0287 0.9996
vn -0.1654 -0.6171 0.7693
vn -0.0545 -0.6255 0.7783
vn -0.0017 -0.0287 0.9996
vn -0.0238 -0.0935 0.9953
vn 0.1640 -0.6114 0.7742
vn 0.0565 -0.6394 0.7668
vn 0.0899 -0.9808 0.1729
vn 0.2599 -0.9517 0.1635
vn 0.2735 -0.5876 0.7616
vn 0.1640 -0.6114 0.7742
vn 0.2599 -0.9517 0.1635
vn 0.4209 -0.8939 0.1540
vn 0.1640 -0.6114 0.7742
vn 0.2735 -0.5876 0.7616
vn 0.0399 -0.0850 0.9956
vn 0.0078 -0.0267 0.9996
vn 0.0565 -0.6394 0.7668
vn 0.1640 -0.6114 0.7742
vn 0.0078 -0.0267 0.9996
vn 0.0093 -0.0943 0.9955
vn 0.3664 -0.5235 0.7692
vn 0.2735 -0.5876 0.7616
vn 0.4209 -0.8939 0.1540
vn 0.5795 -0.7945 0.1816
vn 0.4770 -0.4770 0.7383
vn 0.3664 -0.5235 0.7692
vn 0.5795 -0.7945 0.1816
vn 0.7069 -0.7069 0.0223
vn 0.3664 -0.5235 0.7692
vn 0.4770 -0.4770 0.7383
vn 0.0663 -0.0663 0.9956
vn 0.0158 -0.0221 0.9996
vn 0.2735 -0.5876 0.7616
vn 0.3664 -0.5235 0.7692
vn 0.0158 -0.0221 0.9996
vn 0.0399 -0.0850 0.9956
vn -0.5514 0.2123 0.8068
vn -0.5392 0.2450 0.8058
vn -0.8784 0.3922 0.2729
vn -0.9013 0.3405 0.2677
vn -0.5771 0.1700 0.7988
vn -0.5514 0.2123 0.8068
vn -0.9013 0.3405 0.2677
vn -0.9281 0.2648 0.2616
vn -0.5514 0.2123 0.8068
vn -0.5771 0.1700 0.7988
vn -0.1098 0.0266 0.9936
vn -0.0161 0.0200 0.9997
vn -0.5392 0.2450 0.8058
vn -0.5514 0.2123 0.8068
vn -0.0161 0.0200 0.9997
vn -0.0986 0.0581 0.9934
vn -0.5874 0.7830 0.2047
vn -0.6922 0.6922 0.2044
vn -0.6737 0.6737 0.3039
vn -0.5708 0.7628 0.3039
vn -0.4474 0.8716 0.2002
vn -0.5874 0.7830 0.2047
vn -0.5708 0.7628 0.3039
vn -0.4454 0.8437 0.2996
vn -0.5874 0.7830 0.2047
vn -0.4474 0.8716 0.2002
vn -0.4434 0.8853 0.1400
vn -0.5923 0.7912 0.1524
vn -0.6922 0.6922 0.2044
vn -0.5874 0.7830 0.2047
vn -0.5923 0.7912 0.1524
vn -0.6983 0.6983 0.1577
vn 0.8247 -0.5566 -0.1002
vn 0.7029 -0.7029 -0.1090
vn 0.6790 -0.6790 -0.2791
vn 0.7922 -0.5461 -0.2725
vn 0.9156 -0.3943 -0.0789
vn 0.8247 -0.5566 -0.1002
vn 0.7922 -0.5461 -0.2725
vn 0.8816 -0.3973 -0.2549
vn 0.8247 -0.5566 -0.1002
vn 0.9156 -0.3943 -0.0789
vn 0.9269 -0.3753 -0.0035
vn 0.8367 -0.5469 -0.0274
vn 0.7029 -0.7029 -0.1090
vn 0.8247 -0.5566 -0.1002
vn 0.8367 -0.5469 -0.0274
vn 0.7066 -0.7066 -0.0390
vn -0.4527 0.5703 0.6854
vn -0.5123 0.5123 0.6893
vn -0.2813 0.2813 0.9175
vn -0.2489 0.3126 0.9167
vn -0.3764 0.6275 0.6816
vn -0.4527 0.5703 0.6854
vn -0.2489 0.3126 0.9167
vn -0.2060 0.3416 0.9170
vn -0.4527 0.5703 0.6854
vn -0.3764 0.6275 0.6816
vn -0.4266 0.7143 0.5548
vn -0.5121 0.6485 0.5632
vn -0.5123 0.5123 0.6893
vn -0.4527 0.5703 0.6854
vn -0.5121 0.6485 0.5632
vn -0.5814 0.5814 0.5692
vn -0.5521 0.7304 0.4021
vn -0.6471 0.6471 0.4031
vn -0.6268 0.6268 0.4629
vn -0.5403 0.7041 0.4607
vn -0.4422 0.8042 0.3972
vn -0.5521 0.7304 0.4021
vn -0.5403 0.7041 0.4607
vn -0.4429 0.7724 0.4553
vn -0.5521 0.7304 0.4021
vn -0.4422 0.8042 0.3972
vn -0.4454 0.8437 0.2996
vn -0.5708 0.7628 0.3039
vn -0.6471 0.6471 0.4031
vn -0.5521 0.7304 0.4021
vn -0.5708 0.7628 0.3039
vn -0.6737 0.6737 0.3039
vn 0.8761 -0.3001 -0.3773
vn 0.6366 -0.6366 -0.4352
vn 0.6824 -0.6824 -0.2621
vn 0.8867 -0.4031 -0.2264
vn 0.9827 0.0592 -0.1754
vn 0.8761 -0.3001 -0.3773
vn 0.8867 -0.4031 -0.2264
vn 0.9871 -0.1472 -0.0624
vn 0.8761 -0.3001 -0.3773
vn 0.9827 0.0592 -0.1754
vn 0.9589 0.1665 -0.2296
vn 0.8537 -0.2667 -0.4472
vn 0.6366 -0.6366 -0.4352
vn 0.8761 -0.3001 -0.3773
vn 0.8537 -0.2667 -0.4472
vn 0.6094 -0.6094 -0.5073
vn -0.3855 0.5515 -0.7397
vn -0.4821 0.4821 -0.7316
vn -0.6913 0.6913 -0.2100
vn -0.5620 0.7933 -0.2340
vn -0.2772 0.5980 -0.7521
vn -0.3855 0.5515 -0.7397
vn -0.5620 0.7933 -0.2340
vn -0.4096 0.8710 -0.2713
vn -0.3855 0.5515 -0.7397
vn -0.2772 0.5980 -0.7521
vn -0.1494 0.3227 -0.9346
vn -0.2036 0.2916 -0.9346
vn -0.4821 0.4821 -0.7316
vn -0.3855 0.5515 -0.7397
vn -0.2036 0.2916 -0.9346
vn -0.2515 0.2515 -0.9346
vn 0.1626 -0.1132 -0.9802
vn 0.1453 -0.1453 -0.9787
vn 0.0310 -0.0310 -0.9990
vn 0.0104 -0.0073 -0.9999
vn 0.1883 -0.0867 -0.9783
vn 0.1626 -0.1132 -0.9802
vn 0.0104 -0.0073 -0.9999
vn 0.0399 -0.0181 -0.9990
vn 0.1626 -0.1132 -0.9802
vn 0.1883 -0.0867 -0.9783
vn 0.3109 -0.1430 -0.9396
vn 0.2789 -0.1941 -0.9405
vn 0.1453 -0.1453 -0.9787
vn 0.1626 -0.1132 -0.9802
vn 0.2789 -0.1941 -0.9405
vn 0.2396 -0.2396 -0.9408
vn 0.7659 -0.5991 0.2332
vn 0.6904 -0.6904 0.2164
vn 0.6925 -0.6925 -0.2019
vn 0.8203 -0.5399 -0.1886
vn 0.8261 -0.4647 0.3189
vn 0.7659 -0.5991 0.2332
vn 0.8203 -0.5399 -0.1886
vn 0.9498 -0.2987 -0.0927
vn 0.7659 -0.5991 0.2332
vn 0.8261 -0.4647 0.3189
vn 0.7262 -0.4868 0.4854
vn 0.7085 -0.5844 0.3956
vn 0.6904 -0.6904 0.2164
vn 0.7659 -0.5991 0.2332
vn 0.7085 -0.5844 0.3956
vn 0.6566 -0.6566 0.3712
vn -0.4580 0.1779 0.8710
vn -0.3273 0.3273 0.8864
vn -0.0440 0.0440 0.9981
vn -0.1318 -0.0756 0.9884
vn -0.6138 -0.0808 0.7853
vn -0.4580 0.1779 0.8710
vn -0.1318 -0.0756 0.9884
vn -0.2473 -0.2733 0.9296
vn -0.4580 0.1779 0.8710
vn -0.6138 -0.0808 0.7853
vn -0.5075 -0.1953 0.8392
vn -0.3263 0.0473 0.9441
vn -0.3273 0.3273 0.8864
vn -0.4580 0.1779 0.8710
vn -0.3263 0.0473 0.9441
vn -0.1924 0.1924 0.9623
vn 0.5890 -0.7620 -0.2691
vn 0.6752 -0.6752 -0.2971
vn 0.6403 -0.6403 -0.4244
vn 0.5253 -0.7700 -0.3622
vn 0.4773 -0.8400 -0.2581
vn 0.5890 -0.7620 -0.2691
vn 0.5253 -0.7700 -0.3622
vn 0.4494 -0.8153 -0.3652
vn 0.5890 -0.7620 -0.2691
vn 0.4773 -0.8400 -0.2581
vn 0.4917 -0.8492 -0.1926
vn 0.6021 -0.7716 -0.2053
vn 0.6752 -0.6752 -0.2971
vn 0.5890 -0.7620 -0.2691
vn 0.6021 -0.7716 -0.2053
vn 0.6914 -0.6914 -0.2097
vn -0.7697 0.0870 0.6324
vn -0.4973 0.4973 0.7109
vn -0.2995 0.2995 0.9058
vn -0.5112 0.0201 0.8593
vn -0.8491 -0.1374 0.5101
vn -0.7697 0.0870 0.6324
vn -0.5112 0.0201 0.8593
vn -0.6654 -0.2542 0.7019
vn -0.7697 0.0870 0.6324
vn -0.8491 -0.1374 0.5101
vn -0.9514 0.1778 0.2514
vn -0.8998 0.3215 0.2950
vn -0.4973 0.4973 0.7109
vn -0.7697 0.0870 0.6324
vn -0.8998 0.3215 0.2950
vn -0.6714 0.6714 0.3138
vn -0.8823 0.4707 0.0022
vn -0.7071 0.7071 -0.0031
vn -0.6714 0.6714 0.3138
vn -0.8998 0.3215 0.2950
vn -0.9217 0.3879 0.0045
vn -0.8823 0.4707 0.0022
vn -0.8998 0.3215 0.2950
vn -0.9514 0.1778 0.2514
vn -0.8823 0.4707 0.0022
vn -0.9217 0.3879 0.0045
vn -0.9201 0.3850 -0.0724
vn -0.8791 0.4691 -0.0845
vn -0.7071 0.7071 -0.0031
vn -0.8823 0.4707 0.0022
vn -0.8791 0.4691 -0.0845
vn -0.7040 0.7040 -0.0929
vn -0.8859 0.4638 -0.0004
vn -0.7071 0.7071 -0.0012
vn -0.7040 0.7040 -0.0929
vn -0.8791 0.4691 -0.0845
vn -0.9270 0.3750 0.0021
vn -0.8859 0.4638 -0.0004
vn -0.8791 0.4691 -0.0845
vn -0.9201 0.3850 -0.0724
vn -0.8859 0.4638 -0.0004
vn -0.9270 0.3750 0.0021
vn -0.9223 0.3785 0.0774
vn -0.8811 0.4654 0.0841
vn -0.7071 0.7071 -0.0012
vn -0.8859 0.4638 -0.0004
vn -0.8811 0.4654 0.0841
vn -0.7042 0.7042 0.0905
vn -0.8738 0.4741 0.1081
vn -0.7025 0.7025 0.1146
vn -0.7042 0.7042 0.0905
vn -0.8811 0.4654 0.0841
vn -0.9145 0.3916 0.1014
vn -0.8738 0.4741 0.1081
vn -0.8811 0.4654 0.0841
vn -0.9223 0.3785 0.0774
vn -0.8738 0.4741 0.1081
vn -0.9145 0.3916 0.1014
vn -0.8784 0.3922 0.2729
vn -0.8387 0.4679 0.2786
vn -0.7025 0.7025 0.1146
vn -0.8738 0.4741 0.1081
vn -0.8387 0.4679 0.2786
vn -0.6778 0.6778 0.2851
vn -0.5153 0.2886 0.8069
vn -0.4344 0.4344 0.7890
vn -0.6778 0.6778 0.2851
vn -0.8387 0.4679 0.2786
vn -0.5392 0.2450 0.8058
vn -0.5153 0.2886 0.8069
vn -0.8387 0.4679 0.2786
vn -0.8784 0.3922 0.2729
vn -0.5153 0.2886 0.8069
vn -0.5392 0.2450 0.8058
vn -0.0986 0.0581 0.9934
vn -0.0255 0.0094 0.9996
vn -0.4344 0.4344 0.7890
vn -0.5153 0.2886 0.8069
vn -0.0255 0.0094 0.9996
vn -0.0713 0.0713 0.9949
vn 0.5250 -0.8491 -0.0576
vn 0.3541 -0.9352 0.0069
vn 0.3753 -0.9269 -0.0035
vn 0.5469 -0.8367 -0.0274
vn 0.7053 -0.7053 -0.0723
vn 0.5250 -0.8491 -0.0576
vn 0.5469 -0.8367 -0.0274
vn 0.7066 -0.7066 -0.0390
vn 0.5250 -0.8491 -0.0576
vn 0.7053 -0.7053 -0.0723
vn 0.6824 -0.6824 -0.2621
vn 0.4031 -0.8867 -0.2264
vn 0.3541 -0.9352 0.0069
vn 0.5250 -0.8491 -0.0576
vn 0.4031 -0.8867 -0.2264
vn 0.1472 -0.9871 -0.0624
vn 0.1848 -0.9793 0.0820
vn 0.0159 -0.9940 0.1086
vn 0.0352 -0.9983 0.0475
vn 0.2034 -0.9788 0.0223
vn 0.3541 -0.9352 0.0069
vn 0.1848 -0.9793 0.0820
vn 0.2034 -0.9788 0.0223
vn 0.3753 -0.9269 -0.0035
vn 0.1848 -0.9793 0.0820
vn 0.3541 -0.9352 0.0069
vn 0.1472 -0.9871 -0.0624
vn 0.0856 -0.9890 0.1203
vn 0.0159 -0.9940 0.1086
vn 0.1848 -0.9793 0.0820
vn 0.0856 -0.9890 0.1203
vn -0.0146 -0.9867 0.1619
vn -0.1460 -0.9804 0.1325
vn -0.3002 -0.9419 0.1507
vn -0.2875 -0.9535 0.0900
vn -0.1290 -0.9891 0.0709
vn 0.0159 -0.9940 0.1086
vn -0.1460 -0.9804 0.1325
vn -0.1290 -0.9891 0.0709
vn 0.0352 -0.9983 0.0475
vn -0.1460 -0.9804 0.1325
vn 0.0159 -0.9940 0.1086
vn -0.0146 -0.9867 0.1619
vn -0.1641 -0.9679 0.1904
vn -0.3002 -0.9419 0.1507
vn -0.1460 -0.9804 0.1325
vn -0.1641 -0.9679 0.1904
vn -0.3075 -0.9287 0.2071
vn -0.4465 -0.8801 0.1616
vn -0.5834 -0.7951 0.1654
vn -0.5827 -0.8054 0.1083
vn -0.4398 -0.8923 0.1022
vn -0.3002 -0.9419 0.1507
vn -0.4465 -0.8801 0.1616
vn -0.4398 -0.8923 0.1022
vn -0.2875 -0.9535 0.0900
vn -0.4465 -0.8801 0.1616
vn -0.3002 -0.9419 0.1507
vn -0.3075 -0.9287 0.2071
vn -0.4450 -0.8686 0.2181
vn -0.5834 -0.7951 0.1654
vn -0.4465 -0.8801 0.1616
vn -0.4450 -0.8686 0.2181
vn -0.5743 -0.7874 0.2241
vn -0.7067 -0.6885 0.1630
vn -0.8124 -0.5614 0.1576
vn -0.8191 -0.5638 0.1059
vn -0.7108 -0.6950 0.1086
vn -0.5834 -0.7951 0.1654
vn -0.7067 -0.6885 0.1630
vn -0.7108 -0.6950 0.1086
vn -0.5827 -0.8054 0.1083
vn -0.7067 -0.6885 0.1630
vn -0.5834 -0.7951 0.1654
vn -0.5743 -0.7874 0.2241
vn -0.6925 -0.6848 0.2270
vn -0.8124 -0.5614 0.1576
vn -0.7067 -0.6885 0.1630
vn -0.6925 -0.6848 0.2270
vn -0.7960 -0.5606 0.2281
vn -0.8970 -0.4149 0.1525
vn -0.9561 -0.2508 0.1514
vn -0.9620 -0.2533 0.1016
vn -0.9039 -0.4152 0.1027
vn -0.8124 -0.5614 0.1576
vn -0.8970 -0.4149 0.1525
vn -0.9039 -0.4152 0.1027
vn -0.8191 -0.5638 0.1059
vn -0.8970 -0.4149 0.1525
vn -0.8124 -0.5614 0.1576
vn -0.7960 -0.5606 0.2281
vn -0.8813 -0.4129 0.2299
vn -0.9561 -0.2508 0.1514
vn -0.8970 -0.4149 0.1525
vn -0.8813 -0.4129 0.2299
vn -0.9413 -0.2407 0.2366
vn -0.9846 -0.0742 0.1582
vn -0.9793 0.1073 0.1713
vn -0.9891 0.0937 0.1135
vn -0.9911 -0.0821 0.1050
vn -0.9561 -0.2508 0.1514
vn -0.9846 -0.0742 0.1582
vn -0.9911 -0.0821 0.1050
vn -0.9620 -0.2533 0.1016
vn -0.9846 -0.0742 0.1582
vn -0.9561 -0.2508 0.1514
vn -0.9413 -0.2407 0.2366
vn -0.9662 -0.0545 0.2521
vn -0.9793 0.1073 0.1713
vn -0.9846 -0.0742 0.1582
vn -0.9662 -0.0545 0.2521
vn -0.9537 0.1296 0.2713
vn -0.9406 0.2833 0.1870
vn -0.8716 0.4474 0.2002
vn -0.8853 0.4434 0.1400
vn -0.9547 0.2696 0.1259
vn -0.9793 0.1073 0.1713
vn -0.9406 0.2833 0.1870
vn -0.9547 0.2696 0.1259
vn -0.9891 0.0937 0.1135
vn -0.9406 0.2833 0.1870
vn -0.9793 0.1073 0.1713
vn -0.9537 0.1296 0.2713
vn -0.9101 0.2983 0.2877
vn -0.8716 0.4474 0.2002
vn -0.9406 0.2833 0.1870
vn -0.9101 0.2983 0.2877
vn -0.8437 0.4454 0.2996
vn -0.1905 -0.9059 0.3783
vn -0.1647 -0.9134 0.3724
vn -0.1503 -0.9431 0.2966
vn -0.1590 -0.9537 0.2553
vn -0.3427 -0.8529 0.3937
vn -0.1905 -0.9059 0.3783
vn -0.1590 -0.9537 0.2553
vn -0.2660 -0.9388 0.2189
vn -0.1905 -0.9059 0.3783
vn -0.3427 -0.8529 0.3937
vn -0.3132 -0.8271 0.4667
vn -0.1631 -0.8906 0.4245
vn -0.1647 -0.9134 0.3724
vn -0.1905 -0.9059 0.3783
vn -0.1631 -0.8906 0.4245
vn -0.1488 -0.9042 0.4005
vn -0.0536 -0.9863 0.1559
vn -0.0791 -0.9727 0.2180
vn -0.0146 -0.9867 0.1619
vn 0.0856 -0.9890 0.1203
vn -0.1324 -0.9899 0.0510
vn -0.0536 -0.9863 0.1559
vn 0.0856 -0.9890 0.1203
vn 0.1472 -0.9871 -0.0624
vn -0.0536 -0.9863 0.1559
vn -0.1324 -0.9899 0.0510
vn -0.2660 -0.9388 0.2189
vn -0.1590 -0.9537 0.2553
vn -0.0791 -0.9727 0.2180
vn -0.0536 -0.9863 0.1559
vn -0.1590 -0.9537 0.2553
vn -0.1503 -0.9431 0.2966
vn 0.2263 -0.9727 -0.0515
vn 0.3943 -0.9156 -0.0789
vn 0.3753 -0.9269 -0.0035
vn 0.2034 -0.9788 0.0223
vn 0.0574 -0.9981 -0.0235
vn 0.2263 -0.9727 -0.0515
vn 0.2034 -0.9788 0.0223
vn 0.0352 -0.9983 0.0475
vn 0.2263 -0.9727 -0.0515
vn 0.0574 -0.9981 -0.0235
vn 0.0743 -0.9763 -0.2033
vn 0.2392 -0.9433 -0.2300
vn 0.3943 -0.9156 -0.0789
vn 0.2263 -0.9727 -0.0515
vn 0.2392 -0.9433 -0.2300
vn 0.3973 -0.8816 -0.2549
vn -0.2190 -0.9009 0.3746
vn -0.3226 -0.8639 0.3868
vn -0.3183 -0.8892 0.3288
vn -0.2120 -0.9250 0.3155
vn -0.1647 -0.9134 0.3724
vn -0.2190 -0.9009 0.3746
vn -0.2120 -0.9250 0.3155
vn -0.1503 -0.9431 0.2966
vn -0.2190 -0.9009 0.3746
vn -0.1647 -0.9134 0.3724
vn -0.1488 -0.9042 0.4005
vn -0.2192 -0.8917 0.3960
vn -0.3226 -0.8639 0.3868
vn -0.2190 -0.9009 0.3746
vn -0.2192 -0.8917 0.3960
vn -0.3302 -0.8512 0.4080
vn -0.1891 -0.9500 0.2483
vn -0.3136 -0.9123 0.2635
vn -0.3075 -0.9287 0.2071
vn -0.1641 -0.9679 0.1904
vn -0.0791 -0.9727 0.2180
vn -0.1891 -0.9500 0.2483
vn -0.1641 -0.9679 0.1904
vn -0.0146 -0.9867 0.1619
vn -0.1891 -0.9500 0.2483
vn -0.0791 -0.9727 0.2180
vn -0.1503 -0.9431 0.2966
vn -0.2120 -0.9250 0.3155
vn -0.3136 -0.9123 0.2635
vn -0.1891 -0.9500 0.2483
vn -0.2120 -0.9250 0.3155
vn -0.3183 -0.8892 0.3288
vn -0.1100 -0.9939 0.0013
vn 0.0574 -0.9981 -0.0235
vn 0.0352 -0.9983 0.0475
vn -0.1290 -0.9891 0.0709
vn -0.2723 -0.9620 0.0196
vn -0.1100 -0.9939 0.0013
vn -0.1290 -0.9891 0.0709
vn -0.2875 -0.9535 0.0900
vn -0.1100 -0.9939 0.0013
vn -0.2723 -0.9620 0.0196
vn -0.2583 -0.9518 -0.1652
vn -0.0937 -0.9792 -0.1797
vn 0.0574 -0.9981 -0.0235
vn -0.1100 -0.9939 0.0013
vn -0.0937 -0.9792 -0.1797
vn 0.0743 -0.9763 -0.2033
vn -0.4410 -0.8017 0.4035
vn -0.5451 -0.7246 0.4217
vn -0.5560 -0.7498 0.3586
vn -0.4415 -0.8288 0.3437
vn -0.3226 -0.8639 0.3868
vn -0.4410 -0.8017 0.4035
vn -0.4415 -0.8288 0.3437
vn -0.3183 -0.8892 0.3288
vn -0.4410 -0.8017 0.4035
vn -0.3226 -0.8639 0.3868
vn -0.3302 -0.8512 0.4080
vn -0.4481 -0.7860 0.4259
vn -0.5451 -0.7246 0.4217
vn -0.4410 -0.8017 0.4035
vn -0.4481 -0.7860 0.4259
vn -0.5477 -0.7075 0.4466
vn -0.4435 -0.8525 0.2768
vn -0.5665 -0.7720 0.2882
vn -0.5743 -0.7874 0.2241
vn -0.4450 -0.8686 0.2181
vn -0.3136 -0.9123 0.2635
vn -0.4435 -0.8525 0.2768
vn -0.4450 -0.8686 0.2181
vn -0.3075 -0.9287 0.2071
vn -0.4435 -0.8525 0.2768
vn -0.3136 -0.9123 0.2635
vn -0.3183 -0.8892 0.3288
vn -0.4415 -0.8288 0.3437
vn -0.5665 -0.7720 0.2882
vn -0.4435 -0.8525 0.2768
vn -0.4415 -0.8288 0.3437
vn -0.5560 -0.7498 0.3586
vn -0.4279 -0.9033 0.0297
vn -0.2723 -0.9620 0.0196
vn -0.2875 -0.9535 0.0900
vn -0.4398 -0.8923 0.1022
vn -0.5737 -0.8184 0.0333
vn -0.4279 -0.9033 0.0297
vn -0.4398 -0.8923 0.1022
vn -0.5827 -0.8054 0.1083
vn -0.4279 -0.9033 0.0297
vn -0.5737 -0.8184 0.0333
vn -0.5599 -0.8098 -0.1755
vn -0.4152 -0.8948 -0.1643
vn -0.2723 -0.9620 0.0196
vn -0.4279 -0.9033 0.0297
vn -0.4152 -0.8948 -0.1643
vn -0.2583 -0.9518 -0.1652
vn -0.6374 -0.6329 0.4396
vn -0.7193 -0.5231 0.4571
vn -0.7512 -0.5350 0.3867
vn -0.6597 -0.6523 0.3733
vn -0.5451 -0.7246 0.4217
vn -0.6374 -0.6329 0.4396
vn -0.6597 -0.6523 0.3733
vn -0.5560 -0.7498 0.3586
vn -0.6374 -0.6329 0.4396
vn -0.5451 -0.7246 0.4217
vn -0.5477 -0.7075 0.4466
vn -0.6335 -0.6166 0.4674
vn -0.7193 -0.5231 0.4571
vn -0.6374 -0.6329 0.4396
vn -0.6335 -0.6166 0.4674
vn -0.7079 -0.5097 0.4890
vn -0.6788 -0.6705 0.2994
vn -0.7771 -0.5481 0.3095
vn -0.7960 -0.5606 0.2281
vn -0.6925 -0.6848 0.2270
vn -0.5665 -0.7720 0.2882
vn -0.6788 -0.6705 0.2994
vn -0.6925 -0.6848 0.2270
vn -0.5743 -0.7874 0.2241
vn -0.6788 -0.6705 0.2994
vn -0.5665 -0.7720 0.2882
vn -0.5560 -0.7498 0.3586
vn -0.6597 -0.6523 0.3733
vn -0.7771 -0.5481 0.3095
vn -0.6788 -0.6705 0.2994
vn -0.6597 -0.6523 0.3733
vn -0.7512 -0.5350 0.3867
vn -0.7048 -0.7087 0.0307
vn -0.5737 -0.8184 0.0333
vn -0.5827 -0.8054 0.1083
vn -0.7108 -0.6950 0.1086
vn -0.8168 -0.5764 0.0243
vn -0.7048 -0.7087 0.0307
vn -0.7108 -0.6950 0.1086
vn -0.8191 -0.5638 0.1059
vn -0.7048 -0.7087 0.0307
vn -0.8168 -0.5764 0.0243
vn -0.7919 -0.5651 -0.2313
vn -0.6869 -0.6988 -0.1996
vn -0.5737 -0.8184 0.0333
vn -0.7048 -0.7087 0.0307
vn -0.6869 -0.6988 -0.1996
vn -0.5599 -0.8098 -0.1755
vn -0.7916 -0.3869 0.4729
vn -0.8460 -0.2154 0.4878
vn -0.8875 -0.2068 0.4117
vn -0.8303 -0.3893 0.3987
vn -0.7193 -0.5231 0.4571
vn -0.7916 -0.3869 0.4729
vn -0.8303 -0.3893 0.3987
vn -0.7512 -0.5350 0.3867
vn -0.7916 -0.3869 0.4729
vn -0.7193 -0.5231 0.4571
vn -0.7079 -0.5097 0.4890
vn -0.7729 -0.3789 0.5090
vn -0.8460 -0.2154 0.4878
vn -0.7916 -0.3869 0.4729
vn -0.7729 -0.3789 0.5090
vn -0.8219 -0.2141 0.5279
vn -0.8596 -0.3989 0.3194
vn -0.9175 -0.2176 0.3330
vn -0.9413 -0.2407 0.2366
vn -0.8813 -0.4129 0.2299
vn -0.7771 -0.5481 0.3095
vn -0.8596 -0.3989 0.3194
vn -0.8813 -0.4129 0.2299
vn -0.7960 -0.5606 0.2281
vn -0.8596 -0.3989 0.3194
vn -0.7771 -0.5481 0.3095
vn -0.7512 -0.5350 0.3867
vn -0.8303 -0.3893 0.3987
vn -0.9175 -0.2176 0.3330
vn -0.8596 -0.3989 0.3194
vn -0.8303 -0.3893 0.3987
vn -0.8875 -0.2068 0.4117
vn -0.9049 -0.4252 0.0175
vn -0.8168 -0.5764 0.0243
vn -0.8191 -0.5638 0.1059
vn -0.9039 -0.4152 0.1027
vn -0.9655 -0.2601 0.0126
vn -0.9049 -0.4252 0.0175
vn -0.9039 -0.4152 0.1027
vn -0.9620 -0.2533 0.1016
vn -0.9049 -0.4252 0.0175
vn -0.9655 -0.2601 0.0126
vn -0.9250 -0.2518 -0.2846
vn -0.8717 -0.4142 -0.2618
vn -0.8168 -0.5764 0.0243
vn -0.9049 -0.4252 0.0175
vn -0.8717 -0.4142 -0.2618
vn -0.7919 -0.5651 -0.2313
vn -0.8656 -0.0226 0.5002
vn -0.8458 0.1629 0.5081
vn -0.8821 0.1720 0.4386
vn -0.9046 -0.0087 0.4262
vn -0.8460 -0.2154 0.4878
vn -0.8656 -0.0226 0.5002
vn -0.9046 -0.0087 0.4262
vn -0.8875 -0.2068 0.4117
vn -0.8656 -0.0226 0.5002
vn -0.8460 -0.2154 0.4878
vn -0.8219 -0.2141 0.5279
vn -0.8398 -0.0272 0.5422
vn -0.8458 0.1629 0.5081
vn -0.8656 -0.0226 0.5002
vn -0.8398 -0.0272 0.5422
vn -0.8207 0.1567 0.5494
vn -0.9353 -0.0235 0.3530
vn -0.9146 0.1558 0.3731
vn -0.9537 0.1296 0.2713
vn -0.9662 -0.0545 0.2521
vn -0.9175 -0.2176 0.3330
vn -0.9353 -0.0235 0.3530
vn -0.9662 -0.0545 0.2521
vn -0.9413 -0.2407 0.2366
vn -0.9353 -0.0235 0.3530
vn -0.9175 -0.2176 0.3330
vn -0.8875 -0.2068 0.4117
vn -0.9046 -0.0087 0.4262
vn -0.9146 0.1558 0.3731
vn -0.9353 -0.0235 0.3530
vn -0.9046 -0.0087 0.4262
vn -0.8821 0.1720 0.4386
vn -0.9962 -0.0866 0.0134
vn -0.9655 -0.2601 0.0126
vn -0.9620 -0.2533 0.1016
vn -0.9911 -0.0821 0.1050
vn -0.9959 0.0889 0.0187
vn -0.9962 -0.0866 0.0134
vn -0.9911 -0.0821 0.1050
vn -0.9891 0.0937 0.1135
vn -0.9962 -0.0866 0.0134
vn -0.9959 0.0889 0.0187
vn -0.9536 0.0839 -0.2890
vn -0.9529 -0.0841 -0.2915
vn -0.9655 -0.2601 0.0126
vn -0.9962 -0.0866 0.0134
vn -0.9529 -0.0841 -0.2915
vn -0.9250 -0.2518 -0.2846
vn -0.7975 0.3185 0.5124
vn -0.7381 0.4344 0.5163
vn -0.7724 0.4429 0.4553
vn -0.8335 0.3235 0.4478
vn -0.8458 0.1629 0.5081
vn -0.7975 0.3185 0.5124
vn -0.8335 0.3235 0.4478
vn -0.8821 0.1720 0.4386
vn -0.7975 0.3185 0.5124
vn -0.8458 0.1629 0.5081
vn -0.8207 0.1567 0.5494
vn -0.7731 0.3115 0.5525
vn -0.7381 0.4344 0.5163
vn -0.7975 0.3185 0.5124
vn -0.7731 0.3115 0.5525
vn -0.7143 0.4266 0.5548
vn -0.8676 0.3118 0.3873
vn -0.8042 0.4422 0.3972
vn -0.8437 0.4454 0.2996
vn -0.9101 0.2983 0.2877
vn -0.9146 0.1558 0.3731
vn -0.8676 0.3118 0.3873
vn -0.9101 0.2983 0.2877
vn -0.9537 0.1296 0.2713
vn -0.8676 0.3118 0.3873
vn -0.9146 0.1558 0.3731
vn -0.8821 0.1720 0.4386
vn -0.8335 0.3235 0.4478
vn -0.8042 0.4422 0.3972
vn -0.8676 0.3118 0.3873
vn -0.8335 0.3235 0.4478
vn -0.7724 0.4429 0.4553
vn -0.9643 0.2634 0.0258
vn -0.9959 0.0889 0.0187
vn -0.9891 0.0937 0.1135
vn -0.9547 0.2696 0.1259
vn -0.8990 0.4360 0.0415
vn -0.9643 0.2634 0.0258
vn -0.9547 0.2696 0.1259
vn -0.8853 0.4434 0.1400
vn -0.9643 0.2634 0.0258
vn -0.8990 0.4360 0.0415
vn -0.8710 0.4096 -0.2713
vn -0.9254 0.2486 -0.2859
vn -0.9959 0.0889 0.0187
vn -0.9643 0.2634 0.0258
vn -0.9254 0.2486 -0.2859
vn -0.9536 0.0839 -0.2890
vn -0.8057 0.5879 0.0724
vn -0.8990 0.4360 0.0415
vn -0.8853 0.4434 0.1400
vn -0.7912 0.5923 0.1524
vn -0.7042 0.7042 0.0908
vn -0.8057 0.5879 0.0724
vn -0.7912 0.5923 0.1524
vn -0.6983 0.6983 0.1577
vn -0.8057 0.5879 0.0724
vn -0.7042 0.7042 0.0908
vn -0.6913 0.6913 -0.2100
vn -0.7933 0.5620 -0.2340
vn -0.8990 0.4360 0.0415
vn -0.8057 0.5879 0.0724
vn -0.7933 0.5620 -0.2340
vn -0.8710 0.4096 -0.2713
vn -0.2949 -0.9552 0.0242
vn -0.1324 -0.9899 0.0510
vn 0.1472 -0.9871 -0.0624
vn -0.0592 -0.9827 -0.1754
vn -0.4152 -0.9096 -0.0143
vn -0.2949 -0.9552 0.0242
vn -0.0592 -0.9827 -0.1754
vn -0.1665 -0.9589 -0.2296
vn -0.2949 -0.9552 0.0242
vn -0.4152 -0.9096 -0.0143
vn -0.5499 -0.8052 0.2220
vn -0.4530 -0.8632 0.2228
vn -0.1324 -0.9899 0.0510
vn -0.2949 -0.9552 0.0242
vn -0.4530 -0.8632 0.2228
vn -0.2660 -0.9388 0.2189
vn 0.2911 -0.8103 -0.5087
vn -0.1514 -0.9295 -0.3364
vn -0.1665 -0.9589 -0.2296
vn 0.2667 -0.8537 -0.4472
vn 0.5877 -0.5877 -0.5560
vn 0.2911 -0.8103 -0.5087
vn 0.2667 -0.8537 -0.4472
vn 0.6094 -0.6094 -0.5073
vn 0.2911 -0.8103 -0.5087
vn 0.5877 -0.5877 -0.5560
vn 0.5754 -0.5754 -0.5812
vn 0.3498 -0.7546 -0.5551
vn -0.1514 -0.9295 -0.3364
vn 0.2911 -0.8103 -0.5087
vn 0.3498 -0.7546 -0.5551
vn -0.0353 -0.8856 -0.4631
vn -0.4464 -0.8843 -0.1367
vn -0.5657 -0.8148 0.1269
vn -0.5499 -0.8052 0.2220
vn -0.4152 -0.9096 -0.0143
vn -0.1514 -0.9295 -0.3364
vn -0.4464 -0.8843 -0.1367
vn -0.4152 -0.9096 -0.0143
vn -0.1665 -0.9589 -0.2296
vn -0.4464 -0.8843 -0.1367
vn -0.1514 -0.9295 -0.3364
vn -0.0353 -0.8856 -0.4631
vn -0.3909 -0.8692 -0.3029
vn -0.5657 -0.8148 0.1269
vn -0.4464 -0.8843 -0.1367
vn -0.3909 -0.8692 -0.3029
vn -0.5656 -0.8243 -0.0241
vn -0.5868 -0.6861 0.4301
vn -0.5680 -0.5887 0.5752
vn -0.5447 -0.5579 0.6261
vn -0.5920 -0.6307 0.5017
vn -0.5657 -0.8148 0.1269
vn -0.5868 -0.6861 0.4301
vn -0.5920 -0.6307 0.5017
vn -0.5499 -0.8052 0.2220
vn -0.5868 -0.6861 0.4301
vn -0.5657 -0.8148 0.1269
vn -0.5656 -0.8243 -0.0241
vn -0.6103 -0.7271 0.3144
vn -0.5680 -0.5887 0.5752
vn -0.5868 -0.6861 0.4301
vn -0.6103 -0.7271 0.3144
vn -0.6347 -0.6520 0.4148
vn -0.6314 0.1685 -0.7569
vn -0.9254 0.2486 -0.2859
vn -0.8710 0.4096 -0.2713
vn -0.5980 0.2772 -0.7521
vn -0.3436 0.0916 -0.9347
vn -0.6314 0.1685 -0.7569
vn -0.5980 0.2772 -0.7521
vn -0.3227 0.1494 -0.9346
vn -0.6314 0.1685 -0.7569
vn -0.3436 0.0916 -0.9347
vn -0.3541 0.0310 -0.9347
vn -0.6502 0.0570 -0.7576
vn -0.9254 0.2486 -0.2859
vn -0.6314 0.1685 -0.7569
vn -0.6502 0.0570 -0.7576
vn -0.9536 0.0839 -0.2890
vn -0.6494 -0.0567 -0.7583
vn -0.9529 -0.0841 -0.2915
vn -0.9536 0.0839 -0.2890
vn -0.6502 0.0570 -0.7576
vn -0.3541 -0.0310 -0.9347
vn -0.6494 -0.0567 -0.7583
vn -0.6502 0.0570 -0.7576
vn -0.3541 0.0310 -0.9347
vn -0.6494 -0.0567 -0.7583
vn -0.3541 -0.0310 -0.9347
vn -0.3433 -0.0920 -0.9347
vn -0.6347 -0.1700 -0.7538
vn -0.9529 -0.0841 -0.2915
vn -0.6494 -0.0567 -0.7583
vn -0.6347 -0.1700 -0.7538
vn -0.9250 -0.2518 -0.2846
vn -0.6086 -0.2838 -0.7410
vn -0.8717 -0.4142 -0.2618
vn -0.9250 -0.2518 -0.2846
vn -0.6347 -0.1700 -0.7538
vn -0.3221 -0.1502 -0.9347
vn -0.6086 -0.2838 -0.7410
vn -0.6347 -0.1700 -0.7538
vn -0.3433 -0.0920 -0.9347
vn -0.6086 -0.2838 -0.7410
vn -0.3221 -0.1502 -0.9347
vn -0.2911 -0.2038 -0.9347
vn -0.5657 -0.3962 -0.7231
vn -0.8717 -0.4142 -0.2618
vn -0.6086 -0.2838 -0.7410
vn -0.5657 -0.3962 -0.7231
vn -0.7919 -0.5651 -0.2313
vn -0.5019 -0.5019 -0.7044
vn -0.6869 -0.6988 -0.1996
vn -0.7919 -0.5651 -0.2313
vn -0.5657 -0.3962 -0.7231
vn -0.2513 -0.2513 -0.9347
vn -0.5019 -0.5019 -0.7044
vn -0.5657 -0.3962 -0.7231
vn -0.2911 -0.2038 -0.9347
vn -0.5019 -0.5019 -0.7044
vn -0.2513 -0.2513 -0.9347
vn -0.2038 -0.2910 -0.9347
vn -0.4159 -0.5934 -0.6891
vn -0.6869 -0.6988 -0.1996
vn -0.5019 -0.5019 -0.7044
vn -0.4159 -0.5934 -0.6891
vn -0.5599 -0.8098 -0.1755
vn -0.3104 -0.6634 -0.6809
vn -0.4152 -0.8948 -0.1643
vn -0.5599 -0.8098 -0.1755
vn -0.4159 -0.5934 -0.6891
vn -0.1502 -0.3217 -0.9349
vn -0.3104 -0.6634 -0.6809
vn -0.4159 -0.5934 -0.6891
vn -0.2038 -0.2910 -0.9347
vn -0.3104 -0.6634 -0.6809
vn -0.1502 -0.3217 -0.9349
vn -0.0920 -0.3418 -0.9353
vn -0.1920 -0.7087 -0.6789
vn -0.4152 -0.8948 -0.1643
vn -0.3104 -0.6634 -0.6809
vn -0.1920 -0.7087 -0.6789
vn -0.2583 -0.9518 -0.1652
vn -0.0667 -0.7263 -0.6842
vn -0.0937 -0.9792 -0.1797
vn -0.2583 -0.9518 -0.1652
vn -0.1920 -0.7087 -0.6789
vn -0.0314 -0.3506 -0.9360
vn -0.0667 -0.7263 -0.6842
vn -0.1920 -0.7087 -0.6789
vn -0.0920 -0.3418 -0.9353
vn -0.0667 -0.7263 -0.6842
vn -0.0314 -0.3506 -0.9360
vn 0.0295 -0.3478 -0.9371
vn 0.0588 -0.7181 -0.6934
vn -0.0937 -0.9792 -0.1797
vn -0.0667 -0.7263 -0.6842
vn 0.0588 -0.7181 -0.6934
vn 0.0743 -0.9763 -0.2033
vn 0.1787 -0.6868 -0.7045
vn 0.2392 -0.9433 -0.2300
vn 0.0743 -0.9763 -0.2033
vn 0.0588 -0.7181 -0.6934
vn 0.0880 -0.3342 -0.9384
vn 0.1787 -0.6868 -0.7045
vn 0.0588 -0.7181 -0.6934
vn 0.0295 -0.3478 -0.9371
vn 0.1787 -0.6868 -0.7045
vn 0.0880 -0.3342 -0.9384
vn 0.1430 -0.3109 -0.9396
vn 0.2909 -0.6367 -0.7141
vn 0.2392 -0.9433 -0.2300
vn 0.1787 -0.6868 -0.7045
vn 0.2909 -0.6367 -0.7141
vn 0.3973 -0.8816 -0.2549
vn 0.3950 -0.5693 -0.7210
vn 0.5461 -0.7922 -0.2725
vn 0.3973 -0.8816 -0.2549
vn 0.2909 -0.6367 -0.7141
vn 0.1941 -0.2789 -0.9405
vn 0.3950 -0.5693 -0.7210
vn 0.2909 -0.6367 -0.7141
vn 0.1430 -0.3109 -0.9396
vn 0.3950 -0.5693 -0.7210
vn 0.1941 -0.2789 -0.9405
vn 0.2396 -0.2396 -0.9408
vn 0.4881 -0.4881 -0.7236
vn 0.5461 -0.7922 -0.2725
vn 0.3950 -0.5693 -0.7210
vn 0.4881 -0.4881 -0.7236
vn 0.6790 -0.6790 -0.2791
vn -0.1694 0.1183 -0.9784
vn -0.1947 0.0901 -0.9767
vn -0.3227 0.1494 -0.9346
vn -0.2916 0.2036 -0.9346
vn -0.1517 0.1517 -0.9767
vn -0.1694 0.1183 -0.9784
vn -0.2916 0.2036 -0.9346
vn -0.2515 0.2515 -0.9346
vn -0.1694 0.1183 -0.9784
vn -0.1517 0.1517 -0.9767
vn -0.0312 0.0312 -0.9990
vn -0.0104 0.0074 -0.9999
vn -0.1947 0.0901 -0.9767
vn -0.1694 0.1183 -0.9784
vn -0.0104 0.0074 -0.9999
vn -0.0400 0.0183 -0.9990
vn -0.1994 0.0531 -0.9785
vn -0.2138 0.0187 -0.9767
vn -0.3541 0.0310 -0.9347
vn -0.3436 0.0916 -0.9347
vn -0.1947 0.0901 -0.9767
vn -0.1994 0.0531 -0.9785
vn -0.3436 0.0916 -0.9347
vn -0.3227 0.1494 -0.9346
vn -0.1994 0.0531 -0.9785
vn -0.1947 0.0901 -0.9767
vn -0.0400 0.0183 -0.9990
vn -0.0125 0.0035 -0.9999
vn -0.2138 0.0187 -0.9767
vn -0.1994 0.0531 -0.9785
vn -0.0125 0.0035 -0.9999
vn -0.0439 0.0038 -0.9990
vn -0.2058 -0.0180 -0.9784
vn -0.2073 -0.0555 -0.9767
vn -0.3433 -0.0920 -0.9347
vn -0.3541 -0.0310 -0.9347
vn -0.2138 0.0187 -0.9767
vn -0.2058 -0.0180 -0.9784
vn -0.3541 -0.0310 -0.9347
vn -0.3541 0.0310 -0.9347
vn -0.2058 -0.0180 -0.9784
vn -0.2138 0.0187 -0.9767
vn -0.0439 0.0038 -0.9990
vn -0.0130 -0.0011 -0.9999
vn -0.2073 -0.0555 -0.9767
vn -0.2058 -0.0180 -0.9784
vn -0.0130 -0.0011 -0.9999
vn -0.0426 -0.0114 -0.9990
vn -0.1872 -0.0873 -0.9784
vn -0.1758 -0.1231 -0.9767
vn -0.2911 -0.2038 -0.9347
vn -0.3221 -0.1502 -0.9347
vn -0.2073 -0.0555 -0.9767
vn -0.1872 -0.0873 -0.9784
vn -0.3221 -0.1502 -0.9347
vn -0.3433 -0.0920 -0.9347
vn -0.1872 -0.0873 -0.9784
vn -0.2073 -0.0555 -0.9767
vn -0.0426 -0.0114 -0.9990
vn -0.0119 -0.0055 -0.9999
vn -0.1758 -0.1231 -0.9767
vn -0.1872 -0.0873 -0.9784
vn -0.0119 -0.0055 -0.9999
vn -0.0362 -0.0253 -0.9990
vn -0.1461 -0.1460 -0.9784
vn -0.1231 -0.1757 -0.9767
vn -0.2038 -0.2910 -0.9347
vn -0.2513 -0.2513 -0.9347
vn -0.1758 -0.1231 -0.9767
vn -0.1461 -0.1460 -0.9784
vn -0.2513 -0.2513 -0.9347
vn -0.2911 -0.2038 -0.9347
vn -0.1461 -0.1460 -0.9784
vn -0.1758 -0.1231 -0.9767
vn -0.0362 -0.0253 -0.9990
vn -0.0093 -0.0093 -0.9999
vn -0.1231 -0.1757 -0.9767
vn -0.1461 -0.1460 -0.9784
vn -0.0093 -0.0093 -0.9999
vn -0.0254 -0.0362 -0.9990
vn -0.0873 -0.1869 -0.9785
vn -0.0555 -0.2063 -0.9769
vn -0.0920 -0.3418 -0.9353
vn -0.1502 -0.3217 -0.9349
vn -0.1231 -0.1757 -0.9767
vn -0.0873 -0.1869 -0.9785
vn -0.1502 -0.3217 -0.9349
vn -0.2038 -0.2910 -0.9347
vn -0.0873 -0.1869 -0.9785
vn -0.1231 -0.1757 -0.9767
vn -0.0254 -0.0362 -0.9990
vn -0.0055 -0.0119 -0.9999
vn -0.0555 -0.2063 -0.9769
vn -0.0873 -0.1869 -0.9785
vn -0.0055 -0.0119 -0.9999
vn -0.0115 -0.0426 -0.9990
vn -0.0182 -0.2037 -0.9789
vn 0.0179 -0.2102 -0.9775
vn 0.0295 -0.3478 -0.9371
vn -0.0314 -0.3506 -0.9360
vn -0.0555 -0.2063 -0.9769
vn -0.0182 -0.2037 -0.9789
vn -0.0314 -0.3506 -0.9360
vn -0.0920 -0.3418 -0.9353
vn -0.0182 -0.2037 -0.9789
vn -0.0555 -0.2063 -0.9769
vn -0.0115 -0.0426 -0.9990
vn -0.0011 -0.0130 -0.9999
vn 0.0179 -0.2102 -0.9775
vn -0.0182 -0.2037 -0.9789
vn -0.0011 -0.0130 -0.9999
vn 0.0037 -0.0437 -0.9990
vn 0.0513 -0.1943 -0.9796
vn 0.0867 -0.1883 -0.9783
vn 0.1430 -0.3109 -0.9396
vn 0.0880 -0.3342 -0.9384
vn 0.0179 -0.2102 -0.9775
vn 0.0513 -0.1943 -0.9796
vn 0.0880 -0.3342 -0.9384
vn 0.0295 -0.3478 -0.9371
vn 0.0513 -0.1943 -0.9796
vn 0.0179 -0.2102 -0.9775
vn 0.0037 -0.0437 -0.9990
vn 0.0034 -0.0125 -0.9999
vn 0.0867 -0.1883 -0.9783
vn 0.0513 -0.1943 -0.9796
vn 0.0034 -0.0125 -0.9999
vn 0.0181 -0.0399 -0.9990
vn -0.1079 -0.1598 0.9812
vn -0.1444 -0.5692 0.8094
vn -0.2456 -0.4926 0.8349
vn -0.1555 -0.1316 0.9790
vn -0.0918 -0.0106 0.9957
vn -0.1079 -0.1598 0.9812
vn -0.1555 -0.1316 0.9790
vn -0.1236 -0.0086 0.9923
vn -0.1079 -0.1598 0.9812
vn -0.0918 -0.0106 0.9957
vn -0.0595 -0.0033 0.9982
vn -0.0802 -0.1719 0.9818
vn -0.1444 -0.5692 0.8094
vn -0.1079 -0.1598 0.9812
vn -0.0802 -0.1719 0.9818
vn -0.1235 -0.6017 0.7891
vn -0.0799 -0.1709 0.9820
vn -0.1678 -0.6006 0.7818
vn -0.1235 -0.6017 0.7891
vn -0.0802 -0.1719 0.9818
vn -0.0412 0.0043 0.9991
vn -0.0799 -0.1709 0.9820
vn -0.0802 -0.1719 0.9818
vn -0.0595 -0.0033 0.9982
vn -0.0799 -0.1709 0.9820
vn -0.0412 0.0043 0.9991
vn -0.0565 0.0187 0.9982
vn -0.1162 -0.1522 0.9815
vn -0.1678 -0.6006 0.7818
vn -0.0799 -0.1709 0.9820
vn -0.1162 -0.1522 0.9815
vn -0.2527 -0.5662 0.7846
vn -0.1546 -0.1136 0.9814
vn -0.3401 -0.5055 0.7930
vn -0.2527 -0.5662 0.7846
vn -0.1162 -0.1522 0.9815
vn -0.0750 0.0454 0.9961
vn -0.1546 -0.1136 0.9814
vn -0.1162 -0.1522 0.9815
vn -0.0565 0.0187 0.9982
vn -0.1546 -0.1136 0.9814
vn -0.0750 0.0454 0.9961
vn -0.0709 0.0679 0.9952
vn -0.1661 -0.0728 0.9834
vn -0.3401 -0.5055 0.7930
vn -0.1546 -0.1136 0.9814
vn -0.1661 -0.0728 0.9834
vn -0.3986 -0.4335 0.8082
vn -0.1558 -0.0401 0.9870
vn -0.4313 -0.3558 0.8291
vn -0.3986 -0.4335 0.8082
vn -0.1661 -0.0728 0.9834
vn -0.0518 0.0751 0.9958
vn -0.1558 -0.0401 0.9870
vn -0.1661 -0.0728 0.9834
vn -0.0709 0.0679 0.9952
vn -0.1558 -0.0401 0.9870
vn -0.0518 0.0751 0.9958
vn -0.0264 0.0582 0.9980
vn -0.1333 -0.0275 0.9907
vn -0.4313 -0.3558 0.8291
vn -0.1558 -0.0401 0.9870
vn -0.1333 -0.0275 0.9907
vn -0.4442 -0.2813 0.8506
vn -0.1143 -0.0265 0.9931
vn -0.4494 -0.2049 0.8695
vn -0.4442 -0.2813 0.8506
vn -0.1333 -0.0275 0.9907
vn -0.0083 0.0297 0.9995
vn -0.1143 -0.0265 0.9931
vn -0.1333 -0.0275 0.9907
vn -0.0264 0.0582 0.9980
vn -0.1143 -0.0265 0.9931
vn -0.0083 0.0297 0.9995
vn -0.0016 0.0115 0.9999
vn -0.1021 -0.0163 0.9946
vn -0.4494 -0.2049 0.8695
vn -0.1143 -0.0265 0.9931
vn -0.1021 -0.0163 0.9946
vn -0.4473 -0.1126 0.8873
vn -0.0886 -0.0001 0.9961
vn -0.4246 -0.0137 0.9053
vn -0.4473 -0.1126 0.8873
vn -0.1021 -0.0163 0.9946
vn -0.0001 0.0030 1.0000
vn -0.0886 -0.0001 0.9961
vn -0.1021 -0.0163 0.9946
vn -0.0016 0.0115 0.9999
vn -0.0886 -0.0001 0.9961
vn -0.0001 0.0030 1.0000
vn -0.0000 0.0000 1.0000
vn -0.0765 0.0150 0.9970
vn -0.4246 -0.0137 0.9053
vn -0.0886 -0.0001 0.9961
vn -0.0765 0.0150 0.9970
vn -0.3903 0.0744 0.9177
vn -0.0706 0.0290 0.9971
vn -0.3635 0.1477 0.9198
vn -0.3903 0.0744 0.9177
vn -0.0765 0.0150 0.9970
vn 0.0000 0.0000 1.0000
vn -0.0706 0.0290 0.9971
vn -0.0765 0.0150 0.9970
vn -0.0000 0.0000 1.0000
vn -0.0706 0.0290 0.9971
vn 0.0000 0.0000 1.0000
vn -0.0000 0.0000 1.0000
vn -0.0676 0.0411 0.9969
vn -0.3635 0.1477 0.9198
vn -0.0706 0.0290 0.9971
vn -0.0676 0.0411 0.9969
vn -0.3416 0.2060 0.9170
vn -0.0627 0.0501 0.9968
vn -0.3126 0.2489 0.9167
vn -0.3416 0.2060 0.9170
vn -0.0676 0.0411 0.9969
vn -0.0000 -0.0000 1.0000
vn -0.0627 0.0501 0.9968
vn -0.0676 0.0411 0.9969
vn -0.0000 0.0000 1.0000
vn -0.0627 0.0501 0.9968
vn -0.0000 -0.0000 1.0000
vn -0.0000 0.0000 1.0000
vn -0.0567 0.0567 0.9968
vn -0.3126 0.2489 0.9167
vn -0.0627 0.0501 0.9968
vn -0.0567 0.0567 0.9968
vn -0.2813 0.2813 0.9175
vn 0.0840 0.9747 0.2072
vn 0.0199 0.7242 0.6893
vn 0.1304 0.7449 0.6544
vn 0.2392 0.9544 0.1785
vn 0.0832 0.9938 0.0739
vn 0.0840 0.9747 0.2072
vn 0.2392 0.9544 0.1785
vn 0.2600 0.9632 0.0678
vn 0.0840 0.9747 0.2072
vn 0.0832 0.9938 0.0739
vn 0.0923 0.9957 0.0076
vn 0.1000 0.9861 0.1329
vn 0.0199 0.7242 0.6893
vn 0.0840 0.9747 0.2072
vn 0.1000 0.9861 0.1329
vn 0.0461 0.7502 0.6596
vn 0.2080 0.9737 0.0925
vn 0.1373 0.7570 0.6388
vn 0.0461 0.7502 0.6596
vn 0.1000 0.9861 0.1329
vn 0.2076 0.9778 -0.0285
vn 0.2080 0.9737 0.0925
vn 0.1000 0.9861 0.1329
vn 0.0923 0.9957 0.0076
vn 0.2080 0.9737 0.0925
vn 0.2076 0.9778 -0.0285
vn 0.3391 0.9397 -0.0455
vn 0.3335 0.9396 0.0769
vn 0.1373 0.7570 0.6388
vn 0.2080 0.9737 0.0925
vn 0.3335 0.9396 0.0769
vn 0.2233 0.7405 0.6339
vn 0.4584 0.8864 0.0647
vn 0.3077 0.7140 0.6289
vn 0.2233 0.7405 0.6339
vn 0.3335 0.9396 0.0769
vn 0.4674 0.8820 -0.0607
vn 0.4584 0.8864 0.0647
vn 0.3335 0.9396 0.0769
vn 0.3391 0.9397 -0.0455
vn 0.4584 0.8864 0.0647
vn 0.4674 0.8820 -0.0607
vn 0.5844 0.8082 -0.0728
vn 0.5742 0.8166 0.0593
vn 0.3077 0.7140 0.6289
vn 0.4584 0.8864 0.0647
vn 0.5742 0.8166 0.0593
vn 0.3935 0.6670 0.6327
vn 0.6847 0.7263 0.0604
vn 0.4797 0.5943 0.6455
vn 0.3935 0.6670 0.6327
vn 0.5742 0.8166 0.0593
vn 0.6940 0.7153 -0.0816
vn 0.6847 0.7263 0.0604
vn 0.5742 0.8166 0.0593
vn 0.5844 0.8082 -0.0728
vn 0.6847 0.7263 0.0604
vn 0.6940 0.7153 -0.0816
vn 0.7978 0.5964 -0.0885
vn 0.7920 0.6071 0.0649
vn 0.4797 0.5943 0.6455
vn 0.6847 0.7263 0.0604
vn 0.7920 0.6071 0.0649
vn 0.5654 0.4878 0.6651
vn 0.8896 0.4516 0.0686
vn 0.6392 0.3494 0.6851
vn 0.5654 0.4878 0.6651
vn 0.7920 0.6071 0.0649
vn 0.8909 0.4439 -0.0964
vn 0.8896 0.4516 0.0686
vn 0.7920 0.6071 0.0649
vn 0.7978 0.5964 -0.0885
vn 0.8896 0.4516 0.0686
vn 0.8909 0.4439 -0.0964
vn 0.9611 0.2539 -0.1085
vn 0.9641 0.2575 0.0649
vn 0.6392 0.3494 0.6851
vn 0.8896 0.4516 0.0686
vn 0.9641 0.2575 0.0649
vn 0.6905 0.1941 0.6968
vn 0.9981 0.0382 0.0485
vn 0.7195 0.0309 0.6938
vn 0.6905 0.1941 0.6968
vn 0.9641 0.2575 0.0649
vn 0.9912 0.0397 -0.1267
vn 0.9981 0.0382 0.0485
vn 0.9641 0.2575 0.0649
vn 0.9611 0.2539 -0.1085
vn 0.9981 0.0382 0.0485
vn 0.9912 0.0397 -0.1267
vn 0.9738 -0.1716 -0.1494
vn 0.9837 -0.1785 0.0208
vn 0.7195 0.0309 0.6938
vn 0.9981 0.0382 0.0485
vn 0.9837 -0.1785 0.0208
vn 0.7234 -0.1301 0.6781
vn 0.9317 -0.3629 -0.0127
vn 0.7072 -0.2751 0.6513
vn 0.7234 -0.1301 0.6781
vn 0.9837 -0.1785 0.0208
vn 0.9199 -0.3521 -0.1728
vn 0.9317 -0.3629 -0.0127
vn 0.9837 -0.1785 0.0208
vn 0.9738 -0.1716 -0.1494
vn 0.9317 -0.3629 -0.0127
vn 0.9199 -0.3521 -0.1728
vn 0.8492 -0.4917 -0.1926
vn 0.8622 -0.5048 -0.0426
vn 0.7072 -0.2751 0.6513
vn 0.9317 -0.3629 -0.0127
vn 0.8622 -0.5048 -0.0426
vn 0.6737 -0.3946 0.6249
vn 0.7852 -0.6161 -0.0625
vn 0.6258 -0.4913 0.6058
vn 0.6737 -0.3946 0.6249
vn 0.8622 -0.5048 -0.0426
vn 0.7716 -0.6021 -0.2053
vn 0.7852 -0.6161 -0.0625
vn 0.8622 -0.5048 -0.0426
vn 0.8492 -0.4917 -0.1926
vn 0.7852 -0.6161 -0.0625
vn 0.7716 -0.6021 -0.2053
vn 0.6914 -0.6914 -0.2097
vn 0.7054 -0.7054 -0.0696
vn 0.6258 -0.4913 0.6058
vn 0.7852 -0.6161 -0.0625
vn 0.7054 -0.7054 -0.0696
vn 0.5667 -0.5667 0.5981
vn 0.3702 -0.8024 0.4681
vn 0.0677 -0.9924 0.1028
vn 0.2987 -0.9498 -0.0927
vn 0.4647 -0.8261 0.3189
vn 0.4461 -0.6520 0.6131
vn 0.3702 -0.8024 0.4681
vn 0.4647 -0.8261 0.3189
vn 0.4868 -0.7262 0.4854
vn 0.3702 -0.8024 0.4681
vn 0.4461 -0.6520 0.6131
vn 0.5159 -0.5152 0.6845
vn 0.3824 -0.7029 0.5998
vn 0.0677 -0.9924 0.1028
vn 0.3702 -0.8024 0.4681
vn 0.3824 -0.7029 0.5998
vn -0.0571 -0.9343 0.3518
vn 0.4704 -0.4097 0.7816
vn -0.0116 -0.7027 0.7114
vn -0.0571 -0.9343 0.3518
vn 0.3824 -0.7029 0.5998
vn 0.6037 -0.2301 0.7633
vn 0.4704 -0.4097 0.7816
vn 0.3824 -0.7029 0.5998
vn 0.5159 -0.5152 0.6845
vn 0.4704 -0.4097 0.7816
vn 0.6037 -0.2301 0.7633
vn 0.5839 0.1776 0.7921
vn 0.4937 0.0671 0.8670
vn -0.0116 -0.7027 0.7114
vn 0.4704 -0.4097 0.7816
vn 0.4937 0.0671 0.8670
vn 0.0605 -0.2799 0.9581
vn 0.3841 0.7078 0.5929
vn 0.5073 0.3539 0.7857
vn 0.2733 0.2473 0.9296
vn 0.0808 0.6138 0.7853
vn 0.4641 0.6512 0.6004
vn 0.3841 0.7078 0.5929
vn 0.0808 0.6138 0.7853
vn 0.1953 0.5075 0.8392
vn 0.3841 0.7078 0.5929
vn 0.4641 0.6512 0.6004
vn 0.6759 0.7036 0.2193
vn 0.6568 0.6932 0.2966
vn 0.5073 0.3539 0.7857
vn 0.3841 0.7078 0.5929
vn 0.6568 0.6932 0.2966
vn 0.7500 0.3436 0.5652
vn 0.7863 0.6170 0.0320
vn 0.8456 0.3316 0.4184
vn 0.7500 0.3436 0.5652
vn 0.6568 0.6932 0.2966
vn 0.7321 0.6708 -0.1185
vn 0.7863 0.6170 0.0320
vn 0.6568 0.6932 0.2966
vn 0.6759 0.7036 0.2193
vn 0.7863 0.6170 0.0320
vn 0.7321 0.6708 -0.1185
vn 0.7137 0.6643 -0.2220
vn 0.7711 0.6351 -0.0446
vn 0.8456 0.3316 0.4184
vn 0.7863 0.6170 0.0320
vn 0.7711 0.6351 -0.0446
vn 0.7879 0.4713 0.3964
vn -0.0080 0.3329 0.9429
vn 0.2603 0.5294 0.8075
vn 0.1953 0.5075 0.8392
vn -0.0473 0.3263 0.9441
vn -0.1820 0.1820 0.9663
vn -0.0080 0.3329 0.9429
vn -0.0473 0.3263 0.9441
vn -0.1924 0.1924 0.9623
vn -0.0080 0.3329 0.9429
vn -0.1820 0.1820 0.9663
vn -0.2995 0.2995 0.9058
vn -0.0201 0.5112 0.8593
vn 0.2603 0.5294 0.8075
vn -0.0080 0.3329 0.9429
vn -0.0201 0.5112 0.8593
vn 0.2542 0.6654 0.7019
vn 0.5182 0.6776 0.5219
vn 0.6797 0.7196 0.1419
vn 0.6759 0.7036 0.2193
vn 0.4641 0.6512 0.6004
vn 0.2603 0.5294 0.8075
vn 0.5182 0.6776 0.5219
vn 0.4641 0.6512 0.6004
vn 0.1953 0.5075 0.8392
vn 0.5182 0.6776 0.5219
vn 0.2603 0.5294 0.8075
vn 0.2542 0.6654 0.7019
vn 0.4754 0.7677 0.4296
vn 0.6797 0.7196 0.1419
vn 0.5182 0.6776 0.5219
vn 0.4754 0.7677 0.4296
vn 0.6188 0.7782 0.1068
vn 0.7041 0.6942 -0.1495
vn 0.6910 0.6922 -0.2081
vn 0.7137 0.6643 -0.2220
vn 0.7321 0.6708 -0.1185
vn 0.6797 0.7196 0.1419
vn 0.7041 0.6942 -0.1495
vn 0.7321 0.6708 -0.1185
vn 0.6759 0.7036 0.2193
vn 0.7041 0.6942 -0.1495
vn 0.6797 0.7196 0.1419
vn 0.6188 0.7782 0.1068
vn 0.6457 0.7563 -0.1051
vn 0.6910 0.6922 -0.2081
vn 0.7041 0.6942 -0.1495
vn 0.6457 0.7563 -0.1051
vn 0.6265 0.7622 -0.1629
vn 0.4178 -0.7587 -0.4999
vn 0.1031 -0.9008 -0.4219
vn -0.0353 -0.8856 -0.4631
vn 0.3498 -0.7546 -0.5551
vn 0.6056 -0.6056 -0.5163
vn 0.4178 -0.7587 -0.4999
vn 0.3498 -0.7546 -0.5551
vn 0.5754 -0.5754 -0.5812
vn 0.4178 -0.7587 -0.4999
vn 0.6056 -0.6056 -0.5163
vn 0.6925 -0.6925 -0.2019
vn 0.5399 -0.8203 -0.1886
vn 0.1031 -0.9008 -0.4219
vn 0.4178 -0.7587 -0.4999
vn 0.5399 -0.8203 -0.1886
vn 0.2987 -0.9498 -0.0927
vn -0.2294 -0.9382 -0.2594
vn -0.4352 -0.9001 0.0200
vn -0.5656 -0.8243 -0.0241
vn -0.3909 -0.8692 -0.3029
vn 0.1031 -0.9008 -0.4219
vn -0.2294 -0.9382 -0.2594
vn -0.3909 -0.8692 -0.3029
vn -0.0353 -0.8856 -0.4631
vn -0.2294 -0.9382 -0.2594
vn 0.1031 -0.9008 -0.4219
vn 0.2987 -0.9498 -0.0927
vn 0.0677 -0.9924 0.1028
vn -0.4352 -0.9001 0.0200
vn -0.2294 -0.9382 -0.2594
vn 0.0677 -0.9924 0.1028
vn -0.0571 -0.9343 0.3518
vn -0.4881 -0.7840 0.3835
vn -0.4713 -0.5817 0.6630
vn -0.6347 -0.6520 0.4148
vn -0.6103 -0.7271 0.3144
vn -0.4352 -0.9001 0.0200
vn -0.4881 -0.7840 0.3835
vn -0.6103 -0.7271 0.3144
vn -0.5656 -0.8243 -0.0241
vn -0.4881 -0.7840 0.3835
vn -0.4352 -0.9001 0.0200
vn -0.0571 -0.9343 0.3518
vn -0.0116 -0.7027 0.7114
vn -0.4713 -0.5817 0.6630
vn -0.4881 -0.7840 0.3835
vn -0.0116 -0.7027 0.7114
vn 0.0605 -0.2799 0.9581
vn 0.7192 0.6940 -0.0345
vn 0.7711 0.6351 -0.0446
vn 0.7137 0.6643 -0.2220
vn 0.6910 0.6922 -0.2081
vn 0.6292 0.7748 -0.0619
vn 0.7192 0.6940 -0.0345
vn 0.6910 0.6922 -0.2081
vn 0.6265 0.7622 -0.1629
vn 0.7192 0.6940 -0.0345
vn 0.6292 0.7748 -0.0619
vn 0.5463 0.6674 0.5061
vn 0.6897 0.5676 0.4496
vn 0.7711 0.6351 -0.0446
vn 0.7192 0.6940 -0.0345
vn 0.6897 0.5676 0.4496
vn 0.7879 0.4713 0.3964
vn -0.4326 -0.4293 0.7928
vn -0.5680 -0.5887 0.5752
vn -0.6347 -0.6520 0.4148
vn -0.4713 -0.5817 0.6630
vn -0.0358 -0.0736 0.9966
vn -0.4326 -0.4293 0.7928
vn -0.4713 -0.5817 0.6630
vn 0.0605 -0.2799 0.9581
vn -0.4326 -0.4293 0.7928
vn -0.0358 -0.0736 0.9966
vn -0.2241 -0.1670 0.9602
vn -0.4504 -0.4466 0.7731
vn -0.5680 -0.5887 0.5752
vn -0.4326 -0.4293 0.7928
vn -0.4504 -0.4466 0.7731
vn -0.5447 -0.5579 0.6261
vn 0.2768 0.1954 0.9409
vn -0.0358 -0.0736 0.9966
vn 0.0605 -0.2799 0.9581
vn 0.4937 0.0671 0.8670
vn 0.3566 0.2409 0.9027
vn 0.2768 0.1954 0.9409
vn 0.4937 0.0671 0.8670
vn 0.5839 0.1776 0.7921
vn 0.2768 0.1954 0.9409
vn 0.3566 0.2409 0.9027
vn 0.0359 0.0854 0.9957
vn -0.0267 0.0432 0.9987
vn -0.0358 -0.0736 0.9966
vn 0.2768 0.1954 0.9409
vn -0.0267 0.0432 0.9987
vn -0.2241 -0.1670 0.9602
vn -0.1528 -0.8424 0.5168
vn -0.1410 -0.8618 0.4873
vn -0.1488 -0.9042 0.4005
vn -0.1631 -0.8906 0.4245
vn -0.2907 -0.7709 0.5667
vn -0.1528 -0.8424 0.5168
vn -0.1631 -0.8906 0.4245
vn -0.3132 -0.8271 0.4667
vn -0.1528 -0.8424 0.5168
vn -0.2907 -0.7709 0.5667
vn -0.2456 -0.4926 0.8349
vn -0.1444 -0.5692 0.8094
vn -0.1410 -0.8618 0.4873
vn -0.1528 -0.8424 0.5168
vn -0.1444 -0.5692 0.8094
vn -0.1235 -0.6017 0.7891
vn -0.2133 -0.8514 0.4791
vn -0.3244 -0.8097 0.4889
vn -0.3302 -0.8512 0.4080
vn -0.2192 -0.8917 0.3960
vn -0.1410 -0.8618 0.4873
vn -0.2133 -0.8514 0.4791
vn -0.2192 -0.8917 0.3960
vn -0.1488 -0.9042 0.4005
vn -0.2133 -0.8514 0.4791
vn -0.1410 -0.8618 0.4873
vn -0.1235 -0.6017 0.7891
vn -0.1678 -0.6006 0.7818
vn -0.3244 -0.8097 0.4889
vn -0.2133 -0.8514 0.4791
vn -0.1678 -0.6006 0.7818
vn -0.2527 -0.5662 0.7846
vn -0.4389 -0.7429 0.5054
vn -0.5312 -0.6629 0.5276
vn -0.5477 -0.7075 0.4466
vn -0.4481 -0.7860 0.4259
vn -0.3244 -0.8097 0.4889
vn -0.4389 -0.7429 0.5054
vn -0.4481 -0.7860 0.4259
vn -0.3302 -0.8512 0.4080
vn -0.4389 -0.7429 0.5054
vn -0.3244 -0.8097 0.4889
vn -0.2527 -0.5662 0.7846
vn -0.3401 -0.5055 0.7930
vn -0.5312 -0.6629 0.5276
vn -0.4389 -0.7429 0.5054
vn -0.3401 -0.5055 0.7930
vn -0.3986 -0.4335 0.8082
vn -0.6056 -0.5711 0.5541
vn -0.6648 -0.4671 0.5831
vn -0.7079 -0.5097 0.4890
vn -0.6335 -0.6166 0.4674
vn -0.5312 -0.6629 0.5276
vn -0.6056 -0.5711 0.5541
vn -0.6335 -0.6166 0.4674
vn -0.5477 -0.7075 0.4466
vn -0.6056 -0.5711 0.5541
vn -0.5312 -0.6629 0.5276
vn -0.3986 -0.4335 0.8082
vn -0.4313 -0.3558 0.8291
vn -0.6648 -0.4671 0.5831
vn -0.6056 -0.5711 0.5541
vn -0.4313 -0.3558 0.8291
vn -0.4442 -0.2813 0.8506
vn -0.7130 -0.3444 0.6107
vn -0.7458 -0.1929 0.6377
vn -0.8219 -0.2141 0.5279
vn -0.7729 -0.3789 0.5090
vn -0.6648 -0.4671 0.5831
vn -0.7130 -0.3444 0.6107
vn -0.7729 -0.3789 0.5090
vn -0.7079 -0.5097 0.4890
vn -0.7130 -0.3444 0.6107
vn -0.6648 -0.4671 0.5831
vn -0.4442 -0.2813 0.8506
vn -0.4494 -0.2049 0.8695
vn -0.7458 -0.1929 0.6377
vn -0.7130 -0.3444 0.6107
vn -0.4494 -0.2049 0.8695
vn -0.4473 -0.1126 0.8873
vn -0.7481 -0.0246 0.6631
vn -0.7200 0.1368 0.6804
vn -0.8207 0.1567 0.5494
vn -0.8398 -0.0272 0.5422
vn -0.7458 -0.1929 0.6377
vn -0.7481 -0.0246 0.6631
vn -0.8398 -0.0272 0.5422
vn -0.8219 -0.2141 0.5279
vn -0.7481 -0.0246 0.6631
vn -0.7458 -0.1929 0.6377
vn -0.4473 -0.1126 0.8873
vn -0.4246 -0.0137 0.9053
vn -0.7200 0.1368 0.6804
vn -0.7481 -0.0246 0.6631
vn -0.4246 -0.0137 0.9053
vn -0.3903 0.0744 0.9177
vn -0.6765 0.2729 0.6840
vn -0.6275 0.3764 0.6816
vn -0.7143 0.4266 0.5548
vn -0.7731 0.3115 0.5525
vn -0.7200 0.1368 0.6804
vn -0.6765 0.2729 0.6840
vn -0.7731 0.3115 0.5525
vn -0.8207 0.1567 0.5494
vn -0.6765 0.2729 0.6840
vn -0.7200 0.1368 0.6804
vn -0.3903 0.0744 0.9177
vn -0.3635 0.1477 0.9198
vn -0.6275 0.3764 0.6816
vn -0.6765 0.2729 0.6840
vn -0.3635 0.1477 0.9198
vn -0.3416 0.2060 0.9170
vn -0.6721 0.5234 0.5237
vn -0.7381 0.4344 0.5163
vn -0.7143 0.4266 0.5548
vn -0.6485 0.5121 0.5632
vn -0.6004 0.6004 0.5283
vn -0.6721 0.5234 0.5237
vn -0.6485 0.5121 0.5632
vn -0.5814 0.5814 0.5692
vn -0.6721 0.5234 0.5237
vn -0.6004 0.6004 0.5283
vn -0.6268 0.6268 0.4629
vn -0.7041 0.5403 0.4607
vn -0.7381 0.4344 0.5163
vn -0.6721 0.5234 0.5237
vn -0.7041 0.5403 0.4607
vn -0.7724 0.4429 0.4553
vn -0.5367 -0.7200 0.4399
vn -0.5920 -0.6307 0.5017
vn -0.5447 -0.5579 0.6261
vn -0.4914 -0.6847 0.5382
vn -0.3427 -0.8529 0.3937
vn -0.5367 -0.7200 0.4399
vn -0.4914 -0.6847 0.5382
vn -0.3132 -0.8271 0.4667
vn -0.5367 -0.7200 0.4399
vn -0.3427 -0.8529 0.3937
vn -0.2660 -0.9388 0.2189
vn -0.4530 -0.8632 0.2228
vn -0.5920 -0.6307 0.5017
vn -0.5367 -0.7200 0.4399
vn -0.4530 -0.8632 0.2228
vn -0.5499 -0.8052 0.2220
vn -0.4376 -0.6116 0.6592
vn -0.2907 -0.7709 0.5667
vn -0.3132 -0.8271 0.4667
vn -0.4914 -0.6847 0.5382
vn -0.4504 -0.4466 0.7731
vn -0.4376 -0.6116 0.6592
vn -0.4914 -0.6847 0.5382
vn -0.5447 -0.5579 0.6261
vn -0.4376 -0.6116 0.6592
vn -0.4504 -0.4466 0.7731
vn -0.2241 -0.1670 0.9602
vn -0.3106 -0.3424 0.8867
vn -0.2907 -0.7709 0.5667
vn -0.4376 -0.6116 0.6592
vn -0.3106 -0.3424 0.8867
vn -0.2456 -0.4926 0.8349
vn 0.0497 0.9982 0.0346
vn 0.0590 0.9981 -0.0193
vn 0.0923 0.9957 0.0076
vn 0.0832 0.9938 0.0739
vn 0.2516 0.9644 0.0812
vn 0.0497 0.9982 0.0346
vn 0.0832 0.9938 0.0739
vn 0.2600 0.9632 0.0678
vn 0.0497 0.9982 0.0346
vn 0.2516 0.9644 0.0812
vn 0.0991 0.9896 0.1044
vn -0.0502 0.9982 -0.0329
vn 0.0590 0.9981 -0.0193
vn 0.0497 0.9982 0.0346
vn -0.0502 0.9982 -0.0329
vn 0.0187 0.9974 -0.0699
vn 0.1949 0.9793 -0.0549
vn 0.3339 0.9395 -0.0759
vn 0.3391 0.9397 -0.0455
vn 0.2076 0.9778 -0.0285
vn 0.0590 0.9981 -0.0193
vn 0.1949 0.9793 -0.0549
vn 0.2076 0.9778 -0.0285
vn 0.0923 0.9957 0.0076
vn 0.1949 0.9793 -0.0549
vn 0.0590 0.9981 -0.0193
vn 0.0187 0.9974 -0.0699
vn 0.1773 0.9786 -0.1048
vn 0.3339 0.9395 -0.0759
vn 0.1949 0.9793 -0.0549
vn 0.1773 0.9786 -0.1048
vn 0.3238 0.9367 -0.1333
vn 0.4639 0.8807 -0.0960
vn 0.5820 0.8052 -0.1136
vn 0.5844 0.8082 -0.0728
vn 0.4674 0.8820 -0.0607
vn 0.3339 0.9395 -0.0759
vn 0.4639 0.8807 -0.0960
vn 0.4674 0.8820 -0.0607
vn 0.3391 0.9397 -0.0455
vn 0.4639 0.8807 -0.0960
vn 0.3339 0.9395 -0.0759
vn 0.3238 0.9367 -0.1333
vn 0.4550 0.8759 -0.1608
vn 0.5820 0.8052 -0.1136
vn 0.4639 0.8807 -0.0960
vn 0.4550 0.8759 -0.1608
vn 0.5739 0.7973 -0.1867
vn 0.6918 0.7106 -0.1287
vn 0.7940 0.5909 -0.1425
vn 0.7978 0.5964 -0.0885
vn 0.6940 0.7153 -0.0816
vn 0.5820 0.8052 -0.1136
vn 0.6918 0.7106 -0.1287
vn 0.6940 0.7153 -0.0816
vn 0.5844 0.8082 -0.0728
vn 0.6918 0.7106 -0.1287
vn 0.5820 0.8052 -0.1136
vn 0.5739 0.7973 -0.1867
vn 0.6830 0.6994 -0.2109
vn 0.7940 0.5909 -0.1425
vn 0.6918 0.7106 -0.1287
vn 0.6830 0.6994 -0.2109
vn 0.7820 0.5776 -0.2342
vn 0.8843 0.4399 -0.1567
vn 0.9514 0.2538 -0.1741
vn 0.9611 0.2539 -0.1085
vn 0.8909 0.4439 -0.0964
vn 0.7940 0.5909 -0.1425
vn 0.8843 0.4399 -0.1567
vn 0.8909 0.4439 -0.0964
vn 0.7978 0.5964 -0.0885
vn 0.8843 0.4399 -0.1567
vn 0.7940 0.5909 -0.1425
vn 0.7820 0.5776 -0.2342
vn 0.8664 0.4277 -0.2577
vn 0.9514 0.2538 -0.1741
vn 0.8843 0.4399 -0.1567
vn 0.8664 0.4277 -0.2577
vn 0.9265 0.2483 -0.2826
vn 0.9797 0.0453 -0.1954
vn 0.9625 -0.1606 -0.2187
vn 0.9738 -0.1716 -0.1494
vn 0.9912 0.0397 -0.1267
vn 0.9514 0.2538 -0.1741
vn 0.9797 0.0453 -0.1954
vn 0.9912 0.0397 -0.1267
vn 0.9611 0.2539 -0.1085
vn 0.9797 0.0453 -0.1954
vn 0.9514 0.2538 -0.1741
vn 0.9265 0.2483 -0.2826
vn 0.9500 0.0512 -0.3080
vn 0.9625 -0.1606 -0.2187
vn 0.9797 0.0453 -0.1954
vn 0.9500 0.0512 -0.3080
vn 0.9325 -0.1428 -0.3316
vn 0.9099 -0.3380 -0.2406
vn 0.8400 -0.4773 -0.2581
vn 0.8492 -0.4917 -0.1926
vn 0.9199 -0.3521 -0.1728
vn 0.9625 -0.1606 -0.2187
vn 0.9099 -0.3380 -0.2406
vn 0.9199 -0.3521 -0.1728
vn 0.9738 -0.1716 -0.1494
vn 0.9099 -0.3380 -0.2406
vn 0.9625 -0.1606 -0.2187
vn 0.9325 -0.1428 -0.3316
vn 0.8827 -0.3124 -0.3511
vn 0.8400 -0.4773 -0.2581
vn 0.9099 -0.3380 -0.2406
vn 0.8827 -0.3124 -0.3511
vn 0.8153 -0.4494 -0.3652
vn 0.4712 0.8819 0.0132
vn 0.2392 0.9544 0.1785
vn 0.1304 0.7449 0.6544
vn 0.3406 0.7603 0.5531
vn 0.6292 0.7748 -0.0619
vn 0.4712 0.8819 0.0132
vn 0.3406 0.7603 0.5531
vn 0.5463 0.6674 0.5061
vn 0.4712 0.8819 0.0132
vn 0.6292 0.7748 -0.0619
vn 0.6265 0.7622 -0.1629
vn 0.4896 0.8705 -0.0499
vn 0.2392 0.9544 0.1785
vn 0.4712 0.8819 0.0132
vn 0.4896 0.8705 -0.0499
vn 0.2600 0.9632 0.0678
vn 0.0227 0.2403 0.9704
vn 0.3406 0.7603 0.5531
vn 0.1304 0.7449 0.6544
vn -0.0574 0.2086 0.9763
vn -0.1113 0.0105 0.9937
vn 0.0227 0.2403 0.9704
vn -0.0574 0.2086 0.9763
vn -0.1236 -0.0086 0.9923
vn 0.0227 0.2403 0.9704
vn -0.1113 0.0105 0.9937
vn 0.0359 0.0854 0.9957
vn 0.1983 0.2569 0.9459
vn 0.3406 0.7603 0.5531
vn 0.0227 0.2403 0.9704
vn 0.1983 0.2569 0.9459
vn 0.5463 0.6674 0.5061
vn 0.5041 0.8637 -0.0052
vn 0.6457 0.7563 -0.1051
vn 0.6188 0.7782 0.1068
vn 0.4642 0.8772 0.1223
vn 0.2516 0.9644 0.0812
vn 0.5041 0.8637 -0.0052
vn 0.4642 0.8772 0.1223
vn 0.0991 0.9896 0.1044
vn 0.5041 0.8637 -0.0052
vn 0.2516 0.9644 0.0812
vn 0.2600 0.9632 0.0678
vn 0.4896 0.8705 -0.0499
vn 0.6457 0.7563 -0.1051
vn 0.5041 0.8637 -0.0052
vn 0.4896 0.8705 -0.0499
vn 0.6265 0.7622 -0.1629
vn 0.3132 0.8889 0.3344
vn 0.4754 0.7677 0.4296
vn 0.2542 0.6654 0.7019
vn 0.1374 0.8491 0.5101
vn 0.0316 0.9833 0.1793
vn 0.3132 0.8889 0.3344
vn 0.1374 0.8491 0.5101
vn -0.1778 0.9514 0.2514
vn 0.3132 0.8889 0.3344
vn 0.0316 0.9833 0.1793
vn 0.0991 0.9896 0.1044
vn 0.4642 0.8772 0.1223
vn 0.4754 0.7677 0.4296
vn 0.3132 0.8889 0.3344
vn 0.4642 0.8772 0.1223
vn 0.6188 0.7782 0.1068
vn -0.1410 0.9875 -0.0707
vn -0.0502 0.9982 -0.0329
vn 0.0991 0.9896 0.1044
vn -0.2183 0.9757 -0.0208
vn -0.1488 0.9856 -0.0809
vn -0.1410 0.9875 -0.0707
vn -0.2183 0.9757 -0.0208
vn -0.2235 0.9721 -0.0710
vn -0.1410 0.9875 -0.0707
vn -0.1488 0.9856 -0.0809
vn -0.0170 0.9944 -0.1046
vn -0.0063 0.9950 -0.0993
vn -0.0502 0.9982 -0.0329
vn -0.1410 0.9875 -0.0707
vn -0.0063 0.9950 -0.0993
vn 0.0187 0.9974 -0.0699
vn 0.1603 0.9781 -0.1325
vn 0.1773 0.9786 -0.1048
vn 0.0187 0.9974 -0.0699
vn -0.0063 0.9950 -0.0993
vn 0.1494 0.9792 -0.1370
vn 0.1603 0.9781 -0.1325
vn -0.0063 0.9950 -0.0993
vn -0.0170 0.9944 -0.1046
vn 0.1603 0.9781 -0.1325
vn 0.1494 0.9792 -0.1370
vn 0.3015 0.9382 -0.1701
vn 0.3106 0.9361 -0.1649
vn 0.1773 0.9786 -0.1048
vn 0.1603 0.9781 -0.1325
vn 0.3106 0.9361 -0.1649
vn 0.3238 0.9367 -0.1333
vn 0.4444 0.8741 -0.1961
vn 0.4550 0.8759 -0.1608
vn 0.3238 0.9367 -0.1333
vn 0.3106 0.9361 -0.1649
vn 0.4383 0.8757 -0.2023
vn 0.4444 0.8741 -0.1961
vn 0.3106 0.9361 -0.1649
vn 0.3015 0.9382 -0.1701
vn 0.4444 0.8741 -0.1961
vn 0.4383 0.8757 -0.2023
vn 0.5634 0.7926 -0.2332
vn 0.5662 0.7927 -0.2258
vn 0.4550 0.8759 -0.1608
vn 0.4444 0.8741 -0.1961
vn 0.5662 0.7927 -0.2258
vn 0.5739 0.7973 -0.1867
vn 0.6767 0.6911 -0.2539
vn 0.6830 0.6994 -0.2109
vn 0.5739 0.7973 -0.1867
vn 0.5662 0.7927 -0.2258
vn 0.6762 0.6884 -0.2623
vn 0.6767 0.6911 -0.2539
vn 0.5662 0.7927 -0.2258
vn 0.5634 0.7926 -0.2332
vn 0.6767 0.6911 -0.2539
vn 0.6762 0.6884 -0.2623
vn 0.7745 0.5620 -0.2903
vn 0.7746 0.5666 -0.2810
vn 0.6830 0.6994 -0.2109
vn 0.6767 0.6911 -0.2539
vn 0.7746 0.5666 -0.2810
vn 0.7820 0.5776 -0.2342
vn 0.8550 0.4174 -0.3078
vn 0.8664 0.4277 -0.2577
vn 0.7820 0.5776 -0.2342
vn 0.7746 0.5666 -0.2810
vn 0.8535 0.4133 -0.3175
vn 0.8550 0.4174 -0.3078
vn 0.7746 0.5666 -0.2810
vn 0.7745 0.5620 -0.2903
vn 0.8550 0.4174 -0.3078
vn 0.8535 0.4133 -0.3175
vn 0.9065 0.2443 -0.3443
vn 0.9100 0.2447 -0.3349
vn 0.8664 0.4277 -0.2577
vn 0.8550 0.4174 -0.3078
vn 0.9100 0.2447 -0.3349
vn 0.9265 0.2483 -0.2826
vn 0.9308 0.0586 -0.3609
vn 0.9500 0.0512 -0.3080
vn 0.9265 0.2483 -0.2826
vn 0.9100 0.2447 -0.3349
vn 0.9269 0.0642 -0.3699
vn 0.9308 0.0586 -0.3609
vn 0.9100 0.2447 -0.3349
vn 0.9065 0.2443 -0.3443
vn 0.9308 0.0586 -0.3609
vn 0.9269 0.0642 -0.3699
vn 0.9126 -0.1139 -0.3927
vn 0.9148 -0.1248 -0.3840
vn 0.9500 0.0512 -0.3080
vn 0.9308 0.0586 -0.3609
vn 0.9148 -0.1248 -0.3840
vn 0.9325 -0.1428 -0.3316
vn 0.8686 -0.2891 -0.4025
vn 0.8827 -0.3124 -0.3511
vn 0.9325 -0.1428 -0.3316
vn 0.9148 -0.1248 -0.3840
vn 0.8687 -0.2764 -0.4111
vn 0.8686 -0.2891 -0.4025
vn 0.9148 -0.1248 -0.3840
vn 0.9126 -0.1139 -0.3927
vn 0.8686 -0.2891 -0.4025
vn 0.8687 -0.2764 -0.4111
vn 0.8045 -0.4160 -0.4239
vn 0.8035 -0.4266 -0.4152
vn 0.8827 -0.3124 -0.3511
vn 0.8686 -0.2891 -0.4025
vn 0.8035 -0.4266 -0.4152
vn 0.8153 -0.4494 -0.3652
vn 0.7447 -0.5172 -0.4218
vn 0.7700 -0.5253 -0.3622
vn 0.8153 -0.4494 -0.3652
vn 0.8035 -0.4266 -0.4152
vn 0.7454 -0.5089 -0.4305
vn 0.7447 -0.5172 -0.4218
vn 0.8035 -0.4266 -0.4152
vn 0.8045 -0.4160 -0.4239
vn 0.7447 -0.5172 -0.4218
vn 0.7454 -0.5089 -0.4305
vn 0.7231 -0.5373 -0.4341
vn 0.7191 -0.5423 -0.4345
vn 0.7700 -0.5253 -0.3622
vn 0.7447 -0.5172 -0.4218
vn 0.7191 -0.5423 -0.4345
vn 0.6403 -0.6403 -0.4244
vn -0.3079 0.9514 0.0104
vn 0.0316 0.9833 0.1793
vn -0.1778 0.9514 0.2514
vn -0.3879 0.9217 0.0045
vn -0.3193 0.9452 -0.0681
vn -0.3079 0.9514 0.0104
vn -0.3879 0.9217 0.0045
vn -0.3850 0.9201 -0.0724
vn -0.3079 0.9514 0.0104
vn -0.3193 0.9452 -0.0681
vn -0.2235 0.9721 -0.0710
vn -0.2183 0.9757 -0.0208
vn 0.0316 0.9833 0.1793
vn -0.3079 0.9514 0.0104
vn -0.2183 0.9757 -0.0208
vn 0.0991 0.9896 0.1044
vn -0.1506 0.9885 -0.0141
vn -0.1488 0.9856 -0.0809
vn -0.2235 0.9721 -0.0710
vn -0.2221 0.9750 -0.0032
vn -0.1589 0.9859 0.0531
vn -0.1506 0.9885 -0.0141
vn -0.2221 0.9750 -0.0032
vn -0.2292 0.9712 0.0650
vn -0.1506 0.9885 -0.0141
vn -0.1589 0.9859 0.0531
vn -0.0277 0.9990 0.0363
vn -0.0177 0.9992 -0.0345
vn -0.1488 0.9856 -0.0809
vn -0.1506 0.9885 -0.0141
vn -0.0177 0.9992 -0.0345
vn -0.0170 0.9944 -0.1046
vn 0.1503 0.9868 -0.0595
vn 0.1494 0.9792 -0.1370
vn -0.0170 0.9944 -0.1046
vn -0.0177 0.9992 -0.0345
vn 0.1412 0.9898 0.0189
vn 0.1503 0.9868 -0.0595
vn -0.0177 0.9992 -0.0345
vn -0.0277 0.9990 0.0363
vn 0.1503 0.9868 -0.0595
vn 0.1412 0.9898 0.0189
vn 0.2989 0.9543 0.0046
vn 0.3054 0.9486 -0.0833
vn 0.1494 0.9792 -0.1370
vn 0.1503 0.9868 -0.0595
vn 0.3054 0.9486 -0.0833
vn 0.3015 0.9382 -0.1701
vn 0.4468 0.8885 -0.1048
vn 0.4383 0.8757 -0.2023
vn 0.3015 0.9382 -0.1701
vn 0.3054 0.9486 -0.0833
vn 0.4436 0.8962 -0.0058
vn 0.4468 0.8885 -0.1048
vn 0.3054 0.9486 -0.0833
vn 0.2989 0.9543 0.0046
vn 0.4468 0.8885 -0.1048
vn 0.4436 0.8962 -0.0058
vn 0.5785 0.8156 -0.0122
vn 0.5779 0.8067 -0.1236
vn 0.4383 0.8757 -0.2023
vn 0.4468 0.8885 -0.1048
vn 0.5779 0.8067 -0.1236
vn 0.5634 0.7926 -0.2332
vn 0.6974 0.7029 -0.1398
vn 0.6762 0.6884 -0.2623
vn 0.5634 0.7926 -0.2332
vn 0.5779 0.8067 -0.1236
vn 0.7019 0.7121 -0.0149
vn 0.6974 0.7029 -0.1398
vn 0.5779 0.8067 -0.1236
vn 0.5785 0.8156 -0.0122
vn 0.6974 0.7029 -0.1398
vn 0.7019 0.7121 -0.0149
vn 0.8112 0.5846 -0.0154
vn 0.8031 0.5756 -0.1542
vn 0.6762 0.6884 -0.2623
vn 0.6974 0.7029 -0.1398
vn 0.8031 0.5756 -0.1542
vn 0.7745 0.5620 -0.2903
vn 0.8897 0.4247 -0.1677
vn 0.8535 0.4133 -0.3175
vn 0.7745 0.5620 -0.2903
vn 0.8031 0.5756 -0.1542
vn 0.9012 0.4332 -0.0152
vn 0.8897 0.4247 -0.1677
vn 0.8031 0.5756 -0.1542
vn 0.8112 0.5846 -0.0154
vn 0.8897 0.4247 -0.1677
vn 0.9012 0.4332 -0.0152
vn 0.9655 0.2599 -0.0166
vn 0.9505 0.2519 -0.1819
vn 0.8535 0.4133 -0.3175
vn 0.8897 0.4247 -0.1677
vn 0.9505 0.2519 -0.1819
vn 0.9065 0.2443 -0.3443
vn 0.9782 0.0662 -0.1971
vn 0.9269 0.0642 -0.3699
vn 0.9065 0.2443 -0.3443
vn 0.9505 0.2519 -0.1819
vn 0.9971 0.0727 -0.0213
vn 0.9782 0.0662 -0.1971
vn 0.9505 0.2519 -0.1819
vn 0.9655 0.2599 -0.0166
vn 0.9782 0.0662 -0.1971
vn 0.9971 0.0727 -0.0213
vn 0.9928 -0.1164 -0.0297
vn 0.9697 -0.1201 -0.2128
vn 0.9269 0.0642 -0.3699
vn 0.9782 0.0662 -0.1971
vn 0.9697 -0.1201 -0.2128
vn 0.9126 -0.1139 -0.3927
vn 0.9287 -0.2928 -0.2277
vn 0.8687 -0.2764 -0.4111
vn 0.9126 -0.1139 -0.3927
vn 0.9697 -0.1201 -0.2128
vn 0.9549 -0.2941 -0.0405
vn 0.9287 -0.2928 -0.2277
vn 0.9697 -0.1201 -0.2128
vn 0.9928 -0.1164 -0.0297
vn 0.9287 -0.2928 -0.2277
vn 0.9549 -0.2941 -0.0405
vn 0.8908 -0.4516 -0.0511
vn 0.8635 -0.4437 -0.2397
vn 0.8687 -0.2764 -0.4111
vn 0.9287 -0.2928 -0.2277
vn 0.8635 -0.4437 -0.2397
vn 0.8045 -0.4160 -0.4239
vn 0.8012 -0.5446 -0.2479
vn 0.7454 -0.5089 -0.4305
vn 0.8045 -0.4160 -0.4239
vn 0.8635 -0.4437 -0.2397
vn 0.8279 -0.5579 -0.0583
vn 0.8012 -0.5446 -0.2479
vn 0.8635 -0.4437 -0.2397
vn 0.8908 -0.4516 -0.0511
vn 0.8012 -0.5446 -0.2479
vn 0.8279 -0.5579 -0.0583
vn 0.8043 -0.5910 -0.0628
vn 0.7787 -0.5760 -0.2486
vn 0.7454 -0.5089 -0.4305
vn 0.8012 -0.5446 -0.2479
vn 0.7787 -0.5760 -0.2486
vn 0.7231 -0.5373 -0.4341
vn -0.3107 0.9505 0.0018
vn -0.3193 0.9452 -0.0681
vn -0.3850 0.9201 -0.0724
vn -0.3750 0.9270 0.0021
vn -0.3164 0.9458 0.0727
vn -0.3107 0.9505 0.0018
vn -0.3750 0.9270 0.0021
vn -0.3785 0.9223 0.0774
vn -0.3107 0.9505 0.0018
vn -0.3164 0.9458 0.0727
vn -0.2292 0.9712 0.0650
vn -0.2221 0.9750 -0.0032
vn -0.3193 0.9452 -0.0681
vn -0.3107 0.9505 0.0018
vn -0.2221 0.9750 -0.0032
vn -0.2235 0.9721 -0.0710
vn -0.1817 0.9803 0.0777
vn -0.1589 0.9859 0.0531
vn -0.2292 0.9712 0.0650
vn -0.2508 0.9639 0.0895
vn -0.1996 0.9473 0.2505
vn -0.1817 0.9803 0.0777
vn -0.2508 0.9639 0.0895
vn -0.2648 0.9281 0.2616
vn -0.1817 0.9803 0.0777
vn -0.1996 0.9473 0.2505
vn -0.0718 0.9695 0.2342
vn -0.0502 0.9969 0.0609
vn -0.1589 0.9859 0.0531
vn -0.1817 0.9803 0.0777
vn -0.0502 0.9969 0.0609
vn -0.0277 0.9990 0.0363
vn 0.1218 0.9916 0.0433
vn 0.1412 0.9898 0.0189
vn -0.0277 0.9990 0.0363
vn -0.0502 0.9969 0.0609
vn 0.0991 0.9710 0.2174
vn 0.1218 0.9916 0.0433
vn -0.0502 0.9969 0.0609
vn -0.0718 0.9695 0.2342
vn 0.1218 0.9916 0.0433
vn 0.0991 0.9710 0.2174
vn 0.2654 0.9424 0.2036
vn 0.2851 0.9581 0.0286
vn 0.1412 0.9898 0.0189
vn 0.1218 0.9916 0.0433
vn 0.2851 0.9581 0.0286
vn 0.2989 0.9543 0.0046
vn 0.4364 0.8996 0.0180
vn 0.4436 0.8962 -0.0058
vn 0.2989 0.9543 0.0046
vn 0.2851 0.9581 0.0286
vn 0.4209 0.8862 0.1937
vn 0.4364 0.8996 0.0180
vn 0.2851 0.9581 0.0286
vn 0.2654 0.9424 0.2036
vn 0.4364 0.8996 0.0180
vn 0.4209 0.8862 0.1937
vn 0.5653 0.8033 0.1876
vn 0.5770 0.8167 0.0115
vn 0.4436 0.8962 -0.0058
vn 0.4364 0.8996 0.0180
vn 0.5770 0.8167 0.0115
vn 0.5785 0.8156 -0.0122
vn 0.7041 0.7100 0.0086
vn 0.7019 0.7121 -0.0149
vn 0.5785 0.8156 -0.0122
vn 0.5770 0.8167 0.0115
vn 0.6942 0.6956 0.1850
vn 0.7041 0.7100 0.0086
vn 0.5770 0.8167 0.0115
vn 0.5653 0.8033 0.1876
vn 0.7041 0.7100 0.0086
vn 0.6942 0.6956 0.1850
vn 0.8036 0.5659 0.1845
vn 0.8144 0.5802 0.0082
vn 0.7019 0.7121 -0.0149
vn 0.7041 0.7100 0.0086
vn 0.8144 0.5802 0.0082
vn 0.8112 0.5846 -0.0154
vn 0.9032 0.4291 0.0083
vn 0.9012 0.4332 -0.0152
vn 0.8112 0.5846 -0.0154
vn 0.8144 0.5802 0.0082
vn 0.8896 0.4177 0.1848
vn 0.9032 0.4291 0.0083
vn 0.8144 0.5802 0.0082
vn 0.8036 0.5659 0.1845
vn 0.9032 0.4291 0.0083
vn 0.8896 0.4177 0.1848
vn 0.9492 0.2553 0.1837
vn 0.9656 0.2599 0.0070
vn 0.9012 0.4332 -0.0152
vn 0.9032 0.4291 0.0083
vn 0.9656 0.2599 0.0070
vn 0.9655 0.2599 -0.0166
vn 0.9968 0.0794 0.0025
vn 0.9971 0.0727 -0.0213
vn 0.9655 0.2599 -0.0166
vn 0.9656 0.2599 0.0070
vn 0.9801 0.0842 0.1798
vn 0.9968 0.0794 0.0025
vn 0.9656 0.2599 0.0070
vn 0.9492 0.2553 0.1837
vn 0.9968 0.0794 0.0025
vn 0.9801 0.0842 0.1798
vn 0.9808 -0.0899 0.1729
vn 0.9946 -0.1036 -0.0056
vn 0.9971 0.0727 -0.0213
vn 0.9968 0.0794 0.0025
vn 0.9946 -0.1036 -0.0056
vn 0.9928 -0.1164 -0.0297
vn 0.9603 -0.2786 -0.0163
vn 0.9549 -0.2941 -0.0405
vn 0.9928 -0.1164 -0.0297
vn 0.9946 -0.1036 -0.0056
vn 0.9517 -0.2599 0.1635
vn 0.9603 -0.2786 -0.0163
vn 0.9946 -0.1036 -0.0056
vn 0.9808 -0.0899 0.1729
vn 0.9603 -0.2786 -0.0163
vn 0.9517 -0.2599 0.1635
vn 0.8939 -0.4209 0.1540
vn 0.8982 -0.4388 -0.0270
vn 0.9549 -0.2941 -0.0405
vn 0.9603 -0.2786 -0.0163
vn 0.8982 -0.4388 -0.0270
vn 0.8908 -0.4516 -0.0511
vn 0.8349 -0.5493 -0.0343
vn 0.8279 -0.5579 -0.0583
vn 0.8908 -0.4516 -0.0511
vn 0.8982 -0.4388 -0.0270
vn 0.7945 -0.5795 0.1816
vn 0.8349 -0.5493 -0.0343
vn 0.8982 -0.4388 -0.0270
vn 0.8939 -0.4209 0.1540
vn 0.8349 -0.5493 -0.0343
vn 0.7945 -0.5795 0.1816
vn 0.7069 -0.7069 0.0223
vn 0.8099 -0.5832 -0.0627
vn 0.8279 -0.5579 -0.0583
vn 0.8349 -0.5493 -0.0343
vn 0.8099 -0.5832 -0.0627
vn 0.8043 -0.5910 -0.0628
vn -0.3337 0.9377 0.0969
vn -0.3164 0.9458 0.0727
vn -0.3785 0.9223 0.0774
vn -0.3916 0.9145 0.1014
vn -0.3405 0.9013 0.2677
vn -0.3337 0.9377 0.0969
vn -0.3916 0.9145 0.1014
vn -0.3922 0.8784 0.2729
vn -0.3337 0.9377 0.0969
vn -0.3405 0.9013 0.2677
vn -0.2648 0.9281 0.2616
vn -0.2508 0.9639 0.0895
vn -0.3164 0.9458 0.0727
vn -0.3337 0.9377 0.0969
vn -0.2508 0.9639 0.0895
vn -0.2292 0.9712 0.0650
vn -0.0007 0.0007 1.0000
vn 0.0043 0.0341 0.9994
vn -0.0093 0.1019 0.9948
vn -0.0111 0.0311 0.9995
vn -0.0200 0.0161 0.9997
vn -0.0007 0.0007 1.0000
vn -0.0111 0.0311 0.9995
vn -0.0266 0.1098 0.9936
vn -0.0007 0.0007 1.0000
vn -0.0200 0.0161 0.9997
vn -0.0581 0.0986 0.9934
vn -0.0094 0.0255 0.9996
vn -0.0255 0.0094 0.9996
vn -0.0007 0.0007 1.0000
vn -0.0094 0.0255 0.9996
vn -0.0713 0.0713 0.9949
vn -0.0007 0.0007 1.0000
vn -0.0255 0.0094 0.9996
vn -0.0986 0.0581 0.9934
vn -0.0161 0.0200 0.9997
vn -0.0311 0.0111 0.9995
vn -0.0007 0.0007 1.0000
vn -0.0161 0.0200 0.9997
vn -0.1098 0.0266 0.9936
vn -0.0007 0.0007 1.0000
vn -0.0311 0.0111 0.9995
vn -0.1019 0.0093 0.9948
vn -0.0341 -0.0043 0.9994
vn -0.0293 -0.0149 0.9995
vn -0.0007 0.0007 1.0000
vn -0.0341 -0.0043 0.9994
vn -0.0983 -0.0284 0.9947
vn -0.0007 0.0007 1.0000
vn -0.0293 -0.0149 0.9995
vn -0.0815 -0.0590 0.9949
vn -0.0214 -0.0229 0.9995
vn -0.0118 -0.0276 0.9996
vn -0.0007 0.0007 1.0000
vn -0.0214 -0.0229 0.9995
vn -0.0554 -0.0814 0.9951
vn -0.0007 0.0007 1.0000
vn -0.0118 -0.0276 0.9996
vn -0.0238 -0.0935 0.9953
vn -0.0017 -0.0287 0.9996
vn 0.0078 -0.0267 0.9996
vn -0.0007 0.0007 1.0000
vn -0.0017 -0.0287 0.9996
vn 0.0093 -0.0943 0.9955
vn -0.0007 0.0007 1.0000
vn 0.0078 -0.0267 0.9996
vn 0.0399 -0.0850 0.9956
vn 0.0158 -0.0221 0.9996
vn 0.0221 -0.0158 0.9996
vn -0.0007 0.0007 1.0000
vn 0.0158 -0.0221 0.9996
vn 0.0663 -0.0663 0.9956
vn -0.0007 0.0007 1.0000
vn 0.0221 -0.0158 0.9996
vn 0.0850 -0.0399 0.9956
vn 0.0267 -0.0078 0.9996
vn 0.0287 0.0017 0.9996
vn -0.0007 0.0007 1.0000
vn 0.0267 -0.0078 0.9996
vn 0.0943 -0.0093 0.9955
vn -0.0007 0.0007 1.0000
vn 0.0287 0.0017 0.9996
vn 0.0935 0.0238 0.9953
vn 0.0276 0.0118 0.9996
vn 0.0229 0.0214 0.9995
vn -0.0007 0.0007 1.0000
vn 0.0276 0.0118 0.9996
vn 0.0814 0.0554 0.9951
vn -0.0007 0.0007 1.0000
vn 0.0229 0.0214 0.9995
vn 0.0590 0.0815 0.9949
vn 0.0149 0.0293 0.9995
vn 0.0043 0.0341 0.9994
vn -0.0007 0.0007 1.0000
vn 0.0149 0.0293 0.9995
vn 0.0284 0.0983 0.9947
vn -0.1283 0.5817 0.8032
vn -0.1996 0.9473 0.2505
vn -0.2648 0.9281 0.2616
vn -0.1700 0.5771 0.7988
vn -0.0111 0.0311 0.9995
vn -0.1283 0.5817 0.8032
vn -0.1700 0.5771 0.7988
vn -0.0266 0.1098 0.9936
vn -0.1283 0.5817 0.8032
vn -0.0111 0.0311 0.9995
vn -0.0093 0.1019 0.9948
vn -0.0515 0.6205 0.7825
vn -0.1996 0.9473 0.2505
vn -0.1283 0.5817 0.8032
vn -0.0515 0.6205 0.7825
vn -0.0718 0.9695 0.2342
vn 0.0587 0.6146 0.7867
vn 0.0991 0.9710 0.2174
vn -0.0718 0.9695 0.2342
vn -0.0515 0.6205 0.7825
vn 0.0043 0.0341 0.9994
vn 0.0587 0.6146 0.7867
vn -0.0515 0.6205 0.7825
vn -0.0093 0.1019 0.9948
vn 0.0587 0.6146 0.7867
vn 0.0043 0.0341 0.9994
vn 0.0284 0.0983 0.9947
vn 0.1695 0.6110 0.7733
vn 0.0991 0.9710 0.2174
vn 0.0587 0.6146 0.7867
vn 0.1695 0.6110 0.7733
vn 0.2654 0.9424 0.2036
vn 0.2673 0.5651 0.7805
vn 0.4209 0.8862 0.1937
vn 0.2654 0.9424 0.2036
vn 0.1695 0.6110 0.7733
vn 0.0149 0.0293 0.9995
vn 0.2673 0.5651 0.7805
vn 0.1695 0.6110 0.7733
vn 0.0284 0.0983 0.9947
vn 0.2673 0.5651 0.7805
vn 0.0149 0.0293 0.9995
vn 0.0590 0.0815 0.9949
vn 0.3682 0.5227 0.7689
vn 0.4209 0.8862 0.1937
vn 0.2673 0.5651 0.7805
vn 0.3682 0.5227 0.7689
vn 0.5653 0.8033 0.1876
vn 0.4442 0.4434 0.7785
vn 0.6942 0.6956 0.1850
vn 0.5653 0.8033 0.1876
vn 0.3682 0.5227 0.7689
vn 0.0229 0.0214 0.9995
vn 0.4442 0.4434 0.7785
vn 0.3682 0.5227 0.7689
vn 0.0590 0.0815 0.9949
vn 0.4442 0.4434 0.7785
vn 0.0229 0.0214 0.9995
vn 0.0814 0.0554 0.9951
vn 0.5239 0.3668 0.7688
vn 0.6942 0.6956 0.1850
vn 0.4442 0.4434 0.7785
vn 0.5239 0.3668 0.7688
vn 0.8036 0.5659 0.1845
vn 0.5680 0.2651 0.7791
vn 0.8896 0.4177 0.1848
vn 0.8036 0.5659 0.1845
vn 0.5239 0.3668 0.7688
vn 0.0276 0.0118 0.9996
vn 0.5680 0.2651 0.7791
vn 0.5239 0.3668 0.7688
vn 0.0814 0.0554 0.9951
vn 0.5680 0.2651 0.7791
vn 0.0276 0.0118 0.9996
vn 0.0935 0.0238 0.9953
vn 0.6171 0.1654 0.7693
vn 0.8896 0.4177 0.1848
vn 0.5680 0.2651 0.7791
vn 0.6171 0.1654 0.7693
vn 0.9492 0.2553 0.1837
vn 0.6255 0.0545 0.7783
vn 0.9801 0.0842 0.1798
vn 0.9492 0.2553 0.1837
vn 0.6171 0.1654 0.7693
vn 0.0287 0.0017 0.9996
vn 0.6255 0.0545 0.7783
vn 0.6171 0.1654 0.7693
vn 0.0935 0.0238 0.9953
vn 0.6255 0.0545 0.7783
vn 0.0287 0.0017 0.9996
vn 0.0943 -0.0093 0.9955
vn 0.6394 -0.0565 0.7668
vn 0.9801 0.0842 0.1798
vn 0.6255 0.0545 0.7783
vn 0.6394 -0.0565 0.7668
vn 0.9808 -0.0899 0.1729
vn 0.6114 -0.1640 0.7742
vn 0.9517 -0.2599 0.1635
vn 0.9808 -0.0899 0.1729
vn 0.6394 -0.0565 0.7668
vn 0.0267 -0.0078 0.9996
vn 0.6114 -0.1640 0.7742
vn 0.6394 -0.0565 0.7668
vn 0.0943 -0.0093 0.9955
vn 0.6114 -0.1640 0.7742
vn 0.0267 -0.0078 0.9996
vn 0.0850 -0.0399 0.9956
vn 0.5875 -0.2735 0.7616
vn 0.9517 -0.2599 0.1635
vn 0.6114 -0.1640 0.7742
vn 0.5875 -0.2735 0.7616
vn 0.8939 -0.4209 0.1540
vn 0.5235 -0.3664 0.7692
vn 0.7945 -0.5795 0.1816
vn 0.8939 -0.4209 0.1540
vn 0.5875 -0.2735 0.7616
vn 0.0221 -0.0158 0.9996
vn 0.5235 -0.3664 0.7692
vn 0.5875 -0.2735 0.7616
vn 0.0850 -0.0399 0.9956
vn 0.5235 -0.3664 0.7692
vn 0.0221 -0.0158 0.9996
vn 0.0663 -0.0663 0.9956
vn 0.4770 -0.4770 0.7383
vn 0.7945 -0.5795 0.1816
vn 0.5235 -0.3664 0.7692
vn 0.4770 -0.4770 0.7383
vn 0.7069 -0.7069 0.0223
vn -0.2123 0.5514 0.8068
vn -0.3405 0.9013 0.2677
vn -0.3922 0.8784 0.2729
vn -0.2450 0.5392 0.8058
vn -0.0200 0.0161 0.9997
vn -0.2123 0.5514 0.8068
vn -0.2450 0.5392 0.8058
vn -0.0581 0.0986 0.9934
vn -0.2123 0.5514 0.8068
vn -0.0200 0.0161 0.9997
vn -0.0266 0.1098 0.9936
vn -0.1700 0.5771 0.7988
vn -0.3405 0.9013 0.2677
vn -0.2123 0.5514 0.8068
vn -0.1700 0.5771 0.7988
vn -0.2648 0.9281 0.2616
vn -0.7830 0.5874 0.2047
vn -0.7628 0.5708 0.3039
vn -0.6737 0.6737 0.3039
vn -0.6922 0.6922 0.2044
vn -0.7912 0.5923 0.1524
vn -0.7830 0.5874 0.2047
vn -0.6922 0.6922 0.2044
vn -0.6983 0.6983 0.1577
vn -0.7830 0.5874 0.2047
vn -0.7912 0.5923 0.1524
vn -0.8853 0.4434 0.1400
vn -0.8716 0.4474 0.2002
vn -0.7628 0.5708 0.3039
vn -0.7830 0.5874 0.2047
vn -0.8716 0.4474 0.2002
vn -0.8437 0.4454 0.2996
vn 0.5566 -0.8247 -0.1002
vn 0.5461 -0.7922 -0.2725
vn 0.6790 -0.6790 -0.2791
vn 0.7029 -0.7029 -0.1090
vn 0.5469 -0.8367 -0.0274
vn 0.5566 -0.8247 -0.1002
vn 0.7029 -0.7029 -0.1090
vn 0.7066 -0.7066 -0.0390
vn 0.5566 -0.8247 -0.1002
vn 0.5469 -0.8367 -0.0274
vn 0.3753 -0.9269 -0.0035
vn 0.3943 -0.9156 -0.0789
vn 0.5461 -0.7922 -0.2725
vn 0.5566 -0.8247 -0.1002
vn 0.3943 -0.9156 -0.0789
vn 0.3973 -0.8816 -0.2549
vn -0.5703 0.4527 0.6854
vn -0.3126 0.2489 0.9167
vn -0.2813 0.2813 0.9175
vn -0.5123 0.5123 0.6893
vn -0.6485 0.5121 0.5632
vn -0.5703 0.4527 0.6854
vn -0.5123 0.5123 0.6893
vn -0.5814 0.5814 0.5692
vn -0.5703 0.4527 0.6854
vn -0.6485 0.5121 0.5632
vn -0.7143 0.4266 0.5548
vn -0.6275 0.3764 0.6816
vn -0.3126 0.2489 0.9167
vn -0.5703 0.4527 0.6854
vn -0.6275 0.3764 0.6816
vn -0.3416 0.2060 0.9170
vn -0.7304 0.5521 0.4021
vn -0.7041 0.5403 0.4607
vn -0.6268 0.6268 0.4629
vn -0.6471 0.6471 0.4031
vn -0.7628 0.5708 0.3039
vn -0.7304 0.5521 0.4021
vn -0.6471 0.6471 0.4031
vn -0.6737 0.6737 0.3039
vn -0.7304 0.5521 0.4021
vn -0.7628 0.5708 0.3039
vn -0.8437 0.4454 0.2996
vn -0.8042 0.4422 0.3972
vn -0.7041 0.5403 0.4607
vn -0.7304 0.5521 0.4021
vn -0.8042 0.4422 0.3972
vn -0.7724 0.4429 0.4553
vn 0.3001 -0.8761 -0.3773
vn 0.4031 -0.8867 -0.2264
vn 0.6824 -0.6824 -0.2621
vn 0.6366 -0.6366 -0.4352
vn 0.2667 -0.8537 -0.4472
vn 0.3001 -0.8761 -0.3773
vn 0.6366 -0.6366 -0.4352
vn 0.6094 -0.6094 -0.5073
vn 0.3001 -0.8761 -0.3773
vn 0.2667 -0.8537 -0.4472
vn -0.1665 -0.9589 -0.2296
vn -0.0592 -0.9827 -0.1754
vn 0.4031 -0.8867 -0.2264
vn 0.3001 -0.8761 -0.3773
vn -0.0592 -0.9827 -0.1754
vn 0.1472 -0.9871 -0.0624
vn -0.5515 0.3855 -0.7398
vn -0.7933 0.5620 -0.2340
vn -0.6913 0.6913 -0.2100
vn -0.4821 0.4821 -0.7316
vn -0.2916 0.2036 -0.9346
vn -0.5515 0.3855 -0.7398
vn -0.4821 0.4821 -0.7316
vn -0.2515 0.2515 -0.9346
vn -0.5515 0.3855 -0.7398
vn -0.2916 0.2036 -0.9346
vn -0.3227 0.1494 -0.9346
vn -0.5980 0.2772 -0.7521
vn -0.7933 0.5620 -0.2340
vn -0.5515 0.3855 -0.7398
vn -0.5980 0.2772 -0.7521
vn -0.8710 0.4096 -0.2713
vn 0.1132 -0.1626 -0.9802
vn 0.0073 -0.0104 -0.9999
vn 0.0310 -0.0310 -0.9990
vn 0.1453 -0.1453 -0.9787
vn 0.1941 -0.2789 -0.9405
vn 0.1132 -0.1626 -0.9802
vn 0.1453 -0.1453 -0.9787
vn 0.2396 -0.2396 -0.9408
vn 0.1132 -0.1626 -0.9802
vn 0.1941 -0.2789 -0.9405
vn 0.1430 -0.3109 -0.9396
vn 0.0867 -0.1883 -0.9783
vn 0.0073 -0.0104 -0.9999
vn 0.1132 -0.1626 -0.9802
vn 0.0867 -0.1883 -0.9783
vn 0.0181 -0.0399 -0.9990
vn -0.0000 0.0000 -1.0000
vn -0.0104 0.0074 -0.9999
vn -0.0312 0.0312 -0.9990
vn -0.0074 0.0104 -0.9999
vn -0.0035 0.0125 -0.9999
vn -0.0000 0.0000 -1.0000
vn -0.0074 0.0104 -0.9999
vn -0.0183 0.0400 -0.9990
vn -0.0000 0.0000 -1.0000
vn -0.0035 0.0125 -0.9999
vn -0.0038 0.0439 -0.9990
vn 0.0011 0.0130 -0.9999
vn 0.0055 0.0119 -0.9999
vn -0.0000 0.0000 -1.0000
vn 0.0011 0.0130 -0.9999
vn 0.0114 0.0426 -0.9990
vn -0.0000 0.0000 -1.0000
vn 0.0055 0.0119 -0.9999
vn 0.0253 0.0362 -0.9990
vn 0.0093 0.0093 -0.9999
vn 0.0119 0.0055 -0.9999
vn -0.0000 0.0000 -1.0000
vn 0.0093 0.0093 -0.9999
vn 0.0362 0.0254 -0.9990
vn -0.0000 0.0000 -1.0000
vn 0.0119 0.0055 -0.9999
vn 0.0426 0.0115 -0.9990
vn 0.0130 0.0011 -0.9999
vn 0.0125 -0.0034 -0.9999
vn -0.0000 0.0000 -1.0000
vn 0.0130 0.0011 -0.9999
vn 0.0437 -0.0037 -0.9990
vn -0.0000 0.0000 -1.0000
vn 0.0125 -0.0034 -0.9999
vn 0.0399 -0.0181 -0.9990
vn 0.0104 -0.0073 -0.9999
vn 0.0073 -0.0104 -0.9999
vn -0.0000 0.0000 -1.0000
vn 0.0104 -0.0073 -0.9999
vn 0.0310 -0.0310 -0.9990
vn -0.0000 0.0000 -1.0000
vn 0.0073 -0.0104 -0.9999
vn 0.0181 -0.0399 -0.9990
vn 0.0034 -0.0125 -0.9999
vn -0.0011 -0.0130 -0.9999
vn -0.0000 0.0000 -1.0000
vn 0.0034 -0.0125 -0.9999
vn 0.0037 -0.0437 -0.9990
vn -0.0000 0.0000 -1.0000
vn -0.0011 -0.0130 -0.9999
vn -0.0115 -0.0426 -0.9990
vn -0.0055 -0.0119 -0.9999
vn -0.0093 -0.0093 -0.9999
vn -0.0000 0.0000 -1.0000
vn -0.0055 -0.0119 -0.9999
vn -0.0254 -0.0362 -0.9990
vn -0.0000 0.0000 -1.0000
vn -0.0093 -0.0093 -0.9999
vn -0.0362 -0.0253 -0.9990
vn -0.0119 -0.0055 -0.9999
vn -0.0130 -0.0011 -0.9999
vn -0.0000 0.0000 -1.0000
vn -0.0119 -0.0055 -0.9999
vn -0.0426 -0.0114 -0.9990
vn -0.0000 0.0000 -1.0000
vn -0.0130 -0.0011 -0.9999
vn -0.0439 0.0038 -0.9990
vn -0.0125 0.0035 -0.9999
vn -0.0104 0.0074 -0.9999
vn -0.0000 0.0000 -1.0000
vn -0.0125 0.0035 -0.9999
vn -0.0400 0.0183 -0.9990
vn 0.5991 -0.7659 0.2332
vn 0.5399 -0.8203 -0.1886
vn 0.6925 -0.6925 -0.2019
vn 0.6904 -0.6904 0.2164
vn 0.5844 -0.7085 0.3956
vn 0.5991 -0.7659 0.2332
vn 0.6904 -0.6904 0.2164
vn 0.6566 -0.6566 0.3712
vn 0.5991 -0.7659 0.2332
vn 0.5844 -0.7085 0.3956
vn 0.4868 -0.7262 0.4854
vn 0.4647 -0.8261 0.3189
vn 0.5399 -0.8203 -0.1886
vn 0.5991 -0.7659 0.2332
vn 0.4647 -0.8261 0.3189
vn 0.2987 -0.9498 -0.0927
vn -0.1779 0.4580 0.8710
vn 0.0756 0.1318 0.9884
vn -0.0440 0.0440 0.9981
vn -0.3273 0.3273 0.8864
vn -0.0473 0.3263 0.9441
vn -0.1779 0.4580 0.8710
vn -0.3273 0.3273 0.8864
vn -0.1924 0.1924 0.9623
vn -0.1779 0.4580 0.8710
vn -0.0473 0.3263 0.9441
vn 0.1953 0.5075 0.8392
vn 0.0808 0.6138 0.7853
vn 0.0756 0.1318 0.9884
vn -0.1779 0.4580 0.8710
vn 0.0808 0.6138 0.7853
vn 0.2733 0.2473 0.9296
vn 0.7620 -0.5890 -0.2691
vn 0.7700 -0.5253 -0.3622
vn 0.6403 -0.6403 -0.4244
vn 0.6752 -0.6752 -0.2971
vn 0.7716 -0.6021 -0.2053
vn 0.7620 -0.5890 -0.2691
vn 0.6752 -0.6752 -0.2971
vn 0.6914 -0.6914 -0.2097
vn 0.7620 -0.5890 -0.2691
vn 0.7716 -0.6021 -0.2053
vn 0.8492 -0.4917 -0.1926
vn 0.8400 -0.4773 -0.2581
vn 0.7700 -0.5253 -0.3622
vn 0.7620 -0.5890 -0.2691
vn 0.8400 -0.4773 -0.2581
vn 0.8153 -0.4494 -0.3652
vn -0.0870 0.7697 0.6324
vn -0.0201 0.5112 0.8593
vn -0.2995 0.2995 0.9058
vn -0.4973 0.4973 0.7109
vn -0.3215 0.8998 0.2950
vn -0.0870 0.7697 0.6324
vn -0.4973 0.4973 0.7109
vn -0.6714 0.6714 0.3138
vn -0.0870 0.7697 0.6324
vn -0.3215 0.8998 0.2950
vn -0.1778 0.9514 0.2514
vn 0.1374 0.8491 0.5101
vn -0.0201 0.5112 0.8593
vn -0.0870 0.7697 0.6324
vn 0.1374 0.8491 0.5101
vn 0.2542 0.6654 0.7019
vn -0.4707 0.8823 0.0022
vn -0.3215 0.8998 0.2950
vn -0.6714 0.6714 0.3138
vn -0.7071 0.7071 -0.0031
vn -0.4691 0.8791 -0.0845
vn -0.4707 0.8823 0.0022
vn -0.7071 0.7071 -0.0031
vn -0.7040 0.7040 -0.0929
vn -0.4707 0.8823 0.0022
vn -0.4691 0.8791 -0.0845
vn -0.3850 0.9201 -0.0724
vn -0.3879 0.9217 0.0045
vn -0.3215 0.8998 0.2950
vn -0.4707 0.8823 0.0022
vn -0.3879 0.9217 0.0045
vn -0.1778 0.9514 0.2514
vn -0.4638 0.8859 -0.0004
vn -0.4691 0.8791 -0.0845
vn -0.7040 0.7040 -0.0929
vn -0.7071 0.7071 -0.0012
vn -0.4654 0.8811 0.0841
vn -0.4638 0.8859 -0.0004
vn -0.7071 0.7071 -0.0012
vn -0.7042 0.7042 0.0905
vn -0.4638 0.8859 -0.0004
vn -0.4654 0.8811 0.0841
vn -0.3785 0.9223 0.0774
vn -0.3750 0.9270 0.0021
vn -0.4691 0.8791 -0.0845
vn -0.4638 0.8859 -0.0004
vn -0.3750 0.9270 0.0021
vn -0.3850 0.9201 -0.0724
vn -0.4741 0.8738 0.1081
vn -0.4654 0.8811 0.0841
vn -0.7042 0.7042 0.0905
vn -0.7025 0.7025 0.1146
vn -0.4679 0.8387 0.2786
vn -0.4741 0.8738 0.1081
vn -0.7025 0.7025 0.1146
vn -0.6778 0.6778 0.2851
vn -0.4741 0.8738 0.1081
vn -0.4679 0.8387 0.2786
vn -0.3922 0.8784 0.2729
vn -0.3916 0.9145 0.1014
vn -0.4654 0.8811 0.0841
vn -0.4741 0.8738 0.1081
vn -0.3916 0.9145 0.1014
vn -0.3785 0.9223 0.0774
vn -0.2886 0.5153 0.8069
vn -0.4679 0.8387 0.2786
vn -0.6778 0.6778 0.2851
vn -0.4344 0.4344 0.7890
vn -0.0094 0.0255 0.9996
vn -0.2886 0.5153 0.8069
vn -0.4344 0.4344 0.7890
vn -0.0713 0.0713 0.9949
vn -0.2886 0.5153 0.8069
vn -0.0094 0.0255 0.9996
vn -0.0581 0.0986 0.9934
vn -0.2450 0.5392 0.8058
vn -0.4679 0.8387 0.2786
vn -0.2886 0.5153 0.8069
vn -0.2450 0.5392 0.8058
vn -0.3922 0.8784 0.2729
vn -0.1866 0.0673 0.9801
vn 0.0106 0.0918 0.9957
vn 0.0033 0.0595 0.9982
vn -0.1929 0.0369 0.9805
vn -0.7242 -0.0199 0.6893
vn -0.1866 0.0673 0.9801
vn -0.1929 0.0369 0.9805
vn -0.7502 -0.0461 0.6596
vn -0.1866 0.0673 0.9801
vn -0.7242 -0.0199 0.6893
vn -0.7449 -0.1304 0.6544
vn -0.2086 0.0574 0.9763
vn 0.0106 0.0918 0.9957
vn -0.1866 0.0673 0.9801
vn -0.2086 0.0574 0.9763
vn 0.0086 0.1236 0.9923
vn -0.2026 -0.0018 0.9793
vn -0.0043 0.0412 0.9991
vn -0.0187 0.0565 0.9982
vn -0.2095 -0.0122 0.9777
vn -0.7570 -0.1373 0.6388
vn -0.2026 -0.0018 0.9793
vn -0.2095 -0.0122 0.9777
vn -0.7405 -0.2233 0.6339
vn -0.2026 -0.0018 0.9793
vn -0.7570 -0.1373 0.6388
vn -0.7502 -0.0461 0.6596
vn -0.1929 0.0369 0.9805
vn -0.0043 0.0412 0.9991
vn -0.2026 -0.0018 0.9793
vn -0.1929 0.0369 0.9805
vn 0.0033 0.0595 0.9982
vn -0.2209 -0.0176 0.9751
vn -0.0454 0.0750 0.9961
vn -0.0679 0.0709 0.9952
vn -0.2209 -0.0391 0.9745
vn -0.7140 -0.3077 0.6290
vn -0.2209 -0.0176 0.9751
vn -0.2209 -0.0391 0.9745
vn -0.6670 -0.3935 0.6327
vn -0.2209 -0.0176 0.9751
vn -0.7140 -0.3077 0.6290
vn -0.7405 -0.2233 0.6339
vn -0.2095 -0.0122 0.9777
vn -0.0454 0.0750 0.9961
vn -0.2209 -0.0176 0.9751
vn -0.2095 -0.0122 0.9777
vn -0.0187 0.0565 0.9982
vn -0.2014 -0.0701 0.9770
vn -0.0751 0.0518 0.9958
vn -0.0582 0.0264 0.9980
vn -0.1556 -0.1035 0.9824
vn -0.5943 -0.4797 0.6455
vn -0.2014 -0.0701 0.9770
vn -0.1556 -0.1035 0.9824
vn -0.4878 -0.5654 0.6650
vn -0.2014 -0.0701 0.9770
vn -0.5943 -0.4797 0.6455
vn -0.6670 -0.3935 0.6327
vn -0.2209 -0.0391 0.9745
vn -0.0751 0.0518 0.9958
vn -0.2014 -0.0701 0.9770
vn -0.2209 -0.0391 0.9745
vn -0.0679 0.0709 0.9952
vn -0.0970 -0.1276 0.9871
vn -0.0297 0.0083 0.9995
vn -0.0115 0.0016 0.9999
vn -0.0477 -0.1382 0.9893
vn -0.3494 -0.6392 0.6851
vn -0.0970 -0.1276 0.9871
vn -0.0477 -0.1382 0.9893
vn -0.1941 -0.6905 0.6968
vn -0.0970 -0.1276 0.9871
vn -0.3494 -0.6392 0.6851
vn -0.4878 -0.5654 0.6650
vn -0.1556 -0.1035 0.9824
vn -0.0297 0.0083 0.9995
vn -0.0970 -0.1276 0.9871
vn -0.1556 -0.1035 0.9824
vn -0.0582 0.0264 0.9980
vn -0.0082 -0.1434 0.9896
vn -0.0030 0.0000 1.0000
vn 0.0000 -0.0000 1.0000
vn 0.0261 -0.1463 0.9889
vn -0.0309 -0.7195 0.6938
vn -0.0082 -0.1434 0.9896
vn 0.0261 -0.1463 0.9889
vn 0.1301 -0.7234 0.6781
vn -0.0082 -0.1434 0.9896
vn -0.0309 -0.7195 0.6938
vn -0.1941 -0.6905 0.6968
vn -0.0477 -0.1382 0.9893
vn -0.0030 0.0000 1.0000
vn -0.0082 -0.1434 0.9896
vn -0.0477 -0.1382 0.9893
vn -0.0115 0.0016 0.9999
vn 0.0573 -0.1491 0.9872
vn 0.0000 -0.0000 1.0000
vn -0.0000 0.0000 1.0000
vn 0.0863 -0.1485 0.9851
vn 0.2751 -0.7072 0.6513
vn 0.0573 -0.1491 0.9872
vn 0.0863 -0.1485 0.9851
vn 0.3946 -0.6737 0.6249
vn 0.0573 -0.1491 0.9872
vn 0.2751 -0.7072 0.6513
vn 0.1301 -0.7234 0.6781
vn 0.0261 -0.1463 0.9889
vn 0.0000 -0.0000 1.0000
vn 0.0573 -0.1491 0.9872
vn 0.0261 -0.1463 0.9889
vn 0.0000 -0.0000 1.0000
vn 0.1115 -0.1426 0.9835
vn 0.0000 0.0000 1.0000
vn -0.0000 0.0000 1.0000
vn 0.1308 -0.1308 0.9827
vn 0.4913 -0.6258 0.6058
vn 0.1115 -0.1426 0.9835
vn 0.1308 -0.1308 0.9827
vn 0.5667 -0.5667 0.5981
vn 0.1115 -0.1426 0.9835
vn 0.4913 -0.6258 0.6058
vn 0.3946 -0.6737 0.6249
vn 0.0863 -0.1485 0.9851
vn 0.0000 0.0000 1.0000
vn 0.1115 -0.1426 0.9835
vn 0.0863 -0.1485 0.9851
vn -0.0000 0.0000 1.0000
vn 0.4121 -0.5144 0.7520
vn 0.6520 -0.4461 0.6131
vn 0.5151 -0.5159 0.6845
vn 0.2982 -0.6201 0.7256
vn -0.3539 -0.5073 0.7857
vn 0.4121 -0.5144 0.7520
vn 0.2982 -0.6201 0.7256
vn -0.3436 -0.7500 0.5652
vn 0.4121 -0.5144 0.7520
vn -0.3539 -0.5073 0.7857
vn -0.2473 -0.2733 0.9296
vn 0.5204 -0.4907 0.6989
vn 0.6520 -0.4461 0.6131
vn 0.4121 -0.5144 0.7520
vn 0.5204 -0.4907 0.6989
vn 0.7262 -0.4868 0.4854
vn 0.0735 -0.6965 0.7137
vn 0.2301 -0.6037 0.7633
vn -0.1776 -0.5839 0.7921
vn -0.2496 -0.6510 0.7169
vn -0.3316 -0.8456 0.4184
vn 0.0735 -0.6965 0.7137
vn -0.2496 -0.6510 0.7169
vn -0.4713 -0.7879 0.3964
vn 0.0735 -0.6965 0.7137
vn -0.3316 -0.8456 0.4184
vn -0.3436 -0.7500 0.5652
vn 0.2982 -0.6201 0.7256
vn 0.2301 -0.6037 0.7633
vn 0.0735 -0.6965 0.7137
vn 0.2982 -0.6201 0.7256
vn 0.5151 -0.5159 0.6845
vn -0.3190 -0.4668 0.8248
vn -0.2409 -0.3566 0.9027
vn -0.0854 -0.0359 0.9957
vn -0.2569 -0.1983 0.9459
vn -0.5676 -0.6897 0.4496
vn -0.3190 -0.4668 0.8248
vn -0.2569 -0.1983 0.9459
vn -0.6674 -0.5463 0.5061
vn -0.3190 -0.4668 0.8248
vn -0.5676 -0.6897 0.4496
vn -0.4713 -0.7879 0.3964
vn -0.2496 -0.6510 0.7169
vn -0.2409 -0.3566 0.9027
vn -0.3190 -0.4668 0.8248
vn -0.2496 -0.6510 0.7169
vn -0.1776 -0.5839 0.7921
vn 0.0708 0.1619 0.9843
vn -0.0105 0.1113 0.9937
vn -0.0854 -0.0359 0.9957
vn -0.0432 0.0267 0.9987
vn 0.3424 0.3106 0.8867
vn 0.0708 0.1619 0.9843
vn -0.0432 0.0267 0.9987
vn 0.1670 0.2241 0.9602
vn 0.0708 0.1619 0.9843
vn 0.3424 0.3106 0.8867
vn 0.4926 0.2456 0.8349
vn 0.1316 0.1555 0.9790
vn -0.0105 0.1113 0.9937
vn 0.0708 0.1619 0.9843
vn 0.1316 0.1555 0.9790
vn 0.0086 0.1236 0.9923
vn 0.5415 -0.5143 0.6650
vn 0.7085 -0.5844 0.3956
vn 0.7262 -0.4868 0.4854
vn 0.5204 -0.4907 0.6989
vn -0.1318 -0.0756 0.9884
vn 0.5415 -0.5143 0.6650
vn 0.5204 -0.4907 0.6989
vn -0.2473 -0.2733 0.9296
vn 0.5415 -0.5143 0.6650
vn -0.1318 -0.0756 0.9884
vn -0.0440 0.0440 0.9981
vn 0.5286 -0.5286 0.6642
vn 0.7085 -0.5844 0.3956
vn 0.5415 -0.5143 0.6650
vn 0.5286 -0.5286 0.6642
vn 0.6566 -0.6566 0.3712
vn -0.0673 0.1866 0.9801
vn -0.0918 -0.0106 0.9957
vn -0.1236 -0.0086 0.9923
vn -0.0574 0.2086 0.9763
vn 0.0199 0.7242 0.6893
vn -0.0673 0.1866 0.9801
vn -0.0574 0.2086 0.9763
vn 0.1304 0.7449 0.6544
vn -0.0673 0.1866 0.9801
vn 0.0199 0.7242 0.6893
vn 0.0461 0.7502 0.6596
vn -0.0369 0.1929 0.9805
vn -0.0918 -0.0106 0.9957
vn -0.0673 0.1866 0.9801
vn -0.0369 0.1929 0.9805
vn -0.0595 -0.0033 0.9982
vn 0.0018 0.2026 0.9793
vn -0.0412 0.0043 0.9991
vn -0.0595 -0.0033 0.9982
vn -0.0369 0.1929 0.9805
vn 0.1373 0.7570 0.6388
vn 0.0018 0.2026 0.9793
vn -0.0369 0.1929 0.9805
vn 0.0461 0.7502 0.6596
vn 0.0018 0.2026 0.9793
vn 0.1373 0.7570 0.6388
vn 0.2233 0.7405 0.6339
vn 0.0122 0.2095 0.9777
vn -0.0412 0.0043 0.9991
vn 0.0018 0.2026 0.9793
vn 0.0122 0.2095 0.9777
vn -0.0565 0.0187 0.9982
vn 0.0176 0.2209 0.9751
vn -0.0750 0.0454 0.9961
vn -0.0565 0.0187 0.9982
vn 0.0122 0.2095 0.9777
vn 0.3077 0.7140 0.6289
vn 0.0176 0.2209 0.9751
vn 0.0122 0.2095 0.9777
vn 0.2233 0.7405 0.6339
vn 0.0176 0.2209 0.9751
vn 0.3077 0.7140 0.6289
vn 0.3935 0.6670 0.6327
vn 0.0391 0.2209 0.9745
vn -0.0750 0.0454 0.9961
vn 0.0176 0.2209 0.9751
vn 0.0391 0.2209 0.9745
vn -0.0709 0.0679 0.9952
vn 0.0701 0.2014 0.9770
vn -0.0518 0.0751 0.9958
vn -0.0709 0.0679 0.9952
vn 0.0391 0.2209 0.9745
vn 0.4797 0.5943 0.6455
vn 0.0701 0.2014 0.9770
vn 0.0391 0.2209 0.9745
vn 0.3935 0.6670 0.6327
vn 0.0701 0.2014 0.9770
vn 0.4797 0.5943 0.6455
vn 0.5654 0.4878 0.6651
vn 0.1035 0.1556 0.9824
vn -0.0518 0.0751 0.9958
vn 0.0701 0.2014 0.9770
vn 0.1035 0.1556 0.9824
vn -0.0264 0.0582 0.9980
vn 0.1276 0.0970 0.9871
vn -0.0083 0.0297 0.9995
vn -0.0264 0.0582 0.9980
vn 0.1035 0.1556 0.9824
vn 0.6392 0.3494 0.6851
vn 0.1276 0.0970 0.9871
vn 0.1035 0.1556 0.9824
vn 0.5654 0.4878 0.6651
vn 0.1276 0.0970 0.9871
vn 0.6392 0.3494 0.6851
vn 0.6905 0.1941 0.6968
vn 0.1382 0.0477 0.9893
vn -0.0083 0.0297 0.9995
vn 0.1276 0.0970 0.9871
vn 0.1382 0.0477 0.9893
vn -0.0016 0.0115 0.9999
vn 0.1434 0.0082 0.9896
vn -0.0001 0.0030 1.0000
vn -0.0016 0.0115 0.9999
vn 0.1382 0.0477 0.9893
vn 0.7195 0.0309 0.6938
vn 0.1434 0.0082 0.9896
vn 0.1382 0.0477 0.9893
vn 0.6905 0.1941 0.6968
vn 0.1434 0.0082 0.9896
vn 0.7195 0.0309 0.6938
vn 0.7234 -0.1301 0.6781
vn 0.1463 -0.0261 0.9889
vn -0.0001 0.0030 1.0000
vn 0.1434 0.0082 0.9896
vn 0.1463 -0.0261 0.9889
vn -0.0000 0.0000 1.0000
vn 0.1491 -0.0573 0.9872
vn 0.0000 0.0000 1.0000
vn -0.0000 0.0000 1.0000
vn 0.1463 -0.0261 0.9889
vn 0.7072 -0.2751 0.6513
vn 0.1491 -0.0573 0.9872
vn 0.1463 -0.0261 0.9889
vn 0.7234 -0.1301 0.6781
vn 0.1491 -0.0573 0.9872
vn 0.7072 -0.2751 0.6513
vn 0.6737 -0.3946 0.6249
vn 0.1485 -0.0863 0.9851
vn 0.0000 0.0000 1.0000
vn 0.1491 -0.0573 0.9872
vn 0.1485 -0.0863 0.9851
vn -0.0000 0.0000 1.0000
vn 0.1426 -0.1115 0.9835
vn -0.0000 -0.0000 1.0000
vn -0.0000 0.0000 1.0000
vn 0.1485 -0.0863 0.9851
vn 0.6258 -0.4913 0.6058
vn 0.1426 -0.1115 0.9835
vn 0.1485 -0.0863 0.9851
vn 0.6737 -0.3946 0.6249
vn 0.1426 -0.1115 0.9835
vn 0.6258 -0.4913 0.6058
vn 0.5667 -0.5667 0.5981
vn 0.1308 -0.1308 0.9827
vn -0.0000 -0.0000 1.0000
vn 0.1426 -0.1115 0.9835
vn 0.1308 -0.1308 0.9827
vn -0.0000 0.0000 1.0000
vn 0.5144 -0.4121 0.7520
vn 0.4461 -0.6520 0.6131
vn 0.4868 -0.7262 0.4854
vn 0.4907 -0.5204 0.6989
vn 0.5073 0.3539 0.7857
vn 0.5144 -0.4121 0.7520
vn 0.4907 -0.5204 0.6989
vn 0.2733 0.2473 0.9296
vn 0.5144 -0.4121 0.7520
vn 0.5073 0.3539 0.7857
vn 0.7500 0.3436 0.5652
vn 0.6201 -0.2982 0.7256
vn 0.4461 -0.6520 0.6131
vn 0.5144 -0.4121 0.7520
vn 0.6201 -0.2982 0.7256
vn 0.5159 -0.5152 0.6845
vn 0.6965 -0.0735 0.7137
vn 0.6037 -0.2301 0.7633
vn 0.5159 -0.5152 0.6845
vn 0.6201 -0.2982 0.7256
vn 0.8456 0.3316 0.4184
vn 0.6965 -0.0735 0.7137
vn 0.6201 -0.2982 0.7256
vn 0.7500 0.3436 0.5652
vn 0.6965 -0.0735 0.7137
vn 0.8456 0.3316 0.4184
vn 0.7879 0.4713 0.3964
vn 0.6510 0.2496 0.7169
vn 0.6037 -0.2301 0.7633
vn 0.6965 -0.0735 0.7137
vn 0.6510 0.2496 0.7169
vn 0.5839 0.1776 0.7921
vn 0.4668 0.3190 0.8248
vn 0.3566 0.2409 0.9027
vn 0.5839 0.1776 0.7921
vn 0.6510 0.2496 0.7169
vn 0.6897 0.5676 0.4496
vn 0.4668 0.3190 0.8248
vn 0.6510 0.2496 0.7169
vn 0.7879 0.4713 0.3964
vn 0.4668 0.3190 0.8248
vn 0.6897 0.5676 0.4496
vn 0.5463 0.6674 0.5061
vn 0.1983 0.2569 0.9459
vn 0.3566 0.2409 0.9027
vn 0.4668 0.3190 0.8248
vn 0.1983 0.2569 0.9459
vn 0.0359 0.0854 0.9957
vn -0.1619 -0.0708 0.9843
vn -0.1113 0.0105 0.9937
vn -0.1236 -0.0086 0.9923
vn -0.1555 -0.1316 0.9790
vn -0.3106 -0.3424 0.8867
vn -0.1619 -0.0708 0.9843
vn -0.1555 -0.1316 0.9790
vn -0.2456 -0.4926 0.8349
vn -0.1619 -0.0708 0.9843
vn -0.3106 -0.3424 0.8867
vn -0.2241 -0.1670 0.9602
vn -0.0267 0.0432 0.9987
vn -0.1113 0.0105 0.9937
vn -0.1619 -0.0708 0.9843
vn -0.0267 0.0432 0.9987
vn 0.0359 0.0854 0.9957
vn 0.5143 -0.5416 0.6650
vn 0.5844 -0.7085 0.3956
vn 0.6566 -0.6566 0.3712
vn 0.5286 -0.5286 0.6642
vn 0.0756 0.1318 0.9884
vn 0.5143 -0.5416 0.6650
vn 0.5286 -0.5286 0.6642
vn -0.0440 0.0440 0.9981
vn 0.5143 -0.5416 0.6650
vn 0.0756 0.1318 0.9884
vn 0.2733 0.2473 0.9296
vn 0.4907 -0.5204 0.6989
vn 0.5844 -0.7085 0.3956
vn 0.5143 -0.5416 0.6650
vn 0.4907 -0.5204 0.6989
vn 0.4868 -0.7262 0.4854
# 5400 vertex normals

vt 0.2195 0.0541 -0.4427
vt 0.2739 0.0854 -0.4427
vt 0.3300 0.1192 -0.4427
vt 0.3880 0.1576 -0.4427
vt 0.4469 0.2084 -0.4427
vt 0.4942 0.2741 -0.4427
vt 0.5270 0.3470 -0.4427
vt 0.5465 0.4234 -0.4427
vt 0.0895 0.3121 -0.4427
vt 0.1241 0.3269 -0.4427
vt 0.1547 0.3439 -0.4427
vt 0.1827 0.3644 -0.4427
vt 0.2074 0.3884 -0.4427
vt 0.2259 0.4138 -0.4427
vt 0.2378 0.4402 -0.4427
vt 0.2445 0.4691 -0.4427
vt 0.1812 0.1136 -0.4427
vt 0.1336 0.1864 -0.4427
vt 0.1151 0.2641 -0.4427
vt 0.2340 0.1447 -0.4427
vt 0.1903 0.2098 -0.4427
vt 0.1533 0.2733 -0.4427
vt 0.2870 0.1782 -0.4427
vt 0.2375 0.2401 -0.4427
vt 0.1920 0.2966 -0.4427
vt 0.3421 0.2116 -0.4427
vt 0.2805 0.2744 -0.4427
vt 0.2266 0.3256 -0.4427
vt 0.3983 0.2497 -0.4427
vt 0.3174 0.3130 -0.4427
vt 0.2515 0.3599 -0.4427
vt 0.4453 0.3014 -0.4427
vt 0.3459 0.3551 -0.4427
vt 0.2671 0.3943 -0.4427
vt 0.4753 0.3644 -0.4427
vt 0.3650 0.4004 -0.4427
vt 0.2734 0.4288 -0.4427
vt 0.4925 0.4318 -0.4427
vt 0.3771 0.4490 -0.4427
vt 0.2799 0.4633 -0.4427
vt 0.0210 0.2635 -0.4427
vt 0.0307 0.2718 -0.4427
vt 0.0382 0.2807 -0.4427
vt 0.0594 0.2343 -0.4427
vt 0.0724 0.2758 -0.4427
vt 0.0650 0.2947 -0.4427
vt 0.6177 0.0928 -0.1653
vt 0.6372 0.0592 -0.1653
vt 0.6672 0.0340 -0.1653
vt 0.7039 0.0207 -0.1653
vt 0.7431 0.0207 -0.1653
vt 0.7798 0.0340 -0.1653
vt 0.8098 0.0592 -0.1653
vt 0.8294 0.0928 -0.1653
vt 0.5635 0.4207 -0.4427
vt 0.5435 0.3414 -0.4427
vt 0.5099 0.2654 -0.4427
vt 0.4619 0.1953 -0.4427
vt 0.3998 0.1414 -0.4427
vt 0.3408 0.1029 -0.4427
vt 0.2841 0.0693 -0.4427
vt 0.2296 0.0381 -0.4427
vt 0.0885 0.3177 -0.4427
vt 0.1225 0.3329 -0.4427
vt 0.1522 0.3485 -0.4427
vt 0.1787 0.3682 -0.4427
vt 0.2018 0.3916 -0.4427
vt 0.2198 0.4167 -0.4427
vt 0.2320 0.4428 -0.4427
vt 0.2393 0.4708 -0.4427
vt 0.1115 0.3709 -0.4427
vt 0.1373 0.3833 -0.4427
vt 0.1600 0.3988 -0.4427
vt 0.1786 0.4171 -0.4427
vt 0.1922 0.4366 -0.4427
vt 0.2017 0.4566 -0.4427
vt 0.2079 0.4776 -0.4427
vt 0.0172 0.2685 -0.4427
vt 0.0265 0.2743 -0.4427
vt 0.0341 0.2823 -0.4427
vt 0.0424 0.3286 -0.4427
vt 0.0505 0.3189 -0.4427
vt 0.0568 0.3053 -0.4427
vt 0.0164 0.2816 -0.4427
vt 0.0260 0.2835 -0.4427
vt 0.0346 0.2868 -0.4427
vt 0.0263 0.2573 -0.4427
vt 0.0373 0.2704 -0.4427
vt 0.0426 0.2808 -0.4427
vt 0.0593 0.3012 -0.4427
vt 0.0623 0.2978 -0.4427
vt 0.1288 0.3180 -0.4427
vt 0.1607 0.3362 -0.4427
vt 0.1901 0.3582 -0.4427
vt 0.2147 0.3839 -0.4427
vt 0.2323 0.4108 -0.4427
vt 0.2427 0.4385 -0.4427
vt 0.2491 0.4682 -0.4427
vt 0.0941 0.3047 -0.4427
vt 0.0876 0.3247 -0.4427
vt 0.1206 0.3397 -0.4427
vt 0.1495 0.3546 -0.4427
vt 0.1754 0.3736 -0.4427
vt 0.1976 0.3961 -0.4427
vt 0.2148 0.4201 -0.4427
vt 0.2266 0.4452 -0.4427
vt 0.2338 0.4720 -0.4427
vt 0.0821 0.3582 -0.4427
vt 0.0686 0.3705 -0.4427
vt 0.1015 0.4195 -0.4427
vt 0.1224 0.4272 -0.4427
vt 0.1393 0.4374 -0.4427
vt 0.1519 0.4491 -0.4427
vt 0.1606 0.4614 -0.4427
vt 0.1665 0.4739 -0.4427
vt 0.1701 0.4871 -0.4427
vt 0.0783 0.4156 -0.4427
vt 0.0688 0.4161 -0.4427
vt 0.0995 0.4337 -0.4427
vt 0.1184 0.4391 -0.4427
vt 0.1335 0.4471 -0.4427
vt 0.1448 0.4566 -0.4427
vt 0.1528 0.4669 -0.4427
vt 0.1581 0.4775 -0.4427
vt 0.1611 0.4887 -0.4427
vt 0.0786 0.4318 -0.4427
vt 0.0697 0.4319 -0.4427
vt 0.1004 0.4717 -0.4427
vt 0.1117 0.4707 -0.4427
vt 0.1211 0.4724 -0.4427
vt 0.1286 0.4760 -0.4427
vt 0.1343 0.4809 -0.4427
vt 0.1382 0.4866 -0.4427
vt 0.1404 0.4928 -0.4427
vt 0.0874 0.4762 -0.4427
vt 0.0821 0.4793 -0.4427
vt 0.0958 0.4864 -0.4427
vt 0.1035 0.4817 -0.4427
vt 0.1118 0.4792 -0.4427
vt 0.1187 0.4795 -0.4427
vt 0.1249 0.4818 -0.4427
vt 0.1295 0.4850 -0.4427
vt 0.1328 0.4895 -0.4427
vt 0.1349 0.4941 -0.4427
vt 0.0920 0.4909 -0.4427
vt 0.4961 0.4994 -0.4427
vt 0.8360 0.1299 -0.1653
vt 0.2466 0.4993 -0.4427
vt 0.3807 0.4994 -0.4427
vt 0.0960 0.1435 -0.4427
vt 0.2004 0.4992 -0.4427
vt 0.0038 0.2658 -0.4427
vt 0.0328 0.3354 -0.4427
vt 0.0052 0.2828 -0.4427
vt 0.0117 0.2470 -0.4427
vt 0.2512 0.4993 -0.4427
vt 0.2361 0.4992 -0.4427
vt 0.0508 0.3791 -0.4427
vt 0.1711 0.5017 -0.4427
vt 0.1614 0.5001 -0.4427
vt 0.0530 0.4340 -0.4427
vt 0.0707 0.4862 -0.4427
vt 0.0876 0.4989 -0.4427
vt 0.1798 0.8859 -0.4427
vt 0.1323 0.8126 -0.4427
vt 0.1314 0.0827 -0.4427
vt 0.2330 0.8547 -0.4427
vt 0.1893 0.7892 -0.4427
vt 0.2862 0.8213 -0.4427
vt 0.2367 0.7590 -0.4427
vt 0.3417 0.7878 -0.4427
vt 0.2800 0.7246 -0.4427
vt 0.3982 0.7495 -0.4427
vt 0.3170 0.6860 -0.4427
vt 0.4453 0.6978 -0.4427
vt 0.3457 0.6438 -0.4427
vt 0.4754 0.6345 -0.4427
vt 0.3649 0.5984 -0.4427
vt 0.4925 0.5671 -0.4427
vt 0.3770 0.5498 -0.4427
vt 0.1523 0.7253 -0.4427
vt 0.1279 0.6804 -0.4427
vt 0.0930 0.6937 -0.4427
vt 0.1139 0.7345 -0.4427
vt 0.2182 0.9458 -0.4427
vt 0.2729 0.9145 -0.4427
vt 0.1912 0.7021 -0.4427
vt 0.1600 0.6623 -0.4427
vt 0.3293 0.8806 -0.4427
vt 0.2260 0.6731 -0.4427
vt 0.1895 0.6403 -0.4427
vt 0.3877 0.8420 -0.4427
vt 0.2511 0.6388 -0.4427
vt 0.2143 0.6147 -0.4427
vt 0.4469 0.7910 -0.4427
vt 0.2668 0.6043 -0.4427
vt 0.2320 0.5877 -0.4427
vt 0.4944 0.7251 -0.4427
vt 0.2732 0.5698 -0.4427
vt 0.2425 0.5600 -0.4427
vt 0.5272 0.6519 -0.4427
vt 0.2798 0.5353 -0.4427
vt 0.2490 0.5303 -0.4427
vt 0.5466 0.5754 -0.4427
vt 0.5526 0.4994 -0.4427
vt 0.0710 0.7226 -0.4427
vt 0.0578 0.7642 -0.4427
vt 0.0247 0.7410 -0.4427
vt 0.0406 0.2124 -0.4427
vt 0.0358 0.7278 -0.4427
vt 0.0637 0.7036 -0.4427
vt 0.0411 0.7175 -0.4427
vt 0.5437 0.6575 -0.4427
vt 0.5636 0.5781 -0.4427
vt 0.5101 0.7338 -0.4427
vt 0.4620 0.8042 -0.4427
vt 0.3996 0.8583 -0.4427
vt 0.3402 0.8970 -0.4427
vt 0.2831 0.9307 -0.4427
vt 0.2283 0.9618 -0.4427
vt 0.1682 0.0227 -0.4427
vt 0.1795 0.0069 -0.4427
vt 0.6177 0.1671 -0.1653
vt 0.6110 0.1299 -0.1653
vt 0.5699 0.4994 -0.4427
vt 0.6372 0.2007 -0.1653
vt 0.6672 0.2258 -0.1653
vt 0.7039 0.2392 -0.1653
vt 0.7431 0.2392 -0.1653
vt 0.7798 0.2258 -0.1653
vt 0.8098 0.2007 -0.1653
vt 0.8294 0.1671 -0.1653
vt 0.0884 0.6862 -0.4427
vt 0.1232 0.6715 -0.4427
vt 0.1217 0.6655 -0.4427
vt 0.0874 0.6805 -0.4427
vt 0.1540 0.6545 -0.4427
vt 0.1514 0.6499 -0.4427
vt 0.1821 0.6341 -0.4427
vt 0.1781 0.6303 -0.4427
vt 0.2070 0.6101 -0.4427
vt 0.2014 0.6069 -0.4427
vt 0.2256 0.5847 -0.4427
vt 0.2195 0.5818 -0.4427
vt 0.2377 0.5583 -0.4427
vt 0.2319 0.5557 -0.4427
vt 0.2444 0.5294 -0.4427
vt 0.2392 0.5277 -0.4427
vt 0.2416 0.4993 -0.4427
vt 0.1198 0.6586 -0.4427
vt 0.0866 0.6735 -0.4427
vt 0.1488 0.6437 -0.4427
vt 0.1748 0.6248 -0.4427
vt 0.1972 0.6024 -0.4427
vt 0.2145 0.5784 -0.4427
vt 0.2265 0.5533 -0.4427
vt 0.2337 0.5265 -0.4427
vt 0.0194 0.7348 -0.4427
vt 0.0292 0.7265 -0.4427
vt 0.0249 0.7239 -0.4427
vt 0.0155 0.7297 -0.4427
vt 0.0368 0.7176 -0.4427
vt 0.0326 0.7159 -0.4427
vt 0.0245 0.7147 -0.4427
vt 0.0148 0.7165 -0.4427
vt 0.0332 0.7113 -0.4427
vt 0.0411 0.6693 -0.4427
vt 0.0492 0.6791 -0.4427
vt 0.0555 0.6929 -0.4427
vt 0.0061 0.2563 -0.4427
vt 0.0580 0.6969 -0.4427
vt 0.0610 0.7004 -0.4427
vt 0.2820 0.4993 -0.4427
vt 0.1108 0.6272 -0.4427
vt 0.0812 0.6398 -0.4427
vt 0.1367 0.6149 -0.4427
vt 0.1596 0.5994 -0.4427
vt 0.1782 0.5813 -0.4427
vt 0.1920 0.5618 -0.4427
vt 0.2016 0.5418 -0.4427
vt 0.2078 0.5208 -0.4427
vt 0.0677 0.6274 -0.4427
vt 0.1010 0.5784 -0.4427
vt 0.0777 0.5823 -0.4427
vt 0.1220 0.5709 -0.4427
vt 0.1389 0.5608 -0.4427
vt 0.1516 0.5490 -0.4427
vt 0.1605 0.5368 -0.4427
vt 0.1664 0.5243 -0.4427
vt 0.1700 0.5112 -0.4427
vt 0.1711 0.4966 -0.4427
vt 0.0682 0.5816 -0.4427
vt 0.0991 0.5642 -0.4427
vt 0.0781 0.5659 -0.4427
vt 0.1180 0.5589 -0.4427
vt 0.1332 0.5510 -0.4427
vt 0.1446 0.5415 -0.4427
vt 0.1526 0.5312 -0.4427
vt 0.1580 0.5206 -0.4427
vt 0.1610 0.5094 -0.4427
vt 0.0691 0.5658 -0.4427
vt 0.1002 0.5261 -0.4427
vt 0.0872 0.5215 -0.4427
vt 0.1116 0.5273 -0.4427
vt 0.1209 0.5256 -0.4427
vt 0.1285 0.5220 -0.4427
vt 0.1342 0.5171 -0.4427
vt 0.1381 0.5114 -0.4427
vt 0.1404 0.5052 -0.4427
vt 0.1439 0.4990 -0.4427
vt 0.0819 0.5184 -0.4427
vt 0.1034 0.5161 -0.4427
vt 0.1117 0.5187 -0.4427
vt 0.1186 0.5184 -0.4427
vt 0.1248 0.5162 -0.4427
vt 0.1295 0.5130 -0.4427
vt 0.1327 0.5085 -0.4427
vt 0.1348 0.5039 -0.4427
vt 0.1353 0.4990 -0.4427
vt 0.0920 0.5069 -0.4427
vt 0.0957 0.5114 -0.4427
vt 0.0504 0.4177 -0.4427
vt 0.1615 0.4980 -0.4427
vt 0.0888 0.3149 -0.4427
vt 0.1232 0.3299 -0.4427
vt 0.1533 0.3463 -0.4427
vt 0.1806 0.3663 -0.4427
vt 0.2045 0.3900 -0.4427
vt 0.2228 0.4152 -0.4427
vt 0.2349 0.4415 -0.4427
vt 0.2418 0.4699 -0.4427
vt 0.0190 0.2659 -0.4427
vt 0.0287 0.2728 -0.4427
vt 0.0361 0.2813 -0.4427
vt 0.0608 0.2996 -0.4427
vt 0.2440 0.4993 -0.4427
vt 0.0044 0.2612 -0.4427
vt 0.1223 0.6684 -0.4427
vt 0.0878 0.6833 -0.4427
vt 0.1526 0.6521 -0.4427
vt 0.1800 0.6321 -0.4427
vt 0.2041 0.6085 -0.4427
vt 0.2225 0.5833 -0.4427
vt 0.2347 0.5570 -0.4427
vt 0.2418 0.5286 -0.4427
vt 0.0271 0.7254 -0.4427
vt 0.0174 0.7323 -0.4427
vt 0.0346 0.7169 -0.4427
vt 0.0595 0.6986 -0.4427
vt 0.1370 0.1291 -0.4427
vt 0.1854 0.1623 -0.4427
vt 0.2371 0.1931 -0.4427
vt 0.2869 0.2264 -0.4427
vt 0.3356 0.2618 -0.4427
vt 0.3791 0.3038 -0.4427
vt 0.4109 0.3543 -0.4427
vt 0.4309 0.4107 -0.4427
vt 0.1212 0.2925 -0.4427
vt 0.1488 0.2329 -0.4427
vt 0.2294 0.0956 -0.4427
vt 0.1565 0.3090 -0.4427
vt 0.1925 0.2552 -0.4427
vt 0.2838 0.1282 -0.4427
vt 0.1901 0.3318 -0.4427
vt 0.2337 0.2851 -0.4427
vt 0.3399 0.1629 -0.4427
vt 0.2183 0.3595 -0.4427
vt 0.2678 0.3201 -0.4427
vt 0.3988 0.2012 -0.4427
vt 0.2382 0.3898 -0.4427
vt 0.2928 0.3582 -0.4427
vt 0.4543 0.2526 -0.4427
vt 0.2491 0.4201 -0.4427
vt 0.3083 0.3968 -0.4427
vt 0.4950 0.3176 -0.4427
vt 0.2554 0.4509 -0.4427
vt 0.3183 0.4365 -0.4427
vt 0.5202 0.3896 -0.4427
vt 0.5316 0.4629 -0.4427
vt 0.0955 0.2422 -0.4427
vt 0.0303 0.2402 -0.4427
vt 0.0466 0.2605 -0.4427
vt 0.0526 0.2811 -0.4427
vt 0.5478 0.3828 -0.4427
vt 0.5213 0.3060 -0.4427
vt 0.4813 0.2339 -0.4427
vt 0.4264 0.1706 -0.4427
vt 0.3662 0.1269 -0.4427
vt 0.3089 0.0909 -0.4427
vt 0.2533 0.0587 -0.4427
vt 0.2006 0.0280 -0.4427
vt 0.5763 0.4594 -0.4427
vt 0.5630 0.3789 -0.4427
vt 0.5358 0.2996 -0.4427
vt 0.4947 0.2247 -0.4427
vt 0.4368 0.1572 0.4427
vt 0.3736 0.1156 -0.4427
vt 0.3156 0.0801 -0.4427
vt 0.2597 0.0481 -0.4427
vt 0.1060 0.3206 -0.4427
vt 0.1395 0.3365 -0.4427
vt 0.1681 0.3547 -0.4427
vt 0.1944 0.3769 -0.4427
vt 0.2161 0.4017 -0.4427
vt 0.2312 0.4274 -0.4427
vt 0.2405 0.4549 -0.4427
vt 0.2449 0.4843 -0.4427
vt 0.1051 0.3269 -0.4427
vt 0.1376 0.3419 -0.4427
vt 0.1651 0.3591 -0.4427
vt 0.1899 0.3806 -0.4427
vt 0.2105 0.4049 -0.4427
vt 0.2254 0.4302 -0.4427
vt 0.2351 0.4570 -0.4427
vt 0.2399 0.4852 -0.4427
vt 0.0254 0.2684 -0.4427
vt 0.0327 0.2760 -0.4427
vt 0.0212 0.2733 -0.4427
vt 0.0287 0.2783 -0.4427
vt 0.0202 0.3066 -0.4427
vt 0.0296 0.3025 -0.4427
vt 0.0387 0.2973 -0.4427
vt 0.0156 0.2582 -0.4427
vt 0.0275 0.2664 -0.4427
vt 0.0347 0.2756 -0.4427
vt 0.0438 0.2925 -0.4427
vt 0.0495 0.2881 -0.4427
vt 0.0475 0.2891 -0.4427
vt 0.1071 0.3175 -0.4427
vt 0.1409 0.3337 -0.4427
vt 0.1701 0.3525 -0.4427
vt 0.1970 0.3751 -0.4427
vt 0.2189 0.4003 -0.4427
vt 0.2338 0.4263 -0.4427
vt 0.2427 0.4541 -0.4427
vt 0.2597 0.4829 -0.4427
vt 0.0863 0.2892 -0.4427
vt 0.0761 0.3044 -0.4427
vt 0.1018 0.3448 -0.4427
vt 0.1313 0.3579 -0.4427
vt 0.1575 0.3734 -0.4427
vt 0.1807 0.3927 -0.4427
vt 0.1993 0.4144 -0.4427
vt 0.2127 0.4373 -0.4427
vt 0.2217 0.4613 -0.4427
vt 0.0730 0.3110 -0.4427
vt 0.0739 0.3088 -0.4427
vt 0.0700 0.3253 -0.4427
vt 0.0640 0.3439 -0.4427
vt 0.0915 0.3948 -0.4427
vt 0.1170 0.4033 -0.4427
vt 0.1383 0.4147 -0.4427
vt 0.1556 0.4286 -0.4427
vt 0.1684 0.4438 -0.4427
vt 0.1772 0.4592 -0.4427
vt 0.1832 0.4751 -0.4427
vt 0.1867 0.4919 -0.4427
vt 0.0739 0.3939 -0.4427
vt 0.0889 0.4235 -0.4427
vt 0.1115 0.4288 -0.4427
vt 0.1295 0.4370 -0.4427
vt 0.1435 0.4472 -0.4427
vt 0.1535 0.4584 -0.4427
vt 0.1603 0.4699 -0.4427
vt 0.1646 0.4817 -0.4427
vt 0.1666 0.4944 -0.4427
vt 0.0733 0.4223 -0.4427
vt 0.0890 0.4551 -0.4427
vt 0.1062 0.4552 -0.4427
vt 0.1199 0.4584 -0.4427
vt 0.1308 0.4639 -0.4427
vt 0.1389 0.4707 -0.4427
vt 0.1447 0.4784 -0.4427
vt 0.1483 0.4866 -0.4427
vt 0.1498 0.4951 -0.4427
vt 0.0770 0.4569 -0.4427
vt 0.0964 0.4799 -0.4427
vt 0.1072 0.4759 -0.4427
vt 0.1160 0.4756 -0.4427
vt 0.1235 0.4776 -0.4427
vt 0.1294 0.4810 -0.4427
vt 0.1338 0.4856 -0.4427
vt 0.1366 0.4909 -0.4427
vt 0.1379 0.4963 -0.4427
vt 0.0892 0.4848 -0.4427
vt 0.4399 0.4696 -0.4427
vt 0.1769 0.0649 -0.4427
vt 0.2471 0.4840 -0.4427
vt 0.3245 0.4781 -0.4427
vt 0.0821 0.1935 -0.4427
vt 0.5607 0.4607 -0.4427
vt 0.2073 0.0177 -0.4427
vt 0.0136 0.2617 -0.4427
vt 0.0105 0.2697 -0.4427
vt 0.2263 0.4868 -0.4427
vt 0.0525 0.3544 -0.4427
vt 0.0606 0.3990 -0.4427
vt 0.0609 0.4225 -0.4427
vt 0.0673 0.4592 -0.4427
vt 0.0836 0.4898 -0.4427
vt 0.1355 0.8702 -0.4427
vt 0.1843 0.8369 -0.4427
vt 0.2363 0.8061 -0.4427
vt 0.2863 0.7729 -0.4427
vt 0.3353 0.7374 -0.4427
vt 0.3789 0.6953 -0.4427
vt 0.4109 0.6446 -0.4427
vt 0.4309 0.5882 -0.4427
vt 0.1202 0.7060 -0.4427
vt 0.1477 0.7659 -0.4427
vt 0.2282 0.9041 -0.4427
vt 0.1557 0.6896 -0.4427
vt 0.1916 0.7437 -0.4427
vt 0.2830 0.8714 -0.4427
vt 0.1894 0.6668 -0.4427
vt 0.2330 0.7138 -0.4427
vt 0.3394 0.8367 -0.4427
vt 0.2178 0.6391 -0.4427
vt 0.2673 0.6787 -0.4427
vt 0.3986 0.7982 -0.4427
vt 0.2379 0.6088 -0.4427
vt 0.2925 0.6406 -0.4427
vt 0.4544 0.7467 -0.4427
vt 0.2488 0.5785 -0.4427
vt 0.3081 0.6020 -0.4427
vt 0.4951 0.6814 -0.4427
vt 0.2553 0.5477 -0.4427
vt 0.3182 0.5622 -0.4427
vt 0.5203 0.6093 -0.4427
vt 0.5316 0.5360 -0.4427
vt 0.0942 0.7564 -0.4427
vt 0.0286 0.7581 -0.4427
vt 0.0451 0.7379 -0.4427
vt 0.0512 0.7171 -0.4427
vt 0.5479 0.6161 -0.4427
vt 0.5215 0.6931 -0.4427
vt 0.4814 0.7654 -0.4427
vt 0.4264 0.8291 -0.4427
vt 0.3658 0.8729 -0.4427
vt 0.3081 0.9089 -0.4427
vt 0.2522 0.9412 -0.4427
vt 0.1992 0.9719 -0.4427
vt 0.5764 0.5393 -0.4427
vt 0.5632 0.6200 -0.4427
vt 0.5361 0.6995 -0.4427
vt 0.4949 0.7747 -0.4427
vt 0.4368 0.8425 0.4427
vt 0.3732 0.8843 -0.4427
vt 0.3148 0.9199 -0.4427
vt 0.2586 0.9519 -0.4427
vt 0.1050 0.6777 -0.4427
vt 0.1387 0.6619 -0.4427
vt 0.1675 0.6438 -0.4427
vt 0.1939 0.6216 -0.4427
vt 0.2157 0.5968 -0.4427
vt 0.2310 0.5711 -0.4427
vt 0.2404 0.5437 -0.4427
vt 0.2449 0.5142 -0.4427
vt 0.1042 0.6714 -0.4427
vt 0.1368 0.6564 -0.4427
vt 0.1644 0.6393 -0.4427
vt 0.1894 0.6179 -0.4427
vt 0.2101 0.5936 -0.4427
vt 0.2252 0.5683 -0.4427
vt 0.2350 0.5415 -0.4427
vt 0.2398 0.5133 -0.4427
vt 0.0238 0.7299 -0.4427
vt 0.0312 0.7222 -0.4427
vt 0.0196 0.7249 -0.4427
vt 0.0272 0.7198 -0.4427
vt 0.0188 0.6914 -0.4427
vt 0.0282 0.6955 -0.4427
vt 0.0373 0.7008 -0.4427
vt 0.0139 0.7400 -0.4427
vt 0.0259 0.7318 -0.4427
vt 0.0332 0.7226 -0.4427
vt 0.0424 0.7056 -0.4427
vt 0.0481 0.7101 -0.4427
vt 0.0461 0.7091 -0.4427
vt 0.1061 0.6808 -0.4427
vt 0.1400 0.6647 -0.4427
vt 0.1695 0.6460 -0.4427
vt 0.1965 0.6234 -0.4427
vt 0.2185 0.5982 -0.4427
vt 0.2335 0.5722 -0.4427
vt 0.2426 0.5445 -0.4427
vt 0.2597 0.5157 -0.4427
vt 0.0851 0.7091 -0.4427
vt 0.0749 0.6939 -0.4427
vt 0.1009 0.6534 -0.4427
vt 0.1306 0.6404 -0.4427
vt 0.1569 0.6250 -0.4427
vt 0.1802 0.6057 -0.4427
vt 0.1989 0.5840 -0.4427
vt 0.2125 0.5612 -0.4427
vt 0.2216 0.5371 -0.4427
vt 0.0718 0.6872 -0.4427
vt 0.0727 0.6894 -0.4427
vt 0.0689 0.6728 -0.4427
vt 0.0630 0.6541 -0.4427
vt 0.0909 0.6032 -0.4427
vt 0.1165 0.5947 -0.4427
vt 0.1379 0.5834 -0.4427
vt 0.1553 0.5696 -0.4427
vt 0.1681 0.5545 -0.4427
vt 0.1770 0.5391 -0.4427
vt 0.1831 0.5232 -0.4427
vt 0.1867 0.5064 -0.4427
vt 0.0732 0.6040 -0.4427
vt 0.0884 0.5743 -0.4427
vt 0.1110 0.5692 -0.4427
vt 0.1292 0.5611 -0.4427
vt 0.1432 0.5509 -0.4427
vt 0.1533 0.5397 -0.4427
vt 0.1601 0.5283 -0.4427
vt 0.1645 0.5165 -0.4427
vt 0.1666 0.5038 -0.4427
vt 0.0727 0.5755 -0.4427
vt 0.0887 0.5427 -0.4427
vt 0.1059 0.5427 -0.4427
vt 0.1197 0.5395 -0.4427
vt 0.1306 0.5342 -0.4427
vt 0.1388 0.5274 -0.4427
vt 0.1446 0.5197 -0.4427
vt 0.1482 0.5115 -0.4427
vt 0.1498 0.5030 -0.4427
vt 0.0767 0.5408 -0.4427
vt 0.1160 0.4990 -0.4427
vt 0.0963 0.5179 -0.4427
vt 0.1071 0.5219 -0.4427
vt 0.1159 0.5223 -0.4427
vt 0.1233 0.5204 -0.4427
vt 0.1293 0.5170 -0.4427
vt 0.1337 0.5124 -0.4427
vt 0.1366 0.5072 -0.4427
vt 0.1379 0.5018 -0.4427
vt 0.0891 0.5130 -0.4427
vt 0.4399 0.5292 -0.4427
vt 0.1754 0.9348 -0.4427
vt 0.2470 0.5145 -0.4427
vt 0.3244 0.5207 -0.4427
vt 0.0805 0.8052 -0.4427
vt 0.5608 0.5380 -0.4427
vt 0.2058 0.9823 -0.4427
vt 0.7235 0.1299 -0.1653
vt 0.0119 0.7365 -0.4427
vt 0.0088 0.7284 -0.4427
vt 0.2263 0.5117 -0.4427
vt 0.0514 0.6435 -0.4427
vt 0.0598 0.5988 -0.4427
vt 0.0603 0.5752 -0.4427
vt 0.0670 0.5384 -0.4427
vt 0.0835 0.5080 -0.4427
vt 0.1055 0.3238 -0.4427
vt 0.1384 0.3393 -0.4427
vt 0.1664 0.3569 -0.4427
vt 0.1918 0.3787 -0.4427
vt 0.2128 0.4033 -0.4427
vt 0.2279 0.4289 -0.4427
vt 0.2374 0.4561 -0.4427
vt 0.2421 0.4849 -0.4427
vt 0.0232 0.2703 -0.4427
vt 0.0305 0.2766 -0.4427
vt 0.0453 0.2907 -0.4427
vt 0.0749 0.3065 -0.4427
vt 0.0118 0.2652 -0.4427
vt 0.1045 0.6744 -0.4427
vt 0.1376 0.6591 -0.4427
vt 0.1657 0.6416 -0.4427
vt 0.1913 0.6198 -0.4427
vt 0.2125 0.5952 -0.4427
vt 0.2276 0.5696 -0.4427
vt 0.2373 0.5424 -0.4427
vt 0.2421 0.5137 -0.4427
vt 0.0216 0.7279 -0.4427
vt 0.0290 0.7216 -0.4427
vt 0.0439 0.7075 -0.4427
vt 0.0737 0.6918 -0.4427
vt 0.0101 0.7329 -0.4427
vt 0.1936 0.0387 -0.4427
vt 0.2027 0.0801 -0.4427
vt 0.2464 0.0695 -0.4427
vt 0.2566 0.1115 -0.4427
vt 0.1064 0.3191 -0.4427
vt 0.3017 0.1018 -0.4427
vt 0.3115 0.1454 -0.4427
vt 0.1400 0.3352 -0.4427
vt 0.3587 0.1376 -0.4427
vt 0.3690 0.1812 -0.4427
vt 0.1690 0.3537 -0.4427
vt 0.4180 0.1805 -0.4427
vt 0.4279 0.2249 -0.4427
vt 0.1956 0.3761 -0.4427
vt 0.4724 0.2400 -0.4427
vt 0.4769 0.2837 -0.4427
vt 0.2175 0.4010 -0.4427
vt 0.5123 0.3099 -0.4427
vt 0.5091 0.3531 -0.4427
vt 0.2326 0.4268 -0.4427
vt 0.5384 0.3851 -0.4427
vt 0.5278 0.4264 -0.4427
vt 0.2418 0.4544 -0.4427
vt 0.1599 0.1468 -0.4427
vt 0.2117 0.1772 -0.4427
vt 0.1706 0.2427 -0.4427
vt 0.1389 0.2996 -0.4427
vt 0.2621 0.2097 -0.4427
vt 0.2137 0.2696 -0.4427
vt 0.1736 0.3199 -0.4427
vt 0.3115 0.2436 -0.4427
vt 0.2520 0.3019 -0.4427
vt 0.2052 0.3450 -0.4427
vt 0.3585 0.2816 -0.4427
vt 0.2814 0.3391 -0.4427
vt 0.2293 0.3747 -0.4427
vt 0.3968 0.3281 -0.4427
vt 0.3019 0.3774 -0.4427
vt 0.2449 0.4049 -0.4427
vt 0.4221 0.3820 -0.4427
vt 0.3134 0.4165 -0.4427
vt 0.2521 0.4354 -0.4427
vt 0.4370 0.4401 -0.4427
vt 0.3222 0.4570 -0.4427
vt 0.2582 0.4667 -0.4427
vt 0.1346 0.2658 -0.4427
vt 0.1653 0.1968 -0.4427
vt 0.2073 0.1290 -0.4427
vt 0.1728 0.2839 -0.4427
vt 0.2144 0.2243 -0.4427
vt 0.2604 0.1613 -0.4427
vt 0.2102 0.3104 -0.4427
vt 0.2596 0.2568 -0.4427
vt 0.3142 0.1947 -0.4427
vt 0.2403 0.3424 -0.4427
vt 0.2999 0.2932 -0.4427
vt 0.3706 0.2294 -0.4427
vt 0.2606 0.3772 -0.4427
vt 0.3328 0.3336 -0.4427
vt 0.4236 0.2738 -0.4427
vt 0.2707 0.4116 -0.4427
vt 0.3565 0.3774 -0.4427
vt 0.4622 0.3320 -0.4427
vt 0.2768 0.4459 -0.4427
vt 0.3720 0.4243 -0.4427
vt 0.4856 0.3979 -0.4427
vt 0.4955 0.4655 -0.4427
vt 0.1245 0.2309 -0.4427
vt 0.1036 0.2888 -0.4427
vt 0.0145 0.2601 -0.4427
vt 0.0264 0.2675 -0.4427
vt 0.0337 0.2758 -0.4427
vt 0.0916 0.2131 -0.4427
vt 0.0936 0.2706 -0.4427
vt 0.0380 0.2482 -0.4427
vt 0.0522 0.2729 -0.4427
vt 0.0509 0.2863 -0.4427
vt 0.0505 0.2217 -0.4427
vt 0.0683 0.2552 -0.4427
vt 0.0694 0.2879 -0.4427
vt 0.6410 0.0837 -0.1653
vt 0.6623 0.0584 -0.1653
vt 0.6909 0.0419 -0.1653
vt 0.7235 0.0361 -0.1653
vt 0.7561 0.0419 -0.1653
vt 0.7847 0.0584 -0.1653
vt 0.8060 0.0837 -0.1653
vt 0.8172 0.1141 -0.1653
vt 0.5559 0.4219 -0.4427
vt 0.5362 0.3439 -0.4427
vt 0.5030 0.2692 -0.4427
vt 0.4558 0.2006 -0.4427
vt 0.3957 0.1473 -0.4427
vt 0.3373 0.1083 -0.4427
vt 0.2809 0.0745 -0.4427
vt 0.2264 0.0433 -0.4427
vt 0.5714 0.4193 -0.4427
vt 0.5511 0.3388 -0.4427
vt 0.5171 0.2614 -0.4427
vt 0.4683 0.1897 -0.4427
vt 0.4040 0.1353 -0.4427
vt 0.3443 0.0972 -0.4427
vt 0.2874 0.0638 -0.4427
vt 0.2328 0.0328 -0.4427
vt 0.5683 0.4601 -0.4427
vt 0.5552 0.3809 -0.4427
vt 0.5284 0.3029 -0.4427
vt 0.4878 0.2294 -0.4427
vt 0.4315 0.1642 -0.4427
vt 0.3699 0.1213 -0.4427
vt 0.3122 0.0856 -0.4427
vt 0.2565 0.0535 -0.4427
vt 0.0886 0.3164 -0.4427
vt 0.1236 0.3283 -0.4427
vt 0.1540 0.3451 -0.4427
vt 0.1817 0.3653 -0.4427
vt 0.2060 0.3891 -0.4427
vt 0.2245 0.4145 -0.4427
vt 0.2365 0.4408 -0.4427
vt 0.2433 0.4695 -0.4427
vt 0.1053 0.3252 -0.4427
vt 0.1381 0.3405 -0.4427
vt 0.1657 0.3578 -0.4427
vt 0.1908 0.3795 -0.4427
vt 0.2116 0.4040 -0.4427
vt 0.2266 0.4295 -0.4427
vt 0.2363 0.4566 -0.4427
vt 0.0860 0.3370 -0.4427
vt 0.1222 0.3345 -0.4427
vt 0.1516 0.3499 -0.4427
vt 0.1779 0.3694 -0.4427
vt 0.2008 0.3926 -0.4427
vt 0.2187 0.4174 -0.4427
vt 0.2309 0.4433 -0.4427
vt 0.2381 0.4711 -0.4427
vt 0.0972 0.3656 -0.4427
vt 0.1248 0.3768 -0.4427
vt 0.1491 0.3907 -0.4427
vt 0.1699 0.4077 -0.4427
vt 0.1860 0.4268 -0.4427
vt 0.1974 0.4465 -0.4427
vt 0.2053 0.4670 -0.4427
vt 0.0201 0.2646 -0.4427
vt 0.0298 0.2722 -0.4427
vt 0.0372 0.2808 -0.4427
vt 0.0111 0.2667 -0.4427
vt 0.0223 0.2712 -0.4427
vt 0.0295 0.2771 -0.4427
vt 0.0162 0.2710 -0.4427
vt 0.0254 0.2759 -0.4427
vt 0.0336 0.2834 -0.4427
vt 0.0377 0.3322 -0.4427
vt 0.0466 0.3244 -0.4427
vt 0.0540 0.3116 -0.4427
vt 0.0249 0.3045 -0.4427
vt 0.0343 0.3002 -0.4427
vt 0.0422 0.2944 -0.4427
vt 0.0111 0.2817 -0.4427
vt 0.0215 0.2824 -0.4427
vt 0.0302 0.2843 -0.4427
vt 0.0221 0.2620 -0.4427
vt 0.0318 0.2710 -0.4427
vt 0.0394 0.2806 -0.4427
vt 0.0195 0.2522 -0.4427
vt 0.0326 0.2637 -0.4427
vt 0.0396 0.2763 -0.4427
vt 0.0445 0.2914 -0.4427
vt 0.0584 0.3023 -0.4427
vt 0.0630 0.2972 -0.4427
vt 0.0485 0.2885 -0.4427
vt 0.0616 0.2986 -0.4427
vt 0.1248 0.3253 -0.4427
vt 0.1557 0.3426 -0.4427
vt 0.1840 0.3633 -0.4427
vt 0.2088 0.3876 -0.4427
vt 0.2272 0.4132 -0.4427
vt 0.2388 0.4398 -0.4427
vt 0.2455 0.4689 -0.4427
vt 0.0902 0.3107 -0.4427
vt 0.1112 0.3105 -0.4427
vt 0.1453 0.3267 -0.4427
vt 0.1758 0.3467 -0.4427
vt 0.2031 0.3707 -0.4427
vt 0.2245 0.3973 -0.4427
vt 0.2382 0.4245 -0.4427
vt 0.2463 0.4531 -0.4427
vt 0.2507 0.4837 -0.4427
vt 0.0790 0.3002 -0.4427
vt 0.0754 0.3054 -0.4427
vt 0.0883 0.3193 -0.4427
vt 0.1171 0.3513 -0.4427
vt 0.1447 0.3651 -0.4427
vt 0.1696 0.3826 -0.4427
vt 0.1906 0.4034 -0.4427
vt 0.2066 0.4258 -0.4427
vt 0.2177 0.4491 -0.4427
vt 0.2246 0.4740 -0.4427
vt 0.1042 0.3325 -0.4427
vt 0.1356 0.3469 -0.4427
vt 0.1628 0.3636 -0.4427
vt 0.1870 0.3845 -0.4427
vt 0.2069 0.4080 -0.4427
vt 0.2213 0.4325 -0.4427
vt 0.2308 0.4584 -0.4427
vt 0.0719 0.3154 -0.4427
vt 0.0735 0.3097 -0.4427
vt 0.0674 0.3365 -0.4427
vt 0.0740 0.3658 -0.4427
vt 0.0592 0.3492 -0.4427
vt 0.0598 0.3758 -0.4427
vt 0.1049 0.3987 -0.4427
vt 0.1281 0.4087 -0.4427
vt 0.1475 0.4214 -0.4427
vt 0.1626 0.4361 -0.4427
vt 0.1732 0.4515 -0.4427
vt 0.1805 0.4670 -0.4427
vt 0.1853 0.4834 -0.4427
vt 0.0798 0.3929 -0.4427
vt 0.0692 0.3962 -0.4427
vt 0.0892 0.4168 -0.4427
vt 0.1125 0.4230 -0.4427
vt 0.1314 0.4320 -0.4427
vt 0.1461 0.4431 -0.4427
vt 0.1567 0.4552 -0.4427
vt 0.1639 0.4676 -0.4427
vt 0.1686 0.4803 -0.4427
vt 0.0731 0.4157 -0.4427
vt 0.0606 0.4169 -0.4427
vt 0.1009 0.4258 -0.4427
vt 0.1210 0.4326 -0.4427
vt 0.1370 0.4419 -0.4427
vt 0.1490 0.4528 -0.4427
vt 0.1572 0.4642 -0.4427
vt 0.1627 0.4757 -0.4427
vt 0.1659 0.4879 -0.4427
vt 0.0784 0.4225 -0.4427
vt 0.0691 0.4222 -0.4427
vt 0.0884 0.4323 -0.4427
vt 0.1095 0.4361 -0.4427
vt 0.1264 0.4429 -0.4427
vt 0.1396 0.4517 -0.4427
vt 0.1492 0.4617 -0.4427
vt 0.1558 0.4722 -0.4427
vt 0.1599 0.4831 -0.4427
vt 0.0737 0.4318 -0.4427
vt 0.0620 0.4326 -0.4427
vt 0.0982 0.4547 -0.4427
vt 0.1134 0.4565 -0.4427
vt 0.1257 0.4609 -0.4427
vt 0.1352 0.4671 -0.4427
vt 0.1421 0.4744 -0.4427
vt 0.1467 0.4824 -0.4427
vt 0.1493 0.4909 -0.4427
vt 0.0810 0.4561 -0.4427
vt 0.0737 0.4576 -0.4427
vt 0.0935 0.4737 -0.4427
vt 0.1064 0.4708 -0.4427
vt 0.1167 0.4712 -0.4427
vt 0.1251 0.4740 -0.4427
vt 0.1317 0.4783 -0.4427
vt 0.1365 0.4837 -0.4427
vt 0.1395 0.4897 -0.4427
vt 0.1409 0.4960 -0.4427
vt 0.0844 0.4778 -0.4427
vt 0.1016 0.4874 -0.4427
vt 0.1088 0.4834 -0.4427
vt 0.1151 0.4821 -0.4427
vt 0.1208 0.4833 -0.4427
vt 0.1256 0.4855 -0.4427
vt 0.1289 0.4888 -0.4427
vt 0.1314 0.4928 -0.4427
vt 0.1324 0.4968 -0.4427
vt 0.0977 0.4912 -0.4427
vt 0.0916 0.4829 -0.4427
vt 0.1022 0.4774 -0.4427
vt 0.1118 0.4755 -0.4427
vt 0.1199 0.4764 -0.4427
vt 0.1266 0.4792 -0.4427
vt 0.1318 0.4832 -0.4427
vt 0.1354 0.4882 -0.4427
vt 0.1375 0.4935 -0.4427
vt 0.0874 0.4865 -0.4427
vt 0.5511 0.4614 -0.4427
vt 0.2461 0.4841 -0.4427
vt 0.1562 0.0980 -0.4427
vt 0.2816 0.4812 -0.4427
vt 0.3799 0.4741 -0.4427
vt 0.1146 0.1604 -0.4427
vt 0.6298 0.1141 -0.1653
vt 0.2039 0.0229 -0.4427
vt 0.2410 0.4851 -0.4427
vt 0.2097 0.4881 -0.4427
vt 0.2355 0.4857 -0.4427
vt 0.1710 0.4941 -0.4427
vt 0.1617 0.4945 -0.4427
vt 0.0771 0.4821 -0.4427
vt 0.0950 0.4956 -0.4427
vt 0.1145 0.1127 -0.4427
vt 0.5326 0.4994 -0.4427
vt 0.0222 0.2336 -0.4427
vt 0.2454 0.4993 -0.4427
vt 0.4406 0.4994 -0.4427
vt 0.2476 0.4993 -0.4427
vt 0.1833 0.0020 -0.4427
vt 0.0040 0.2637 -0.4427
vt 0.0037 0.2695 -0.4427
vt 0.0153 0.3090 -0.4427
vt 0.2602 0.4993 -0.4427
vt 0.2269 0.4992 -0.4427
vt 0.0457 0.3581 -0.4427
vt 0.1873 0.5007 -0.4427
vt 0.0507 0.4006 -0.4427
vt 0.1663 0.5011 -0.4427
vt 0.1498 0.4995 -0.4427
vt 0.0594 0.4616 -0.4427
vt 0.0794 0.4948 -0.4427
vt 0.1586 0.8524 -0.4427
vt 0.1131 0.8387 -0.4427
vt 0.1547 0.9015 -0.4427
vt 0.2107 0.8220 -0.4427
vt 0.1641 0.8022 -0.4427
vt 0.2062 0.8705 -0.4427
vt 0.2613 0.7896 -0.4427
vt 0.2135 0.7747 -0.4427
vt 0.2595 0.8381 -0.4427
vt 0.3110 0.7556 -0.4427
vt 0.2590 0.7423 -0.4427
vt 0.3137 0.8047 -0.4427
vt 0.3582 0.7175 -0.4427
vt 0.2994 0.7058 -0.4427
vt 0.3703 0.7700 -0.4427
vt 0.3966 0.6710 -0.4427
vt 0.3325 0.6653 -0.4427
vt 0.4236 0.7254 -0.4427
vt 0.4221 0.6169 -0.4427
vt 0.3563 0.6215 -0.4427
vt 0.4623 0.6670 -0.4427
vt 0.4370 0.5588 -0.4427
vt 0.3719 0.5745 -0.4427
vt 0.4856 0.6010 -0.4427
vt 0.1380 0.6989 -0.4427
vt 0.1101 0.6878 -0.4427
vt 0.1025 0.7096 -0.4427
vt 0.1335 0.7328 -0.4427
vt 0.1696 0.7562 -0.4427
vt 0.1232 0.7679 -0.4427
vt 0.2014 0.9196 -0.4427
vt 0.2452 0.9303 -0.4427
vt 0.2556 0.8881 -0.4427
vt 0.1729 0.6787 -0.4427
vt 0.1444 0.6718 -0.4427
vt 0.1720 0.7148 -0.4427
vt 0.2129 0.7293 -0.4427
vt 0.3009 0.8979 -0.4427
vt 0.3108 0.8542 -0.4427
vt 0.2046 0.6536 -0.4427
vt 0.1751 0.6518 -0.4427
vt 0.2095 0.6883 -0.4427
vt 0.2514 0.6970 -0.4427
vt 0.3582 0.8621 -0.4427
vt 0.3687 0.8183 -0.4427
vt 0.2288 0.6239 -0.4427
vt 0.2026 0.6278 -0.4427
vt 0.2398 0.6563 -0.4427
vt 0.2810 0.6597 -0.4427
vt 0.4179 0.8191 -0.4427
vt 0.4279 0.7745 -0.4427
vt 0.2446 0.5937 -0.4427
vt 0.2241 0.6012 -0.4427
vt 0.2602 0.6215 -0.4427
vt 0.3016 0.6214 -0.4427
vt 0.4725 0.7593 -0.4427
vt 0.4770 0.7154 -0.4427
vt 0.2519 0.5631 -0.4427
vt 0.2379 0.5740 -0.4427
vt 0.2705 0.5871 -0.4427
vt 0.3132 0.5822 -0.4427
vt 0.5125 0.6891 -0.4427
vt 0.5092 0.6458 -0.4427
vt 0.2581 0.5319 -0.4427
vt 0.2462 0.5454 -0.4427
vt 0.2766 0.5527 -0.4427
vt 0.3222 0.5417 -0.4427
vt 0.5386 0.6138 -0.4427
vt 0.5278 0.5725 -0.4427
vt 0.5511 0.5374 -0.4427
vt 0.4955 0.5333 -0.4427
vt 0.0924 0.7279 -0.4427
vt 0.0668 0.7432 -0.4427
vt 0.0901 0.7857 -0.4427
vt 0.0364 0.7502 -0.4427
vt 0.0178 0.7460 -0.4427
vt 0.0489 0.7769 -0.4427
vt 0.0508 0.7254 -0.4427
vt 0.0310 0.7345 -0.4427
vt 0.0495 0.7120 -0.4427
vt 0.0382 0.7220 -0.4427
vt 0.0681 0.7104 -0.4427
vt 0.5363 0.6550 -0.4427
vt 0.5554 0.6180 -0.4427
vt 0.5560 0.5769 -0.4427
vt 0.5032 0.7300 -0.4427
vt 0.5286 0.6962 -0.4427
vt 0.4559 0.7989 -0.4427
vt 0.4880 0.7699 -0.4427
vt 0.3955 0.8525 -0.4427
vt 0.4315 0.8355 -0.4427
vt 0.3367 0.8916 -0.4427
vt 0.3695 0.8785 -0.4427
vt 0.2799 0.9253 -0.4427
vt 0.3114 0.9143 -0.4427
vt 0.2251 0.9566 -0.4427
vt 0.2553 0.9464 -0.4427
vt 0.1922 0.9611 -0.4427
vt 0.1757 0.0118 -0.4427
vt 0.2025 0.9770 -0.4427
vt 0.5715 0.5795 -0.4427
vt 0.6298 0.1458 -0.1653
vt 0.5779 0.4994 -0.4427
vt 0.5684 0.5386 -0.4427
vt 0.5513 0.6601 -0.4427
vt 0.6410 0.1762 -0.1653
vt 0.5173 0.7378 -0.4427
vt 0.6623 0.2015 -0.1653
vt 0.4685 0.8098 -0.4427
vt 0.6909 0.2180 -0.1653
vt 0.4037 0.8645 -0.4427
vt 0.7235 0.2238 -0.1653
vt 0.3437 0.9027 -0.4427
vt 0.7561 0.2180 -0.1653
vt 0.2864 0.9362 -0.4427
vt 0.7847 0.2015 -0.1653
vt 0.2316 0.9672 -0.4427
vt 0.8060 0.1762 -0.1653
vt 0.1054 0.6792 -0.4427
vt 0.1219 0.6668 -0.4427
vt 0.1043 0.6730 -0.4427
vt 0.0880 0.6848 -0.4427
vt 0.1392 0.6632 -0.4427
vt 0.1519 0.6509 -0.4427
vt 0.1373 0.6579 -0.4427
vt 0.1683 0.6448 -0.4427
vt 0.1789 0.6311 -0.4427
vt 0.1651 0.6406 -0.4427
vt 0.1951 0.6224 -0.4427
vt 0.2026 0.6076 -0.4427
vt 0.1903 0.6190 -0.4427
vt 0.2172 0.5975 -0.4427
vt 0.2208 0.5825 -0.4427
vt 0.2112 0.5945 -0.4427
vt 0.2324 0.5717 -0.4427
vt 0.2331 0.5563 -0.4427
vt 0.2264 0.5690 -0.4427
vt 0.2416 0.5442 -0.4427
vt 0.2403 0.5281 -0.4427
vt 0.2361 0.5419 -0.4427
vt 0.2461 0.5144 -0.4427
vt 0.2410 0.5134 -0.4427
vt 0.1213 0.6639 -0.4427
vt 0.1032 0.6658 -0.4427
vt 0.0873 0.6789 -0.4427
vt 0.1509 0.6485 -0.4427
vt 0.1348 0.6514 -0.4427
vt 0.1774 0.6291 -0.4427
vt 0.1621 0.6348 -0.4427
vt 0.2004 0.6059 -0.4427
vt 0.1866 0.6140 -0.4427
vt 0.2184 0.5811 -0.4427
vt 0.2066 0.5905 -0.4427
vt 0.2307 0.5552 -0.4427
vt 0.2211 0.5660 -0.4427
vt 0.2380 0.5274 -0.4427
vt 0.2307 0.5401 -0.4427
vt 0.2404 0.4993 -0.4427
vt 0.2355 0.5128 -0.4427
vt 0.0248 0.7307 -0.4427
vt 0.0260 0.7247 -0.4427
vt 0.0207 0.7269 -0.4427
vt 0.0163 0.7309 -0.4427
vt 0.0322 0.7224 -0.4427
vt 0.0335 0.7165 -0.4427
vt 0.0280 0.7211 -0.4427
vt 0.0238 0.7223 -0.4427
vt 0.0199 0.7157 -0.4427
vt 0.0146 0.7272 -0.4427
vt 0.0321 0.7148 -0.4427
vt 0.0286 0.7139 -0.4427
vt 0.0234 0.6935 -0.4427
vt 0.0364 0.6657 -0.4427
vt 0.0095 0.7163 -0.4427
vt 0.0329 0.6978 -0.4427
vt 0.0454 0.6736 -0.4427
vt 0.0408 0.7037 -0.4427
vt 0.0527 0.6865 -0.4427
vt 0.0204 0.7363 -0.4427
vt 0.0128 0.7381 -0.4427
vt 0.0074 0.2539 -0.4427
vt 0.0303 0.7272 -0.4427
vt 0.0379 0.7176 -0.4427
vt 0.0431 0.7067 -0.4427
vt 0.0571 0.6959 -0.4427
vt 0.0617 0.7010 -0.4427
vt 0.0471 0.7098 -0.4427
vt 0.0587 0.6977 -0.4427
vt 0.1239 0.6731 -0.4427
vt 0.0891 0.6876 -0.4427
vt 0.1549 0.6558 -0.4427
vt 0.1834 0.6351 -0.4427
vt 0.2083 0.6110 -0.4427
vt 0.2269 0.5853 -0.4427
vt 0.2387 0.5587 -0.4427
vt 0.2454 0.5296 -0.4427
vt 0.2815 0.5174 -0.4427
vt 0.2506 0.5149 -0.4427
vt 0.0778 0.6980 -0.4427
vt 0.0742 0.6928 -0.4427
vt 0.1163 0.6470 -0.4427
vt 0.0964 0.6325 -0.4427
vt 0.0850 0.6612 -0.4427
vt 0.1440 0.6332 -0.4427
vt 0.1241 0.6214 -0.4427
vt 0.1690 0.6158 -0.4427
vt 0.1485 0.6076 -0.4427
vt 0.1902 0.5950 -0.4427
vt 0.1695 0.5906 -0.4427
vt 0.2063 0.5727 -0.4427
vt 0.1857 0.5716 -0.4427
vt 0.2175 0.5494 -0.4427
vt 0.1972 0.5519 -0.4427
vt 0.2245 0.5245 -0.4427
vt 0.2051 0.5314 -0.4427
vt 0.0707 0.6828 -0.4427
vt 0.0723 0.6885 -0.4427
vt 0.0663 0.6616 -0.4427
vt 0.0731 0.6322 -0.4427
vt 0.0581 0.6487 -0.4427
vt 0.1043 0.5993 -0.4427
vt 0.0886 0.5810 -0.4427
vt 0.0791 0.6050 -0.4427
vt 0.1276 0.5894 -0.4427
vt 0.1121 0.5750 -0.4427
vt 0.1471 0.5768 -0.4427
vt 0.1310 0.5661 -0.4427
vt 0.1622 0.5621 -0.4427
vt 0.1458 0.5550 -0.4427
vt 0.1730 0.5468 -0.4427
vt 0.1565 0.5429 -0.4427
vt 0.1803 0.5313 -0.4427
vt 0.1637 0.5306 -0.4427
vt 0.1852 0.5149 -0.4427
vt 0.1685 0.5179 -0.4427
vt 0.2096 0.5103 -0.4427
vt 0.1873 0.4976 -0.4427
vt 0.1710 0.5041 -0.4427
vt 0.0724 0.5821 -0.4427
vt 0.0684 0.6016 -0.4427
vt 0.1004 0.5722 -0.4427
vt 0.0879 0.5656 -0.4427
vt 0.0779 0.5753 -0.4427
vt 0.1206 0.5655 -0.4427
vt 0.1091 0.5619 -0.4427
vt 0.1367 0.5562 -0.4427
vt 0.1261 0.5552 -0.4427
vt 0.1487 0.5454 -0.4427
vt 0.1393 0.5464 -0.4427
vt 0.1571 0.5340 -0.4427
vt 0.1490 0.5364 -0.4427
vt 0.1626 0.5225 -0.4427
vt 0.1556 0.5260 -0.4427
vt 0.1659 0.5103 -0.4427
vt 0.1598 0.5151 -0.4427
vt 0.1663 0.4971 -0.4427
vt 0.1616 0.5037 -0.4427
vt 0.0732 0.5659 -0.4427
vt 0.0685 0.5755 -0.4427
vt 0.0979 0.5432 -0.4427
vt 0.0933 0.5241 -0.4427
vt 0.0807 0.5416 -0.4427
vt 0.1132 0.5414 -0.4427
vt 0.1062 0.5271 -0.4427
vt 0.1255 0.5371 -0.4427
vt 0.1165 0.5267 -0.4427
vt 0.1350 0.5309 -0.4427
vt 0.1249 0.5240 -0.4427
vt 0.1420 0.5236 -0.4427
vt 0.1316 0.5197 -0.4427
vt 0.1466 0.5157 -0.4427
vt 0.1364 0.5144 -0.4427
vt 0.1493 0.5073 -0.4427
vt 0.1395 0.5084 -0.4427
vt 0.1498 0.4986 -0.4427
vt 0.1409 0.5021 -0.4427
vt 0.0843 0.5199 -0.4427
vt 0.0734 0.5401 -0.4427
vt 0.1087 0.5145 -0.4427
vt 0.1150 0.5158 -0.4427
vt 0.1207 0.5147 -0.4427
vt 0.1255 0.5125 -0.4427
vt 0.1289 0.5092 -0.4427
vt 0.1314 0.5052 -0.4427
vt 0.1324 0.5012 -0.4427
vt 0.0949 0.5022 -0.4427
vt 0.0976 0.5066 -0.4427
vt 0.1016 0.5105 -0.4427
vt 0.1020 0.5204 -0.4427
vt 0.0915 0.5148 -0.4427
vt 0.1117 0.5224 -0.4427
vt 0.1197 0.5216 -0.4427
vt 0.1265 0.5188 -0.4427
vt 0.1317 0.5148 -0.4427
vt 0.1353 0.5098 -0.4427
vt 0.1375 0.5045 -0.4427
vt 0.1381 0.4990 -0.4427
vt 0.0873 0.5112 -0.4427
vt 0.3799 0.5247 -0.4427
vt 0.1513 0.0494 -0.4427
vt 0.3251 0.4994 -0.4427
vt 0.0685 0.1800 -0.4427
vt 0.5623 0.4994 -0.4427
vt 0.8172 0.1458 -0.1653
vt 0.0094 0.7315 -0.4427
vt 0.0589 0.6220 -0.4427
vt 0.0599 0.5808 -0.4427
vt 0.0615 0.5651 -0.4427
vt 0.0510 0.4234 -0.4427
vt 0.0770 0.5155 -0.4427
vt 0.0891 0.3134 -0.4427
vt 0.1228 0.3315 -0.4427
vt 0.1527 0.3475 -0.4427
vt 0.1795 0.3673 -0.4427
vt 0.2030 0.3908 -0.4427
vt 0.2211 0.4160 -0.4427
vt 0.2333 0.4422 -0.4427
vt 0.2404 0.4704 -0.4427
vt 0.0180 0.2673 -0.4427
vt 0.0275 0.2735 -0.4427
vt 0.0349 0.2817 -0.4427
vt 0.0600 0.3005 -0.4427
vt 0.2426 0.4993 -0.4427
vt 0.0051 0.2587 -0.4427
vt 0.1227 0.6700 -0.4427
vt 0.0875 0.6818 -0.4427
vt 0.1533 0.6534 -0.4427
vt 0.1811 0.6331 -0.4427
vt 0.2056 0.6094 -0.4427
vt 0.2242 0.5840 -0.4427
vt 0.2363 0.5578 -0.4427
vt 0.2432 0.5290 -0.4427
vt 0.0282 0.7260 -0.4427
vt 0.0184 0.7336 -0.4427
vt 0.0358 0.7174 -0.4427
vt 0.0603 0.6996 -0.4427
vt 0.1057 0.3222 -0.4427
vt 0.1390 0.3379 -0.4427
vt 0.1672 0.3558 -0.4427
vt 0.1931 0.3778 -0.4427
vt 0.2145 0.4025 -0.4427
vt 0.2296 0.4282 -0.4427
vt 0.2390 0.4555 -0.4427
vt 0.2435 0.4846 -0.4427
vt 0.0244 0.2693 -0.4427
vt 0.0316 0.2763 -0.4427
vt 0.0464 0.2899 -0.4427
vt 0.0744 0.3076 -0.4427
vt 0.0127 0.2634 -0.4427
vt 0.1047 0.6761 -0.4427
vt 0.1382 0.6605 -0.4427
vt 0.1666 0.6427 -0.4427
vt 0.1926 0.6207 -0.4427
vt 0.2141 0.5960 -0.4427
vt 0.2293 0.5704 -0.4427
vt 0.2388 0.5430 -0.4427
vt 0.2435 0.5139 -0.4427
vt 0.0228 0.7289 -0.4427
vt 0.0301 0.7219 -0.4427
vt 0.0450 0.7083 -0.4427
vt 0.0732 0.6906 -0.4427
vt 0.0110 0.7348 -0.4427
vt 0.5958 0.1083 -0.1653
vt 0.6111 0.0669 -0.1653
vt 0.6401 0.0324 -0.1653
vt 0.6791 0.0098 -0.1653
vt 0.7235 0.0020 0.1653
vt 0.7679 0.0098 -0.1653
vt 0.8070 0.0324 -0.1653
vt 0.8360 0.0669 -0.1653
vt 0.8514 0.1083 -0.1653
vt 0.5958 0.1516 -0.1653
vt 0.6111 0.1930 -0.1653
vt 0.6401 0.2275 -0.1653
vt 0.6791 0.2501 -0.1653
vt 0.7235 0.2579 0.1653
vt 0.7679 0.2501 -0.1653
vt 0.8070 0.2275 -0.1653
vt 0.8360 0.1930 -0.1653
vt 0.8514 0.1516 -0.1653
vt 0.6016 0.0872 -0.1653
vt 0.6241 0.0484 -0.1653
vt 0.6586 0.0194 -0.1653
vt 0.7010 0.0040 -0.1653
vt 0.7460 0.0040 -0.1653
vt 0.7884 0.0194 -0.1653
vt 0.8230 0.0483 -0.1653
vt 0.8456 0.0872 -0.1653
vt 0.8533 0.1299 -0.1653
vt 0.6016 0.1727 -0.1653
vt 0.5939 0.1299 -0.1653
vt 0.6241 0.2115 -0.1653
vt 0.6586 0.2405 -0.1653
vt 0.7010 0.2559 -0.1653
vt 0.7460 0.2559 -0.1653
vt 0.7884 0.2405 -0.1653
vt 0.8230 0.2115 -0.1653
vt 0.8456 0.1727 -0.1653
vt 0.0943 0.8556 -0.4427
vt 0.0021 0.7323 -0.4427
vt 0.0315 0.6625 -0.4427
vt 0.0035 0.7153 -0.4427
vt 0.0100 0.7512 -0.4427
vt 0.0499 0.6187 -0.4427
vt 0.0524 0.5636 -0.4427
vt 0.0706 0.5114 -0.4427
vt 0.1297 0.9167 -0.4427
vt 0.0389 0.7861 -0.4427
vt 0.1666 0.9772 -0.4427
vt 0.1778 0.9931 -0.4427
vt 0.0043 0.7419 -0.4427
vt 0.0498 0.5799 -0.4427
vt 0.0027 0.7370 -0.4427
vt 0.1128 0.8866 -0.4427
vt 0.0204 0.7648 -0.4427
vt 0.1817 0.9980 -0.4427
vt 0.0022 0.7344 -0.4427
vt 0.0020 0.7286 -0.4427
vt 0.0138 0.6889 -0.4427
vt 0.0446 0.6397 -0.4427
vt 0.0499 0.5971 -0.4427
vt 0.0591 0.5360 -0.4427
vt 0.0793 0.5029 -0.4427
vt 0.1740 0.9881 -0.4427
vt 0.0057 0.7444 -0.4427
vt 0.1496 0.9503 -0.4427
vt 0.0668 0.8188 -0.4427
vt 0.0504 0.5742 -0.4427
vt 0.0034 0.7395 -0.4427
# 1424 texture coords

o Obj3d66_1048808_1_927
g Obj3d66_1048808_1_927
usemtl wire_115115115
f 350/350/1 964/964/2 17/17/3 703/703/4 
f 967/967/5 350/350/6 703/703/7 18/18/8 
f 350/350/9 967/967/10 150/150/11 977/977/12 
f 964/964/13 350/350/14 977/977/15 166/166/16 
f 351/351/17 727/727/18 20/20/19 704/704/20 
f 726/726/21 351/351/22 704/704/23 21/21/24 
f 351/351/25 726/726/26 18/18/27 703/703/28 
f 727/727/29 351/351/30 703/703/31 17/17/32 
f 352/352/33 730/730/34 23/23/35 707/707/36 
f 729/729/37 352/352/38 707/707/39 24/24/40 
f 352/352/41 729/729/42 21/21/43 704/704/44 
f 730/730/45 352/352/46 704/704/47 20/20/48 
f 353/353/49 733/733/50 26/26/51 710/710/52 
f 732/732/53 353/353/54 710/710/55 27/27/56 
f 353/353/57 732/732/58 24/24/59 707/707/60 
f 733/733/61 353/353/62 707/707/63 23/23/64 
f 354/354/65 736/736/66 29/29/67 713/713/68 
f 735/735/69 354/354/70 713/713/71 30/30/72 
f 354/354/73 735/735/74 27/27/75 710/710/76 
f 736/736/77 354/354/78 710/710/79 26/26/80 
f 355/355/81 739/739/82 32/32/83 716/716/84 
f 738/738/85 355/355/86 716/716/87 33/33/88 
f 355/355/89 738/738/90 30/30/91 713/713/92 
f 739/739/93 355/355/94 713/713/95 29/29/96 
f 356/356/97 742/742/98 35/35/99 719/719/100 
f 741/741/101 356/356/102 719/719/103 36/36/104 
f 356/356/105 741/741/106 33/33/107 716/716/108 
f 742/742/109 356/356/110 716/716/111 32/32/112 
f 357/357/113 745/745/114 38/38/115 722/722/116 
f 744/744/117 357/357/118 722/722/119 39/39/120 
f 357/357/121 744/744/122 36/36/123 719/719/124 
f 745/745/125 357/357/126 719/719/127 35/35/128 
f 358/358/129 725/725/130 22/22/131 706/706/132 
f 859/859/133 358/358/134 706/706/135 92/92/136 
f 358/358/137 859/859/138 99/99/139 748/748/140 
f 725/725/141 358/358/142 748/748/143 19/19/144 
f 359/359/145 726/726/146 21/21/147 705/705/148 
f 725/725/149 359/359/150 705/705/151 22/22/152 
f 359/359/153 725/725/154 19/19/155 747/747/156 
f 726/726/157 359/359/158 747/747/159 18/18/160 
f 360/360/161 727/727/162 17/17/163 681/681/164 
f 682/682/165 360/360/166 681/681/167 1/1/168 
f 360/360/169 682/682/170 2/2/171 683/683/172 
f 727/727/173 360/360/174 683/683/175 20/20/176 
f 361/361/177 728/728/178 25/25/179 709/709/180 
f 860/860/181 361/361/182 709/709/183 93/93/184 
f 361/361/185 860/860/186 92/92/187 706/706/188 
f 728/728/189 361/361/190 706/706/191 22/22/192 
f 362/362/193 729/729/194 24/24/195 708/708/196 
f 728/728/197 362/362/198 708/708/199 25/25/200 
f 362/362/201 728/728/202 22/22/203 705/705/204 
f 729/729/205 362/362/206 705/705/207 21/21/208 
f 363/363/209 730/730/210 20/20/211 683/683/212 
f 685/685/213 363/363/214 683/683/215 2/2/216 
f 363/363/217 685/685/218 3/3/219 686/686/220 
f 730/730/221 363/363/222 686/686/223 23/23/224 
f 364/364/225 731/731/226 28/28/227 712/712/228 
f 861/861/229 364/364/230 712/712/231 94/94/232 
f 364/364/233 861/861/234 93/93/235 709/709/236 
f 731/731/237 364/364/238 709/709/239 25/25/240 
f 365/365/241 732/732/242 27/27/243 711/711/244 
f 731/731/245 365/365/246 711/711/247 28/28/248 
f 365/365/249 731/731/250 25/25/251 708/708/252 
f 732/732/253 365/365/254 708/708/255 24/24/256 
f 366/366/257 733/733/258 23/23/259 686/686/260 
f 688/688/261 366/366/262 686/686/263 3/3/264 
f 366/366/265 688/688/266 4/4/267 689/689/268 
f 733/733/269 366/366/270 689/689/271 26/26/272 
f 367/367/273 734/734/274 31/31/275 715/715/276 
f 862/862/277 367/367/278 715/715/279 95/95/280 
f 367/367/281 862/862/282 94/94/283 712/712/284 
f 734/734/285 367/367/286 712/712/287 28/28/288 
f 368/368/289 735/735/290 30/30/291 714/714/292 
f 734/734/293 368/368/294 714/714/295 31/31/296 
f 368/368/297 734/734/298 28/28/299 711/711/300 
f 735/735/301 368/368/302 711/711/303 27/27/304 
f 369/369/305 736/736/306 26/26/307 689/689/308 
f 691/691/309 369/369/310 689/689/311 4/4/312 
f 369/369/313 691/691/314 5/5/315 692/692/316 
f 736/736/317 369/369/318 692/692/319 29/29/320 
f 370/370/321 737/737/322 34/34/323 718/718/324 
f 863/863/325 370/370/326 718/718/327 96/96/328 
f 370/370/329 863/863/330 95/95/331 715/715/332 
f 737/737/333 370/370/334 715/715/335 31/31/336 
f 371/371/337 738/738/338 33/33/339 717/717/340 
f 737/737/341 371/371/342 717/717/343 34/34/344 
f 371/371/345 737/737/346 31/31/347 714/714/348 
f 738/738/349 371/371/350 714/714/351 30/30/352 
f 372/372/353 739/739/354 29/29/355 692/692/356 
f 694/694/357 372/372/358 692/692/359 5/5/360 
f 372/372/361 694/694/362 6/6/363 695/695/364 
f 739/739/365 372/372/366 695/695/367 32/32/368 
f 373/373/369 740/740/370 37/37/371 721/721/372 
f 864/864/373 373/373/374 721/721/375 97/97/376 
f 373/373/377 864/864/378 96/96/379 718/718/380 
f 740/740/381 373/373/382 718/718/383 34/34/384 
f 374/374/385 741/741/386 36/36/387 720/720/388 
f 740/740/389 374/374/390 720/720/391 37/37/392 
f 374/374/393 740/740/394 34/34/395 717/717/396 
f 741/741/397 374/374/398 717/717/399 33/33/400 
f 375/375/401 742/742/402 32/32/403 695/695/404 
f 697/697/405 375/375/406 695/695/407 6/6/408 
f 375/375/409 697/697/410 7/7/411 698/698/412 
f 742/742/413 375/375/414 698/698/415 35/35/416 
f 376/376/417 743/743/418 40/40/419 724/724/420 
f 865/865/421 376/376/422 724/724/423 98/98/424 
f 376/376/425 865/865/426 97/97/427 721/721/428 
f 743/743/429 376/376/430 721/721/431 37/37/432 
f 377/377/433 744/744/434 39/39/435 723/723/436 
f 743/743/437 377/377/438 723/723/439 40/40/440 
f 377/377/441 743/743/442 37/37/443 720/720/444 
f 744/744/445 377/377/446 720/720/447 36/36/448 
f 378/378/449 745/745/450 35/35/451 698/698/452 
f 700/700/453 378/378/454 698/698/455 7/7/456 
f 378/378/457 700/700/458 8/8/459 701/701/460 
f 745/745/461 378/378/462 701/701/463 38/38/464 
f 379/379/465 746/746/466 38/38/467 701/701/468 
f 962/962/469 379/379/470 701/701/471 8/8/472 
f 379/379/473 962/962/474 205/205/475 978/978/476 
f 746/746/477 379/379/478 978/978/479 146/146/480 
f 380/380/481 752/752/482 18/18/483 747/747/484 
f 753/753/485 380/380/486 747/747/487 19/19/488 
f 380/380/489 753/753/490 45/45/491 758/758/492 
f 752/752/493 380/380/494 758/758/495 44/44/496 
f 381/381/497 757/757/498 44/44/499 754/754/500 
f 843/843/501 381/381/502 754/754/503 87/87/504 
f 381/381/505 843/843/506 155/155/507 979/979/508 
f 757/757/509 381/381/510 979/979/511 209/209/512 
f 382/382/513 758/758/514 45/45/515 755/755/516 
f 844/844/517 382/382/518 755/755/519 88/88/520 
f 382/382/521 844/844/522 87/87/523 754/754/524 
f 758/758/525 382/382/526 754/754/527 44/44/528 
f 383/383/529 759/759/530 46/46/531 756/756/532 
f 845/845/533 383/383/534 756/756/535 89/89/536 
f 383/383/537 845/845/538 88/88/539 755/755/540 
f 759/759/541 383/383/542 755/755/543 45/45/544 
f 384/384/545 768/768/546 8/8/547 700/700/548 
f 769/769/549 384/384/550 700/700/551 7/7/552 
f 384/384/553 769/769/554 56/56/555 785/785/556 
f 768/768/557 384/384/558 785/785/559 55/55/560 
f 385/385/561 769/769/562 7/7/563 697/697/564 
f 770/770/565 385/385/566 697/697/567 6/6/568 
f 385/385/569 770/770/570 57/57/571 786/786/572 
f 769/769/573 385/385/574 786/786/575 56/56/576 
f 386/386/577 770/770/578 6/6/579 694/694/580 
f 771/771/581 386/386/582 694/694/583 5/5/584 
f 386/386/585 771/771/586 58/58/587 787/787/588 
f 770/770/589 386/386/590 787/787/591 57/57/592 
f 387/387/593 771/771/594 5/5/595 691/691/596 
f 772/772/597 387/387/598 691/691/599 4/4/600 
f 387/387/601 772/772/602 59/59/603 788/788/604 
f 771/771/605 387/387/606 788/788/607 58/58/608 
f 388/388/609 772/772/610 4/4/611 688/688/612 
f 773/773/613 388/388/614 688/688/615 3/3/616 
f 388/388/617 773/773/618 60/60/619 789/789/620 
f 772/772/621 388/388/622 789/789/623 59/59/624 
f 389/389/625 773/773/626 3/3/627 685/685/628 
f 774/774/629 389/389/630 685/685/631 2/2/632 
f 389/389/633 774/774/634 61/61/635 790/790/636 
f 773/773/637 389/389/638 790/790/639 60/60/640 
f 390/390/641 774/774/642 2/2/643 682/682/644 
f 775/775/645 390/390/646 682/682/647 1/1/648 
f 390/390/649 775/775/650 62/62/651 791/791/652 
f 774/774/653 390/390/654 791/791/655 61/61/656 
f 391/391/657 775/775/658 1/1/659 680/680/660 
f 1094/1094/661 391/391/662 680/680/663 221/221/664 
f 391/391/665 1094/1094/666 222/222/667 969/969/668 
f 775/775/669 391/391/670 969/969/671 62/62/672 
f 392/392/673 784/784/674 55/55/675 776/776/676 
f 968/968/677 392/1358/678 776/1376/679 47/47/680 
f 392/1358/681 968/968/682 224/224/683 1098/1386/684 
f 784/784/685 392/392/686 1098/1098/687 225/225/688 
f 393/393/689 785/785/690 56/56/691 777/777/692 
f 760/760/693 393/1359/694 777/1377/695 48/48/696 
f 393/1359/697 760/760/698 47/47/699 776/1376/700 
f 785/785/701 393/393/702 776/776/703 55/55/704 
f 394/394/705 786/786/706 57/57/707 778/778/708 
f 761/761/709 394/1360/710 778/1378/711 49/49/712 
f 394/1360/713 761/761/714 48/48/715 777/1377/716 
f 786/786/717 394/394/718 777/777/719 56/56/720 
f 395/395/721 787/787/722 58/58/723 779/779/724 
f 762/762/725 395/1361/726 779/1379/727 50/50/728 
f 395/1361/729 762/762/730 49/49/731 778/1378/732 
f 787/787/733 395/395/734 778/778/735 57/57/736 
f 396/396/737 788/788/738 59/59/739 780/780/740 
f 763/763/741 396/1362/742 780/1380/743 51/51/744 
f 396/1362/745 763/763/746 50/50/747 779/1379/748 
f 788/788/749 396/396/750 779/779/751 58/58/752 
f 397/397/753 789/789/754 60/60/755 781/781/756 
f 764/764/757 397/1363/758 781/1381/759 52/52/760 
f 397/1363/761 764/764/762 51/51/763 780/1380/764 
f 789/789/765 397/397/766 780/780/767 59/59/768 
f 398/398/769 790/790/770 61/61/771 782/782/772 
f 765/765/773 398/1364/774 782/1382/775 53/53/776 
f 398/1364/777 765/765/778 52/52/779 781/1381/780 
f 790/790/781 398/398/782 781/781/783 60/60/784 
f 399/399/785 791/791/786 62/62/787 783/783/788 
f 766/766/789 399/1365/790 783/1383/791 54/54/792 
f 399/1365/793 766/766/794 53/53/795 782/1382/796 
f 791/791/797 399/399/798 782/782/799 61/61/800 
f 400/400/801 1306/1306/802 9/9/803 684/684/804 
f 793/793/805 400/400/806 684/684/807 10/10/808 
f 400/400/809 793/793/810 325/325/811 1332/1332/812 
f 1306/1306/813 400/400/814 1332/1332/815 324/324/816 
f 401/401/817 793/793/818 10/10/819 687/687/820 
f 794/794/821 401/401/822 687/687/823 11/11/824 
f 401/401/825 794/794/826 326/326/827 1333/1333/828 
f 793/793/829 401/401/830 1333/1333/831 325/325/832 
f 402/402/833 794/794/834 11/11/835 690/690/836 
f 795/795/837 402/402/838 690/690/839 12/12/840 
f 402/402/841 795/795/842 327/327/843 1334/1334/844 
f 794/794/845 402/402/846 1334/1334/847 326/326/848 
f 403/403/849 795/795/850 12/12/851 693/693/852 
f 796/796/853 403/403/854 693/693/855 13/13/856 
f 403/403/857 796/796/858 328/328/859 1335/1335/860 
f 795/795/861 403/403/862 1335/1335/863 327/327/864 
f 404/404/865 796/796/866 13/13/867 696/696/868 
f 797/797/869 404/404/870 696/696/871 14/14/872 
f 404/404/873 797/797/874 329/329/875 1336/1336/876 
f 796/796/877 404/404/878 1336/1336/879 328/328/880 
f 405/405/881 797/797/882 14/14/883 699/699/884 
f 798/798/885 405/405/886 699/699/887 15/15/888 
f 405/405/889 798/798/890 330/330/891 1337/1337/892 
f 797/797/893 405/405/894 1337/1337/895 329/329/896 
f 406/406/897 798/798/898 15/15/899 702/702/900 
f 799/799/901 406/406/902 702/702/903 16/16/904 
f 406/406/905 799/799/906 331/331/907 1338/1338/908 
f 798/798/909 406/406/910 1338/1338/911 330/330/912 
f 407/407/913 799/799/914 16/16/915 963/963/916 
f 980/980/917 407/407/918 963/963/919 148/148/920 
f 407/407/921 980/980/922 336/336/923 1339/1339/924 
f 799/799/925 407/407/926 1339/1339/927 331/331/928 
f 408/408/929 869/869/930 63/63/931 800/800/932 
f 808/808/933 408/408/934 800/800/935 64/64/936 
f 408/408/937 808/808/938 101/101/939 877/877/940 
f 869/869/941 408/408/942 877/877/943 100/100/944 
f 409/409/945 808/808/946 64/64/947 801/801/948 
f 809/809/949 409/409/950 801/801/951 65/65/952 
f 409/409/953 809/809/954 102/102/955 878/878/956 
f 808/808/957 409/409/958 878/878/959 101/101/960 
f 410/410/961 809/809/962 65/65/963 802/802/964 
f 810/810/965 410/410/966 802/802/967 66/66/968 
f 410/410/969 810/810/970 103/103/971 879/879/972 
f 809/809/973 410/410/974 879/879/975 102/102/976 
f 411/411/977 810/810/978 66/66/979 803/803/980 
f 811/811/981 411/411/982 803/803/983 67/67/984 
f 411/411/985 811/811/986 104/104/987 880/880/988 
f 810/810/989 411/411/990 880/880/991 103/103/992 
f 412/412/993 811/811/994 67/67/995 804/804/996 
f 812/812/997 412/412/998 804/804/999 68/68/1000 
f 412/412/1001 812/812/1002 105/105/1003 881/881/1004 
f 811/811/1005 412/412/1006 881/881/1007 104/104/1008 
f 413/413/1009 812/812/1010 68/68/1011 805/805/1012 
f 813/813/1013 413/413/1014 805/805/1015 69/69/1016 
f 413/413/1017 813/813/1018 106/106/1019 882/882/1020 
f 812/812/1021 413/413/1022 882/882/1023 105/105/1024 
f 414/414/1025 813/813/1026 69/69/1027 806/806/1028 
f 814/814/1029 414/414/1030 806/806/1031 70/70/1032 
f 414/414/1033 814/814/1034 107/107/1035 883/883/1036 
f 813/813/1037 414/414/1038 883/883/1039 106/106/1040 
f 415/415/1041 814/814/1042 70/70/1043 970/970/1044 
f 1153/1153/1045 415/415/1046 970/970/1047 249/249/1048 
f 415/415/1049 1153/1153/1050 157/157/1051 972/972/1052 
f 814/814/1053 415/415/1054 972/972/1055 107/107/1056 
f 416/416/1057 822/822/1058 41/41/1059 750/750/1060 
f 823/823/1061 416/416/1062 750/750/1063 42/42/1064 
f 416/416/1065 823/823/1066 333/333/1067 1340/1340/1068 
f 822/822/1069 416/416/1070 1340/1340/1071 332/332/1072 
f 417/417/1073 823/823/1074 42/42/1075 751/751/1076 
f 824/824/1077 417/417/1078 751/751/1079 43/43/1080 
f 417/417/1081 824/824/1082 334/334/1083 1341/1341/1084 
f 823/823/1085 417/417/1086 1341/1341/1087 333/333/1088 
f 418/418/1089 828/828/1090 78/78/1091 826/826/1092 
f 829/829/1093 418/418/1094 826/826/1095 79/79/1096 
f 418/418/1097 829/829/1098 85/85/1099 838/838/1100 
f 828/828/1101 418/418/1102 838/838/1103 84/84/1104 
f 419/419/1105 829/829/1106 79/79/1107 827/827/1108 
f 830/830/1109 419/419/1110 827/827/1111 80/80/1112 
f 419/419/1113 830/830/1114 86/86/1115 839/839/1116 
f 829/829/1117 419/419/1118 839/839/1119 85/85/1120 
f 420/420/1121 837/837/1122 84/84/1123 834/834/1124 
f 831/831/1125 420/420/1126 834/834/1127 81/81/1128 
f 420/420/1129 831/831/1130 153/153/1131 986/986/1132 
f 837/837/1133 420/420/1134 986/986/1135 154/154/1136 
f 421/421/1137 838/838/1138 85/85/1139 835/835/1140 
f 832/832/1141 421/421/1142 835/835/1143 82/82/1144 
f 421/421/1145 832/832/1146 81/81/1147 834/834/1148 
f 838/838/1149 421/421/1150 834/834/1151 84/84/1152 
f 422/422/1153 839/839/1154 86/86/1155 836/836/1156 
f 833/833/1157 422/422/1158 836/836/1159 83/83/1160 
f 422/422/1161 833/833/1162 82/82/1163 835/835/1164 
f 839/839/1165 422/422/1166 835/835/1167 85/85/1168 
f 423/423/1169 843/843/1170 87/87/1171 840/840/1172 
f 749/749/1173 423/423/1174 840/840/1175 41/41/1176 
f 423/423/1177 749/749/1178 270/270/1179 1176/1176/1180 
f 843/843/1181 423/423/1182 1176/1176/1183 155/155/1184 
f 424/424/1185 844/844/1186 88/88/1187 841/841/1188 
f 750/750/1189 424/424/1190 841/841/1191 42/42/1192 
f 424/424/1193 750/750/1194 41/41/1195 840/840/1196 
f 844/844/1197 424/424/1198 840/840/1199 87/87/1200 
f 425/425/1201 845/845/1202 89/89/1203 842/842/1204 
f 751/751/1205 425/425/1206 842/842/1207 43/43/1208 
f 425/425/1209 751/751/1210 42/42/1211 841/841/1212 
f 845/845/1213 425/425/1214 841/841/1215 88/88/1216 
f 426/426/1217 836/836/1218 86/86/1219 830/830/1220 
f 846/846/1221 426/426/1222 830/830/1223 80/80/1224 
f 426/426/1225 846/846/1226 90/90/1227 847/847/1228 
f 836/836/1229 426/426/1230 847/847/1231 83/83/1232 
f 427/427/1233 842/842/1234 89/89/1235 756/756/1236 
f 848/848/1237 427/427/1238 756/756/1239 46/46/1240 
f 427/427/1241 848/848/1242 91/91/1243 849/849/1244 
f 842/842/1245 427/427/1246 849/849/1247 43/43/1248 
f 428/428/1249 824/824/1250 43/43/1251 849/849/1252 
f 850/850/1253 428/428/1254 849/849/1255 91/91/1256 
f 428/428/1257 850/850/1258 335/335/1259 1342/1342/1260 
f 824/824/1261 428/428/1262 1342/1342/1263 334/334/1264 
f 429/429/1265 859/859/1266 92/92/1267 851/851/1268 
f 684/684/1269 429/429/1270 851/851/1271 10/10/1272 
f 429/429/1273 684/684/1274 9/9/1275 858/858/1276 
f 859/859/1277 429/429/1278 858/858/1279 99/99/1280 
f 430/430/1281 860/860/1282 93/93/1283 852/852/1284 
f 687/687/1285 430/430/1286 852/852/1287 11/11/1288 
f 430/430/1289 687/687/1290 10/10/1291 851/851/1292 
f 860/860/1293 430/430/1294 851/851/1295 92/92/1296 
f 431/431/1297 861/861/1298 94/94/1299 853/853/1300 
f 690/690/1301 431/431/1302 853/853/1303 12/12/1304 
f 431/431/1305 690/690/1306 11/11/1307 852/852/1308 
f 861/861/1309 431/431/1310 852/852/1311 93/93/1312 
f 432/432/1313 862/862/1314 95/95/1315 854/854/1316 
f 693/693/1317 432/432/1318 854/854/1319 13/13/1320 
f 432/432/1321 693/693/1322 12/12/1323 853/853/1324 
f 862/862/1325 432/432/1326 853/853/1327 94/94/1328 
f 433/433/1329 863/863/1330 96/96/1331 855/855/1332 
f 696/696/1333 433/433/1334 855/855/1335 14/14/1336 
f 433/433/1337 696/696/1338 13/13/1339 854/854/1340 
f 863/863/1341 433/433/1342 854/854/1343 95/95/1344 
f 434/434/1345 864/864/1346 97/97/1347 856/856/1348 
f 699/699/1349 434/434/1350 856/856/1351 15/15/1352 
f 434/434/1353 699/699/1354 14/14/1355 855/855/1356 
f 864/864/1357 434/434/1358 855/855/1359 96/96/1360 
f 435/435/1361 865/865/1362 98/98/1363 857/857/1364 
f 702/702/1365 435/435/1366 857/857/1367 16/16/1368 
f 435/435/1369 702/702/1370 15/15/1371 856/856/1372 
f 865/865/1373 435/435/1374 856/856/1375 97/97/1376 
f 436/436/1377 866/866/1378 98/98/1379 724/724/1380 
f 965/965/1381 436/436/1382 724/724/1383 40/40/1384 
f 436/436/1385 965/965/1386 273/273/1387 987/987/1388 
f 866/866/1389 436/436/1390 987/987/1391 156/156/1392 
f 437/437/1393 867/867/1394 46/46/1395 759/759/1396 
f 753/753/1397 437/437/1398 759/759/1399 45/45/1400 
f 437/437/1401 753/753/1402 19/19/1403 748/748/1404 
f 867/867/1405 437/437/1406 748/748/1407 99/99/1408 
f 438/438/1409 867/867/1410 99/99/1411 858/858/1412 
f 868/868/1413 438/438/1414 858/858/1415 9/9/1416 
f 438/438/1417 868/868/1418 91/91/1419 848/848/1420 
f 867/867/1421 438/438/1422 848/848/1423 46/46/1424 
f 439/439/1425 877/877/1426 101/101/1427 870/870/1428 
f 815/815/1429 439/439/1430 870/870/1431 71/71/1432 
f 439/439/1433 815/815/1434 108/108/1435 807/807/1436 
f 877/877/1437 439/439/1438 807/807/1439 100/100/1440 
f 440/440/1441 878/878/1442 102/102/1443 871/871/1444 
f 816/816/1445 440/440/1446 871/871/1447 72/72/1448 
f 440/440/1449 816/816/1450 71/71/1451 870/870/1452 
f 878/878/1453 440/440/1454 870/870/1455 101/101/1456 
f 441/441/1457 879/879/1458 103/103/1459 872/872/1460 
f 817/817/1461 441/441/1462 872/872/1463 73/73/1464 
f 441/441/1465 817/817/1466 72/72/1467 871/871/1468 
f 879/879/1469 441/441/1470 871/871/1471 102/102/1472 
f 442/442/1473 880/880/1474 104/104/1475 873/873/1476 
f 818/818/1477 442/442/1478 873/873/1479 74/74/1480 
f 442/442/1481 818/818/1482 73/73/1483 872/872/1484 
f 880/880/1485 442/442/1486 872/872/1487 103/103/1488 
f 443/443/1489 881/881/1490 105/105/1491 874/874/1492 
f 819/819/1493 443/443/1494 874/874/1495 75/75/1496 
f 443/443/1497 819/819/1498 74/74/1499 873/873/1500 
f 881/881/1501 443/443/1502 873/873/1503 104/104/1504 
f 444/444/1505 882/882/1506 106/106/1507 875/875/1508 
f 820/820/1509 444/444/1510 875/875/1511 76/76/1512 
f 444/444/1513 820/820/1514 75/75/1515 874/874/1516 
f 882/882/1517 444/444/1518 874/874/1519 105/105/1520 
f 445/445/1521 883/883/1522 107/107/1523 876/876/1524 
f 821/821/1525 445/445/1526 876/876/1527 77/77/1528 
f 445/445/1529 821/821/1530 76/76/1531 875/875/1532 
f 883/883/1533 445/445/1534 875/875/1535 106/106/1536 
f 446/446/1537 885/885/1538 63/63/1539 869/869/1540 
f 884/884/1541 446/446/1542 869/869/1543 100/100/1544 
f 446/446/1545 884/884/1546 83/83/1547 847/847/1548 
f 885/885/1549 446/446/1550 847/847/1551 90/90/1552 
f 447/447/1553 792/792/1554 63/63/1555 885/885/1556 
f 1317/1317/1557 447/447/1558 885/885/1559 90/90/1560 
f 447/447/1561 1317/1317/1562 335/335/1563 1343/1343/1564 
f 792/792/1565 447/447/1566 1343/1343/1567 324/324/1568 
f 448/448/1569 886/886/1570 82/82/1571 833/833/1572 
f 884/884/1573 448/448/1574 833/833/1575 83/83/1576 
f 448/448/1577 884/884/1578 100/100/1579 807/807/1580 
f 886/886/1581 448/448/1582 807/807/1583 108/108/1584 
f 449/449/1585 888/888/1586 81/81/1587 832/832/1588 
f 886/886/1589 449/449/1590 832/832/1591 82/82/1592 
f 449/449/1593 886/886/1594 108/108/1595 887/887/1596 
f 888/888/1597 449/449/1598 887/887/1599 109/109/1600 
f 450/450/1601 897/897/1602 108/108/1603 815/815/1604 
f 890/890/1605 450/450/1606 815/815/1607 71/71/1608 
f 450/450/1609 890/890/1610 110/110/1611 899/899/1612 
f 897/897/1613 450/450/1614 899/899/1615 117/117/1616 
f 451/451/1617 890/890/1618 71/71/1619 816/816/1620 
f 891/891/1621 451/451/1622 816/816/1623 72/72/1624 
f 451/451/1625 891/891/1626 111/111/1627 900/900/1628 
f 890/890/1629 451/451/1630 900/900/1631 110/110/1632 
f 452/452/1633 891/891/1634 72/72/1635 817/817/1636 
f 892/892/1637 452/452/1638 817/817/1639 73/73/1640 
f 452/452/1641 892/892/1642 112/112/1643 901/901/1644 
f 891/891/1645 452/452/1646 901/901/1647 111/111/1648 
f 453/453/1649 892/892/1650 73/73/1651 818/818/1652 
f 893/893/1653 453/453/1654 818/818/1655 74/74/1656 
f 453/453/1657 893/893/1658 113/113/1659 902/902/1660 
f 892/892/1661 453/453/1662 902/902/1663 112/112/1664 
f 454/454/1665 893/893/1666 74/74/1667 819/819/1668 
f 894/894/1669 454/454/1670 819/819/1671 75/75/1672 
f 454/454/1673 894/894/1674 114/114/1675 903/903/1676 
f 893/893/1677 454/454/1678 903/903/1679 113/113/1680 
f 455/455/1681 894/894/1682 75/75/1683 820/820/1684 
f 895/895/1685 455/455/1686 820/820/1687 76/76/1688 
f 455/455/1689 895/895/1690 115/115/1691 904/904/1692 
f 894/894/1693 455/455/1694 904/904/1695 114/114/1696 
f 456/456/1697 895/895/1698 76/76/1699 821/821/1700 
f 896/896/1701 456/456/1702 821/821/1703 77/77/1704 
f 456/456/1705 896/896/1706 116/116/1707 905/905/1708 
f 895/895/1709 456/456/1710 905/905/1711 115/115/1712 
f 457/457/1713 896/896/1714 77/77/1715 971/971/1716 
f 990/990/1717 457/457/1718 971/971/1719 151/151/1720 
f 457/457/1721 990/990/1722 159/159/1723 973/973/1724 
f 896/896/1725 457/457/1726 973/973/1727 116/116/1728 
f 458/458/1729 898/898/1730 109/109/1731 887/887/1732 
f 897/897/1733 458/458/1734 887/887/1735 108/108/1736 
f 458/458/1737 897/897/1738 117/117/1739 906/906/1740 
f 898/898/1741 458/458/1742 906/906/1743 118/118/1744 
f 459/459/1745 915/915/1746 117/117/1747 899/899/1748 
f 908/908/1749 459/459/1750 899/899/1751 110/110/1752 
f 459/459/1753 908/908/1754 119/119/1755 917/917/1756 
f 915/915/1757 459/459/1758 917/917/1759 126/126/1760 
f 460/460/1761 908/908/1762 110/110/1763 900/900/1764 
f 909/909/1765 460/460/1766 900/900/1767 111/111/1768 
f 460/460/1769 909/909/1770 120/120/1771 918/918/1772 
f 908/908/1773 460/460/1774 918/918/1775 119/119/1776 
f 461/461/1777 909/909/1778 111/111/1779 901/901/1780 
f 910/910/1781 461/461/1782 901/901/1783 112/112/1784 
f 461/461/1785 910/910/1786 121/121/1787 919/919/1788 
f 909/909/1789 461/461/1790 919/919/1791 120/120/1792 
f 462/462/1793 910/910/1794 112/112/1795 902/902/1796 
f 911/911/1797 462/462/1798 902/902/1799 113/113/1800 
f 462/462/1801 911/911/1802 122/122/1803 920/920/1804 
f 910/910/1805 462/462/1806 920/920/1807 121/121/1808 
f 463/463/1809 911/911/1810 113/113/1811 903/903/1812 
f 912/912/1813 463/463/1814 903/903/1815 114/114/1816 
f 463/463/1817 912/912/1818 123/123/1819 921/921/1820 
f 911/911/1821 463/463/1822 921/921/1823 122/122/1824 
f 464/464/1825 912/912/1826 114/114/1827 904/904/1828 
f 913/913/1829 464/464/1830 904/904/1831 115/115/1832 
f 464/464/1833 913/913/1834 124/124/1835 922/922/1836 
f 912/912/1837 464/464/1838 922/922/1839 123/123/1840 
f 465/465/1841 913/913/1842 115/115/1843 905/905/1844 
f 914/914/1845 465/465/1846 905/905/1847 116/116/1848 
f 465/465/1849 914/914/1850 125/125/1851 923/923/1852 
f 913/913/1853 465/465/1854 923/923/1855 124/124/1856 
f 466/466/1857 914/914/1858 116/116/1859 973/973/1860 
f 992/992/1861 466/466/1862 973/973/1863 159/159/1864 
f 466/466/1865 992/992/1866 160/160/1867 974/974/1868 
f 914/914/1869 466/466/1870 974/974/1871 125/125/1872 
f 467/467/1873 916/916/1874 118/118/1875 906/906/1876 
f 915/915/1877 467/467/1878 906/906/1879 117/117/1880 
f 467/467/1881 915/915/1882 126/126/1883 924/924/1884 
f 916/916/1885 467/467/1886 924/924/1887 127/127/1888 
f 468/468/1889 933/933/1890 126/126/1891 917/917/1892 
f 926/926/1893 468/468/1894 917/917/1895 119/119/1896 
f 468/468/1897 926/926/1898 128/128/1899 935/935/1900 
f 933/933/1901 468/468/1902 935/935/1903 135/135/1904 
f 469/469/1905 926/926/1906 119/119/1907 918/918/1908 
f 927/927/1909 469/469/1910 918/918/1911 120/120/1912 
f 469/469/1913 927/927/1914 129/129/1915 936/936/1916 
f 926/926/1917 469/469/1918 936/936/1919 128/128/1920 
f 470/470/1921 927/927/1922 120/120/1923 919/919/1924 
f 928/928/1925 470/470/1926 919/919/1927 121/121/1928 
f 470/470/1929 928/928/1930 130/130/1931 937/937/1932 
f 927/927/1933 470/470/1934 937/937/1935 129/129/1936 
f 471/471/1937 928/928/1938 121/121/1939 920/920/1940 
f 929/929/1941 471/471/1942 920/920/1943 122/122/1944 
f 471/471/1945 929/929/1946 131/131/1947 938/938/1948 
f 928/928/1949 471/471/1950 938/938/1951 130/130/1952 
f 472/472/1953 929/929/1954 122/122/1955 921/921/1956 
f 930/930/1957 472/472/1958 921/921/1959 123/123/1960 
f 472/472/1961 930/930/1962 132/132/1963 939/939/1964 
f 929/929/1965 472/472/1966 939/939/1967 131/131/1968 
f 473/473/1969 930/930/1970 123/123/1971 922/922/1972 
f 931/931/1973 473/473/1974 922/922/1975 124/124/1976 
f 473/473/1977 931/931/1978 133/133/1979 940/940/1980 
f 930/930/1981 473/473/1982 940/940/1983 132/132/1984 
f 474/474/1985 931/931/1986 124/124/1987 923/923/1988 
f 932/932/1989 474/474/1990 923/923/1991 125/125/1992 
f 474/474/1993 932/932/1994 134/134/1995 941/941/1996 
f 931/931/1997 474/474/1998 941/941/1999 133/133/2000 
f 475/475/2001 932/932/2002 125/125/2003 974/974/2004 
f 993/993/2005 475/475/2006 974/974/2007 160/160/2008 
f 475/475/2009 993/993/2010 310/310/2011 942/942/2012 
f 932/932/2013 475/475/2014 942/942/2015 134/134/2016 
f 476/476/2017 934/934/2018 127/127/2019 924/924/2020 
f 933/933/2021 476/476/2022 924/924/2023 126/126/2024 
f 476/476/2025 933/933/2026 135/135/2027 943/943/2028 
f 934/934/2029 476/476/2030 943/943/2031 136/136/2032 
f 477/477/2033 953/953/2034 135/135/2035 935/935/2036 
f 954/954/2037 477/477/2038 935/935/2039 128/128/2040 
f 477/477/2041 954/954/2042 138/138/2043 944/944/2044 
f 953/953/2045 477/477/2046 944/944/2047 137/137/2048 
f 478/478/2049 954/954/2050 128/128/2051 936/936/2052 
f 955/955/2053 478/478/2054 936/936/2055 129/129/2056 
f 478/478/2057 955/955/2058 139/139/2059 945/945/2060 
f 954/954/2061 478/478/2062 945/945/2063 138/138/2064 
f 479/479/2065 955/955/2066 129/129/2067 937/937/2068 
f 956/956/2069 479/479/2070 937/937/2071 130/130/2072 
f 479/479/2073 956/956/2074 140/140/2075 946/946/2076 
f 955/955/2077 479/479/2078 946/946/2079 139/139/2080 
f 480/480/2081 956/956/2082 130/130/2083 938/938/2084 
f 957/957/2085 480/480/2086 938/938/2087 131/131/2088 
f 480/480/2089 957/957/2090 141/141/2091 947/947/2092 
f 956/956/2093 480/480/2094 947/947/2095 140/140/2096 
f 481/481/2097 957/957/2098 131/131/2099 939/939/2100 
f 958/958/2101 481/481/2102 939/939/2103 132/132/2104 
f 481/481/2105 958/958/2106 142/142/2107 948/948/2108 
f 957/957/2109 481/481/2110 948/948/2111 141/141/2112 
f 482/482/2113 958/958/2114 132/132/2115 940/940/2116 
f 959/959/2117 482/482/2118 940/940/2119 133/133/2120 
f 482/482/2121 959/959/2122 143/143/2123 949/949/2124 
f 958/958/2125 482/482/2126 949/949/2127 142/142/2128 
f 483/483/2129 959/959/2130 133/133/2131 941/941/2132 
f 960/960/2133 483/483/2134 941/941/2135 134/134/2136 
f 483/483/2137 960/960/2138 144/144/2139 950/950/2140 
f 959/959/2141 483/483/2142 950/950/2143 143/143/2144 
f 484/484/2145 960/960/2146 134/134/2147 942/942/2148 
f 1292/1292/2149 484/484/2150 942/942/2151 310/310/2152 
f 484/484/2153 1292/1292/2154 319/319/2155 951/951/2156 
f 960/960/2157 484/484/2158 951/951/2159 144/144/2160 
f 485/485/2161 961/961/2162 136/136/2163 943/943/2164 
f 953/953/2165 485/485/2166 943/943/2167 135/135/2168 
f 485/485/2169 953/953/2170 137/137/2171 952/952/2172 
f 961/961/2173 485/485/2174 952/952/2175 145/145/2176 
f 486/486/2177 981/981/2178 149/149/2179 966/966/2180 
f 722/722/2181 486/486/2182 966/966/2183 39/39/2184 
f 486/486/2185 722/722/2186 38/38/2187 746/746/2188 
f 981/981/2189 486/486/2190 746/746/2191 146/146/2192 
f 487/487/2193 1295/1295/2194 221/221/2195 680/680/2196 
f 681/681/2197 487/487/2198 680/680/2199 1/1/2200 
f 487/487/2201 681/681/2202 17/17/2203 964/964/2204 
f 1295/1295/2205 487/487/2206 964/964/2207 166/166/2208 
f 488/488/2209 982/982/2210 148/148/2211 963/963/2212 
f 857/857/2213 488/488/2214 963/963/2215 16/16/2216 
f 488/488/2217 857/857/2218 98/98/2219 866/866/2220 
f 982/982/2221 488/488/2222 866/866/2223 156/156/2224 
f 489/489/2225 1296/1296/2226 273/273/2227 965/965/2228 
f 723/723/2229 489/489/2230 965/965/2231 40/40/2232 
f 489/489/2233 723/723/2234 39/39/2235 966/966/2236 
f 1296/1296/2237 489/489/2238 966/966/2239 149/149/2240 
f 490/490/2241 1297/1297/2242 150/150/2243 967/967/2244 
f 752/752/2245 490/490/2246 967/967/2247 18/18/2248 
f 490/490/2249 752/752/2250 44/44/2251 757/757/2252 
f 1297/1297/2253 490/490/2254 757/757/2255 209/209/2256 
f 491/491/2257 1298/1298/2258 205/205/2259 962/962/2260 
f 768/768/2261 491/491/2262 962/962/2263 8/8/2264 
f 491/491/2265 768/768/2266 55/55/2267 784/784/2268 
f 1298/1298/2269 491/491/2270 784/784/2271 225/225/2272 
f 492/1366/2273 983/1384/2274 147/147/2275 767/767/2276 
f 783/1383/2277 492/1366/2278 767/767/2279 54/54/2280 
f 492/492/2281 783/783/2282 62/62/2283 969/969/2284 
f 983/983/2285 492/492/2286 969/969/2287 222/222/2288 
f 493/493/2289 1319/1319/2290 270/270/2291 749/749/2292 
f 822/822/2293 493/493/2294 749/749/2295 41/41/2296 
f 493/493/2297 822/822/2298 332/332/2299 1344/1344/2300 
f 1319/1319/2301 493/493/2302 1344/1344/2303 337/337/2304 
f 494/494/2305 985/985/2306 152/152/2307 825/825/2308 
f 828/828/2309 494/494/2310 825/825/2311 78/78/2312 
f 494/494/2313 828/828/2314 84/84/2315 837/837/2316 
f 985/985/2317 494/494/2318 837/837/2319 154/154/2320 
f 495/495/2321 988/988/2322 151/151/2323 971/971/2324 
f 876/876/2325 495/495/2326 971/971/2327 77/77/2328 
f 495/495/2329 876/876/2330 107/107/2331 972/972/2332 
f 988/988/2333 495/495/2334 972/972/2335 157/157/2336 
f 496/496/2337 989/989/2338 153/153/2339 831/831/2340 
f 888/888/2341 496/496/2342 831/831/2343 81/81/2344 
f 496/496/2345 888/888/2346 109/109/2347 889/889/2348 
f 989/989/2349 496/496/2350 889/889/2351 158/158/2352 
f 497/497/2353 991/991/2354 158/158/2355 889/889/2356 
f 898/898/2357 497/497/2358 889/889/2359 109/109/2360 
f 497/497/2361 898/898/2362 118/118/2363 907/907/2364 
f 991/991/2365 497/497/2366 907/907/2367 322/322/2368 
f 498/498/2369 1304/1304/2370 322/322/2371 907/907/2372 
f 916/916/2373 498/498/2374 907/907/2375 118/118/2376 
f 498/498/2377 916/916/2378 127/127/2379 925/925/2380 
f 1304/1304/2381 498/498/2382 925/925/2383 161/161/2384 
f 499/499/2385 994/994/2386 161/161/2387 925/925/2388 
f 934/934/2389 499/499/2390 925/925/2391 127/127/2392 
f 499/499/2393 934/934/2394 136/136/2395 975/975/2396 
f 994/994/2397 499/499/2398 975/975/2399 162/162/2400 
f 500/500/2401 995/995/2402 162/162/2403 975/975/2404 
f 961/961/2405 500/500/2406 975/975/2407 136/136/2408 
f 500/500/2409 961/961/2410 145/145/2411 976/976/2412 
f 995/995/2413 500/500/2414 976/976/2415 163/163/2416 
f 501/501/2417 996/996/2418 164/164/2419 998/998/2420 
f 977/1409/2421 501/501/2422 998/998/2423 166/1402/2424 
f 501/501/2425 977/1409/2426 150/1394/2427 997/997/2428 
f 996/996/2429 501/501/2430 997/997/2431 165/165/2432 
f 502/502/2433 999/999/2434 167/167/2435 1001/1001/2436 
f 996/996/2437 502/502/2438 1001/1001/2439 164/164/2440 
f 502/502/2441 996/996/2442 165/165/2443 1000/1000/2444 
f 999/999/2445 502/502/2446 1000/1000/2447 168/168/2448 
f 503/503/2449 1002/1002/2450 169/169/2451 1004/1004/2452 
f 999/999/2453 503/503/2454 1004/1004/2455 167/167/2456 
f 503/503/2457 999/999/2458 168/168/2459 1003/1003/2460 
f 1002/1002/2461 503/503/2462 1003/1003/2463 170/170/2464 
f 504/504/2465 1005/1005/2466 171/171/2467 1007/1007/2468 
f 1002/1002/2469 504/504/2470 1007/1007/2471 169/169/2472 
f 504/504/2473 1002/1002/2474 170/170/2475 1006/1006/2476 
f 1005/1005/2477 504/504/2478 1006/1006/2479 172/172/2480 
f 505/505/2481 1008/1008/2482 173/173/2483 1010/1010/2484 
f 1005/1005/2485 505/505/2486 1010/1010/2487 171/171/2488 
f 505/505/2489 1005/1005/2490 172/172/2491 1009/1009/2492 
f 1008/1008/2493 505/505/2494 1009/1009/2495 174/174/2496 
f 506/506/2497 1011/1011/2498 175/175/2499 1013/1013/2500 
f 1008/1008/2501 506/506/2502 1013/1013/2503 173/173/2504 
f 506/506/2505 1008/1008/2506 174/174/2507 1012/1012/2508 
f 1011/1011/2509 506/506/2510 1012/1012/2511 176/176/2512 
f 507/507/2513 1014/1014/2514 177/177/2515 1016/1016/2516 
f 1011/1011/2517 507/507/2518 1016/1016/2519 175/175/2520 
f 507/507/2521 1011/1011/2522 176/176/2523 1015/1015/2524 
f 1014/1014/2525 507/507/2526 1015/1015/2527 178/178/2528 
f 508/508/2529 1017/1017/2530 179/179/2531 1019/1019/2532 
f 1014/1014/2533 508/508/2534 1019/1019/2535 177/177/2536 
f 508/508/2537 1014/1014/2538 178/178/2539 1018/1018/2540 
f 1017/1017/2541 508/508/2542 1018/1018/2543 180/180/2544 
f 509/509/2545 1020/1020/2546 181/181/2547 1023/1023/2548 
f 1022/1022/2549 509/509/2550 1023/1023/2551 184/184/2552 
f 509/509/2553 1022/1022/2554 183/183/2555 1021/1021/2556 
f 1020/1020/2557 509/509/2558 1021/1021/2559 182/182/2560 
f 510/510/2561 1024/1024/2562 168/168/2563 1000/1000/2564 
f 1025/1025/2565 510/510/2566 1000/1000/2567 165/165/2568 
f 510/510/2569 1025/1025/2570 184/184/2571 1023/1023/2572 
f 1024/1024/2573 510/510/2574 1023/1023/2575 181/181/2576 
f 511/511/2577 1026/1026/2578 164/164/2579 1001/1001/2580 
f 1028/1028/2581 511/511/2582 1001/1001/2583 167/167/2584 
f 511/511/2585 1028/1028/2586 186/186/2587 1027/1027/2588 
f 1026/1026/2589 511/511/2590 1027/1027/2591 185/185/2592 
f 512/512/2593 1029/1029/2594 187/187/2595 1031/1031/2596 
f 1020/1020/2597 512/512/2598 1031/1031/2599 181/181/2600 
f 512/512/2601 1020/1020/2602 182/182/2603 1030/1030/2604 
f 1029/1029/2605 512/512/2606 1030/1030/2607 188/188/2608 
f 513/513/2609 1032/1032/2610 170/170/2611 1003/1003/2612 
f 1024/1024/2613 513/513/2614 1003/1003/2615 168/168/2616 
f 513/513/2617 1024/1024/2618 181/181/2619 1031/1031/2620 
f 1032/1032/2621 513/513/2622 1031/1031/2623 187/187/2624 
f 514/514/2625 1028/1028/2626 167/167/2627 1004/1004/2628 
f 1034/1034/2629 514/514/2630 1004/1004/2631 169/169/2632 
f 514/514/2633 1034/1034/2634 189/189/2635 1033/1033/2636 
f 1028/1028/2637 514/514/2638 1033/1033/2639 186/186/2640 
f 515/515/2641 1035/1035/2642 190/190/2643 1037/1037/2644 
f 1029/1029/2645 515/515/2646 1037/1037/2647 187/187/2648 
f 515/515/2649 1029/1029/2650 188/188/2651 1036/1036/2652 
f 1035/1035/2653 515/515/2654 1036/1036/2655 191/191/2656 
f 516/516/2657 1038/1038/2658 172/172/2659 1006/1006/2660 
f 1032/1032/2661 516/516/2662 1006/1006/2663 170/170/2664 
f 516/516/2665 1032/1032/2666 187/187/2667 1037/1037/2668 
f 1038/1038/2669 516/516/2670 1037/1037/2671 190/190/2672 
f 517/517/2673 1034/1034/2674 169/169/2675 1007/1007/2676 
f 1040/1040/2677 517/517/2678 1007/1007/2679 171/171/2680 
f 517/517/2681 1040/1040/2682 192/192/2683 1039/1039/2684 
f 1034/1034/2685 517/517/2686 1039/1039/2687 189/189/2688 
f 518/518/2689 1041/1041/2690 193/193/2691 1043/1043/2692 
f 1035/1035/2693 518/518/2694 1043/1043/2695 190/190/2696 
f 518/518/2697 1035/1035/2698 191/191/2699 1042/1042/2700 
f 1041/1041/2701 518/518/2702 1042/1042/2703 194/194/2704 
f 519/519/2705 1044/1044/2706 174/174/2707 1009/1009/2708 
f 1038/1038/2709 519/519/2710 1009/1009/2711 172/172/2712 
f 519/519/2713 1038/1038/2714 190/190/2715 1043/1043/2716 
f 1044/1044/2717 519/519/2718 1043/1043/2719 193/193/2720 
f 520/520/2721 1040/1040/2722 171/171/2723 1010/1010/2724 
f 1046/1046/2725 520/520/2726 1010/1010/2727 173/173/2728 
f 520/520/2729 1046/1046/2730 195/195/2731 1045/1045/2732 
f 1040/1040/2733 520/520/2734 1045/1045/2735 192/192/2736 
f 521/521/2737 1047/1047/2738 196/196/2739 1049/1049/2740 
f 1041/1041/2741 521/521/2742 1049/1049/2743 193/193/2744 
f 521/521/2745 1041/1041/2746 194/194/2747 1048/1048/2748 
f 1047/1047/2749 521/521/2750 1048/1048/2751 197/197/2752 
f 522/522/2753 1050/1050/2754 176/176/2755 1012/1012/2756 
f 1044/1044/2757 522/522/2758 1012/1012/2759 174/174/2760 
f 522/522/2761 1044/1044/2762 193/193/2763 1049/1049/2764 
f 1050/1050/2765 522/522/2766 1049/1049/2767 196/196/2768 
f 523/523/2769 1046/1046/2770 173/173/2771 1013/1013/2772 
f 1052/1052/2773 523/523/2774 1013/1013/2775 175/175/2776 
f 523/523/2777 1052/1052/2778 198/198/2779 1051/1051/2780 
f 1046/1046/2781 523/523/2782 1051/1051/2783 195/195/2784 
f 524/524/2785 1053/1053/2786 199/199/2787 1055/1055/2788 
f 1047/1047/2789 524/524/2790 1055/1055/2791 196/196/2792 
f 524/524/2793 1047/1047/2794 197/197/2795 1054/1054/2796 
f 1053/1053/2797 524/524/2798 1054/1054/2799 200/200/2800 
f 525/525/2801 1056/1056/2802 178/178/2803 1015/1015/2804 
f 1050/1050/2805 525/525/2806 1015/1015/2807 176/176/2808 
f 525/525/2809 1050/1050/2810 196/196/2811 1055/1055/2812 
f 1056/1056/2813 525/525/2814 1055/1055/2815 199/199/2816 
f 526/526/2817 1052/1052/2818 175/175/2819 1016/1016/2820 
f 1058/1058/2821 526/526/2822 1016/1016/2823 177/177/2824 
f 526/526/2825 1058/1058/2826 201/201/2827 1057/1057/2828 
f 1052/1052/2829 526/526/2830 1057/1057/2831 198/198/2832 
f 527/527/2833 1059/1059/2834 202/202/2835 1061/1061/2836 
f 1053/1053/2837 527/527/2838 1061/1061/2839 199/199/2840 
f 527/527/2841 1053/1053/2842 200/200/2843 1060/1060/2844 
f 1059/1059/2845 527/527/2846 1060/1060/2847 203/203/2848 
f 528/528/2849 1062/1062/2850 180/180/2851 1018/1018/2852 
f 1056/1056/2853 528/528/2854 1018/1018/2855 178/178/2856 
f 528/528/2857 1056/1056/2858 199/199/2859 1061/1061/2860 
f 1062/1062/2861 528/528/2862 1061/1061/2863 202/202/2864 
f 529/529/2865 1058/1058/2866 177/177/2867 1019/1019/2868 
f 1064/1064/2869 529/529/2870 1019/1019/2871 179/179/2872 
f 529/529/2873 1064/1064/2874 204/204/2875 1063/1063/2876 
f 1058/1058/2877 529/529/2878 1063/1063/2879 201/201/2880 
f 530/530/2881 1064/1064/2882 179/179/2883 1066/1066/2884 
f 978/978/2885 530/530/2886 1066/1066/2887 146/146/2888 
f 530/530/2889 978/978/2890 205/205/2891 1065/1065/2892 
f 1064/1064/2893 530/530/2894 1065/1065/2895 204/204/2896 
f 531/531/2897 1025/1025/2898 165/165/2899 1069/1069/2900 
f 1068/1068/2901 531/531/2902 1069/1069/2903 207/207/2904 
f 531/531/2905 1068/1068/2906 206/206/2907 1067/1067/2908 
f 1025/1025/2909 531/531/2910 1067/1067/2911 184/184/2912 
f 532/532/2913 1070/1070/2914 207/207/2915 1072/1072/2916 
f 979/1410/2917 532/532/2918 1072/1072/2919 209/1403/2920 
f 532/532/2921 979/1410/2922 155/1398/2923 1071/1071/2924 
f 1070/1070/2925 532/532/2926 1071/1071/2927 208/208/2928 
f 533/533/2929 1073/1073/2930 206/206/2931 1068/1068/2932 
f 1070/1070/2933 533/533/2934 1068/1068/2935 207/207/2936 
f 533/533/2937 1070/1070/2938 208/208/2939 1074/1074/2940 
f 1073/1073/2941 533/533/2942 1074/1074/2943 210/210/2944 
f 534/534/2945 1075/1075/2946 211/211/2947 1077/1077/2948 
f 1073/1073/2949 534/534/2950 1077/1077/2951 206/206/2952 
f 534/534/2953 1073/1073/2954 210/210/2955 1076/1076/2956 
f 1075/1075/2957 534/534/2958 1076/1076/2959 212/212/2960 
f 535/535/2961 1063/1063/2962 204/204/2963 1080/1080/2964 
f 1079/1079/2965 535/535/2966 1080/1080/2967 214/214/2968 
f 535/535/2969 1079/1079/2970 213/213/2971 1078/1078/2972 
f 1063/1063/2973 535/535/2974 1078/1078/2975 201/201/2976 
f 536/536/2977 1057/1057/2978 201/201/2979 1078/1078/2980 
f 1082/1082/2981 536/536/2982 1078/1078/2983 213/213/2984 
f 536/536/2985 1082/1082/2986 215/215/2987 1081/1081/2988 
f 1057/1057/2989 536/536/2990 1081/1081/2991 198/198/2992 
f 537/537/2993 1051/1051/2994 198/198/2995 1081/1081/2996 
f 1084/1084/2997 537/537/2998 1081/1081/2999 215/215/3000 
f 537/537/3001 1084/1084/3002 216/216/3003 1083/1083/3004 
f 1051/1051/3005 537/537/3006 1083/1083/3007 195/195/3008 
f 538/538/3009 1045/1045/3010 195/195/3011 1083/1083/3012 
f 1086/1086/3013 538/538/3014 1083/1083/3015 216/216/3016 
f 538/538/3017 1086/1086/3018 217/217/3019 1085/1085/3020 
f 1045/1045/3021 538/538/3022 1085/1085/3023 192/192/3024 
f 539/539/3025 1039/1039/3026 192/192/3027 1085/1085/3028 
f 1088/1088/3029 539/539/3030 1085/1085/3031 217/217/3032 
f 539/539/3033 1088/1088/3034 218/218/3035 1087/1087/3036 
f 1039/1039/3037 539/539/3038 1087/1087/3039 189/189/3040 
f 540/540/3041 1033/1033/3042 189/189/3043 1087/1087/3044 
f 1090/1090/3045 540/540/3046 1087/1087/3047 218/218/3048 
f 540/540/3049 1090/1090/3050 219/219/3051 1089/1089/3052 
f 1033/1033/3053 540/540/3054 1089/1089/3055 186/186/3056 
f 541/541/3057 1027/1027/3058 186/186/3059 1089/1089/3060 
f 1092/1092/3061 541/541/3062 1089/1089/3063 219/219/3064 
f 541/541/3065 1092/1092/3066 220/220/3067 1091/1091/3068 
f 1027/1027/3069 541/541/3070 1091/1091/3071 185/185/3072 
f 542/542/3073 1093/1093/3074 185/185/3075 1091/1091/3076 
f 1095/1095/3077 542/542/3078 1091/1091/3079 220/220/3080 
f 542/542/3081 1095/1095/3082 222/1405/3083 1094/1419/3084 
f 1093/1093/3085 542/542/3086 1094/1419/3087 221/1404/3088 
f 543/543/3089 1096/1096/3090 214/214/3091 1099/1099/3092 
f 1098/1098/3093 543/543/3094 1099/1099/3095 225/225/3096 
f 543/1367/3097 1098/1386/3098 224/224/3099 1097/1097/3100 
f 1096/1385/3101 543/1367/3102 1097/1097/3103 223/223/3104 
f 544/544/3105 1100/1100/3106 213/213/3107 1079/1079/3108 
f 1096/1096/3109 544/544/3110 1079/1079/3111 214/214/3112 
f 544/1368/3113 1096/1385/3114 223/223/3115 1101/1101/3116 
f 1100/1387/3117 544/1368/3118 1101/1101/3119 226/226/3120 
f 545/545/3121 1102/1102/3122 215/215/3123 1082/1082/3124 
f 1100/1100/3125 545/545/3126 1082/1082/3127 213/213/3128 
f 545/1369/3129 1100/1387/3130 226/226/3131 1103/1103/3132 
f 1102/1388/3133 545/1369/3134 1103/1103/3135 227/227/3136 
f 546/546/3137 1104/1104/3138 216/216/3139 1084/1084/3140 
f 1102/1102/3141 546/546/3142 1084/1084/3143 215/215/3144 
f 546/1370/3145 1102/1388/3146 227/227/3147 1105/1105/3148 
f 1104/1389/3149 546/1370/3150 1105/1105/3151 228/228/3152 
f 547/547/3153 1106/1106/3154 217/217/3155 1086/1086/3156 
f 1104/1104/3157 547/547/3158 1086/1086/3159 216/216/3160 
f 547/1371/3161 1104/1389/3162 228/228/3163 1107/1107/3164 
f 1106/1390/3165 547/1371/3166 1107/1107/3167 229/229/3168 
f 548/548/3169 1108/1108/3170 218/218/3171 1088/1088/3172 
f 1106/1106/3173 548/548/3174 1088/1088/3175 217/217/3176 
f 548/1372/3177 1106/1390/3178 229/229/3179 1109/1109/3180 
f 1108/1391/3181 548/1372/3182 1109/1109/3183 230/230/3184 
f 549/549/3185 1110/1110/3186 219/219/3187 1090/1090/3188 
f 1108/1108/3189 549/549/3190 1090/1090/3191 218/218/3192 
f 549/1373/3193 1108/1391/3194 230/230/3195 1111/1111/3196 
f 1110/1392/3197 549/1373/3198 1111/1111/3199 231/231/3200 
f 550/550/3201 1112/1112/3202 220/220/3203 1092/1092/3204 
f 1110/1110/3205 550/550/3206 1092/1092/3207 219/219/3208 
f 550/1374/3209 1110/1392/3210 231/231/3211 1113/1113/3212 
f 1112/1393/3213 550/1374/3214 1113/1113/3215 232/232/3216 
f 551/551/3217 1114/1114/3218 233/233/3219 1117/1117/3220 
f 1345/1345/3221 551/551/3222 1117/1117/3223 339/339/3224 
f 551/551/3225 1345/1345/3226 338/338/3227 1320/1320/3228 
f 1114/1114/3229 551/551/3230 1320/1320/3231 234/234/3232 
f 552/552/3233 1118/1118/3234 234/234/3235 1320/1320/3236 
f 1346/1346/3237 552/552/3238 1320/1320/3239 338/338/3240 
f 552/552/3241 1346/1346/3242 340/340/3243 1322/1322/3244 
f 1118/1118/3245 552/552/3246 1322/1322/3247 237/237/3248 
f 553/553/3249 1121/1121/3250 237/237/3251 1322/1322/3252 
f 1347/1347/3253 553/553/3254 1322/1322/3255 340/340/3256 
f 553/553/3257 1347/1347/3258 341/341/3259 1323/1323/3260 
f 1121/1121/3261 553/553/3262 1323/1323/3263 239/239/3264 
f 554/554/3265 1124/1124/3266 239/239/3267 1323/1323/3268 
f 1348/1348/3269 554/554/3270 1323/1323/3271 341/341/3272 
f 554/554/3273 1348/1348/3274 342/342/3275 1324/1324/3276 
f 1124/1124/3277 554/554/3278 1324/1324/3279 241/241/3280 
f 555/555/3281 1127/1127/3282 241/241/3283 1324/1324/3284 
f 1349/1349/3285 555/555/3286 1324/1324/3287 342/342/3288 
f 555/555/3289 1349/1349/3290 343/343/3291 1325/1325/3292 
f 1127/1127/3293 555/555/3294 1325/1325/3295 243/243/3296 
f 556/556/3297 1130/1130/3298 243/243/3299 1325/1325/3300 
f 1350/1350/3301 556/556/3302 1325/1325/3303 343/343/3304 
f 556/556/3305 1350/1350/3306 344/344/3307 1326/1326/3308 
f 1130/1130/3309 556/556/3310 1326/1326/3311 245/245/3312 
f 557/557/3313 1133/1133/3314 245/245/3315 1326/1326/3316 
f 1351/1351/3317 557/557/3318 1326/1326/3319 344/344/3320 
f 557/557/3321 1351/1351/3322 345/345/3323 1327/1327/3324 
f 1133/1133/3325 557/557/3326 1327/1327/3327 247/247/3328 
f 558/558/3329 1136/1136/3330 247/247/3331 1327/1327/3332 
f 1352/1352/3333 558/558/3334 1327/1327/3335 345/345/3336 
f 558/558/3337 1352/1352/3338 336/336/3339 980/980/3340 
f 1136/1136/3341 558/558/3342 980/980/3343 148/148/3344 
f 559/559/3345 1116/1116/3346 236/236/3347 1140/1140/3348 
f 1139/1139/3349 559/559/3350 1140/1140/3351 251/251/3352 
f 559/559/3353 1139/1139/3354 250/250/3355 1138/1138/3356 
f 1116/1116/3357 559/559/3358 1138/1138/3359 235/235/3360 
f 560/560/3361 1120/1120/3362 235/235/3363 1138/1138/3364 
f 1142/1142/3365 560/560/3366 1138/1138/3367 250/250/3368 
f 560/560/3369 1142/1142/3370 252/252/3371 1141/1141/3372 
f 1120/1120/3373 560/560/3374 1141/1141/3375 238/238/3376 
f 561/561/3377 1123/1123/3378 238/238/3379 1141/1141/3380 
f 1144/1144/3381 561/561/3382 1141/1141/3383 252/252/3384 
f 561/561/3385 1144/1144/3386 253/253/3387 1143/1143/3388 
f 1123/1123/3389 561/561/3390 1143/1143/3391 240/240/3392 
f 562/562/3393 1126/1126/3394 240/240/3395 1143/1143/3396 
f 1146/1146/3397 562/562/3398 1143/1143/3399 253/253/3400 
f 562/562/3401 1146/1146/3402 254/254/3403 1145/1145/3404 
f 1126/1126/3405 562/562/3406 1145/1145/3407 242/242/3408 
f 563/563/3409 1129/1129/3410 242/242/3411 1145/1145/3412 
f 1148/1148/3413 563/563/3414 1145/1145/3415 254/254/3416 
f 563/563/3417 1148/1148/3418 255/255/3419 1147/1147/3420 
f 1129/1129/3421 563/563/3422 1147/1147/3423 244/244/3424 
f 564/564/3425 1132/1132/3426 244/244/3427 1147/1147/3428 
f 1150/1150/3429 564/564/3430 1147/1147/3431 255/255/3432 
f 564/564/3433 1150/1150/3434 256/256/3435 1149/1149/3436 
f 1132/1132/3437 564/564/3438 1149/1149/3439 246/246/3440 
f 565/565/3441 1135/1135/3442 246/246/3443 1149/1149/3444 
f 1152/1152/3445 565/565/3446 1149/1149/3447 256/256/3448 
f 565/565/3449 1152/1152/3450 257/257/3451 1151/1151/3452 
f 1135/1135/3453 565/565/3454 1151/1151/3455 248/248/3456 
f 566/566/3457 1137/1137/3458 248/248/3459 1151/1151/3460 
f 1154/1154/3461 566/566/3462 1151/1151/3463 257/257/3464 
f 566/566/3465 1154/1154/3466 157/157/3467 1153/1153/3468 
f 1137/1137/3469 566/566/3470 1153/1153/3471 249/249/3472 
f 567/567/3473 1155/1155/3474 258/258/3475 1329/1329/3476 
f 1353/1353/3477 567/567/3478 1329/1329/3479 347/347/3480 
f 567/567/3481 1353/1353/3482 346/346/3483 1328/1328/3484 
f 1155/1155/3485 567/567/3486 1328/1328/3487 259/259/3488 
f 568/568/3489 1159/1159/3490 259/259/3491 1328/1328/3492 
f 1354/1354/3493 568/568/3494 1328/1328/3495 346/346/3496 
f 568/568/3497 1354/1354/3498 348/348/3499 1330/1330/3500 
f 1159/1159/3501 568/568/3502 1330/1330/3503 262/262/3504 
f 569/569/3505 1157/1157/3506 261/261/3507 1164/1164/3508 
f 1163/1163/3509 569/569/3510 1164/1164/3511 265/265/3512 
f 569/569/3513 1163/1163/3514 264/264/3515 1162/1162/3516 
f 1157/1157/3517 569/569/3518 1162/1162/3519 260/260/3520 
f 570/570/3521 1161/1161/3522 260/260/3523 1162/1162/3524 
f 1166/1166/3525 570/570/3526 1162/1162/3527 264/264/3528 
f 570/570/3529 1166/1166/3530 266/266/3531 1165/1165/3532 
f 1161/1161/3533 570/570/3534 1165/1165/3535 263/263/3536 
f 571/571/3537 1167/1167/3538 265/265/3539 1169/1169/3540 
f 986/1414/3541 571/571/3542 1169/1169/3543 154/1397/3544 
f 571/571/3545 986/1414/3546 153/1396/3547 1168/1168/3548 
f 1167/1167/3549 571/571/3550 1168/1168/3551 267/267/3552 
f 572/572/3553 1170/1170/3554 264/264/3555 1163/1163/3556 
f 1167/1167/3557 572/572/3558 1163/1163/3559 265/265/3560 
f 572/572/3561 1167/1167/3562 267/267/3563 1171/1171/3564 
f 1170/1170/3565 572/572/3566 1171/1171/3567 268/268/3568 
f 573/573/3569 1172/1172/3570 266/266/3571 1166/1166/3572 
f 1170/1170/3573 573/573/3574 1166/1166/3575 264/264/3576 
f 573/573/3577 1170/1170/3578 268/268/3579 1173/1173/3580 
f 1172/1172/3581 573/573/3582 1173/1173/3583 269/269/3584 
f 574/574/3585 1174/1174/3586 208/208/3587 1071/1071/3588 
f 1176/1420/3589 574/574/3590 1071/1071/3591 155/1398/3592 
f 574/574/3593 1176/1420/3594 270/1406/3595 1175/1175/3596 
f 1174/1174/3597 574/574/3598 1175/1175/3599 258/258/3600 
f 575/575/3601 1177/1177/3602 210/210/3603 1074/1074/3604 
f 1174/1174/3605 575/575/3606 1074/1074/3607 208/208/3608 
f 575/575/3609 1174/1174/3610 258/258/3611 1155/1155/3612 
f 1177/1177/3613 575/575/3614 1155/1155/3615 259/259/3616 
f 576/576/3617 1178/1178/3618 212/212/3619 1076/1076/3620 
f 1177/1177/3621 576/576/3622 1076/1076/3623 210/210/3624 
f 576/576/3625 1177/1177/3626 259/259/3627 1159/1159/3628 
f 1178/1178/3629 576/576/3630 1159/1159/3631 262/262/3632 
f 577/577/3633 1165/1165/3634 266/266/3635 1172/1172/3636 
f 1180/1180/3637 577/577/3638 1172/1172/3639 269/269/3640 
f 577/577/3641 1180/1180/3642 271/271/3643 1179/1179/3644 
f 1165/1165/3645 577/577/3646 1179/1179/3647 263/263/3648 
f 578/578/3649 1075/1075/3650 212/212/3651 1178/1178/3652 
f 1182/1182/3653 578/578/3654 1178/1178/3655 262/262/3656 
f 578/578/3657 1182/1182/3658 272/272/3659 1181/1181/3660 
f 1075/1075/3661 578/578/3662 1181/1181/3663 211/211/3664 
f 579/579/3665 1182/1182/3666 262/262/3667 1330/1330/3668 
f 1355/1355/3669 579/579/3670 1330/1330/3671 348/348/3672 
f 579/579/3673 1355/1355/3674 349/349/3675 1331/1331/3676 
f 1182/1182/3677 579/579/3678 1331/1331/3679 272/272/3680 
f 580/580/3681 1184/1184/3682 182/182/3683 1021/1021/3684 
f 1185/1185/3685 580/580/3686 1021/1021/3687 183/183/3688 
f 580/580/3689 1185/1185/3690 233/233/3691 1114/1114/3692 
f 1184/1184/3693 580/580/3694 1114/1114/3695 234/234/3696 
f 581/581/3697 1186/1186/3698 188/188/3699 1030/1030/3700 
f 1184/1184/3701 581/581/3702 1030/1030/3703 182/182/3704 
f 581/581/3705 1184/1184/3706 234/234/3707 1118/1118/3708 
f 1186/1186/3709 581/581/3710 1118/1118/3711 237/237/3712 
f 582/582/3713 1187/1187/3714 191/191/3715 1036/1036/3716 
f 1186/1186/3717 582/582/3718 1036/1036/3719 188/188/3720 
f 582/582/3721 1186/1186/3722 237/237/3723 1121/1121/3724 
f 1187/1187/3725 582/582/3726 1121/1121/3727 239/239/3728 
f 583/583/3729 1188/1188/3730 194/194/3731 1042/1042/3732 
f 1187/1187/3733 583/583/3734 1042/1042/3735 191/191/3736 
f 583/583/3737 1187/1187/3738 239/239/3739 1124/1124/3740 
f 1188/1188/3741 583/583/3742 1124/1124/3743 241/241/3744 
f 584/584/3745 1189/1189/3746 197/197/3747 1048/1048/3748 
f 1188/1188/3749 584/584/3750 1048/1048/3751 194/194/3752 
f 584/584/3753 1188/1188/3754 241/241/3755 1127/1127/3756 
f 1189/1189/3757 584/584/3758 1127/1127/3759 243/243/3760 
f 585/585/3761 1190/1190/3762 200/200/3763 1054/1054/3764 
f 1189/1189/3765 585/585/3766 1054/1054/3767 197/197/3768 
f 585/585/3769 1189/1189/3770 243/243/3771 1130/1130/3772 
f 1190/1190/3773 585/585/3774 1130/1130/3775 245/245/3776 
f 586/586/3777 1191/1191/3778 203/203/3779 1060/1060/3780 
f 1190/1190/3781 586/586/3782 1060/1060/3783 200/200/3784 
f 586/586/3785 1190/1190/3786 245/245/3787 1133/1133/3788 
f 1191/1191/3789 586/586/3790 1133/1133/3791 247/247/3792 
f 587/587/3793 1059/1059/3794 203/203/3795 1193/1193/3796 
f 987/987/3797 587/587/3798 1193/1193/3799 156/156/3800 
f 587/587/3801 987/987/3802 273/273/3803 1192/1192/3804 
f 1059/1059/3805 587/587/3806 1192/1192/3807 202/202/3808 
f 588/588/3809 1077/1077/3810 211/211/3811 1194/1194/3812 
f 1022/1022/3813 588/588/3814 1194/1194/3815 183/183/3816 
f 588/588/3817 1022/1022/3818 184/184/3819 1067/1067/3820 
f 1077/1077/3821 588/588/3822 1067/1067/3823 206/206/3824 
f 589/589/3825 1185/1185/3826 183/183/3827 1194/1194/3828 
f 1181/1181/3829 589/589/3830 1194/1194/3831 211/211/3832 
f 589/589/3833 1181/1181/3834 272/272/3835 1195/1195/3836 
f 1185/1185/3837 589/589/3838 1195/1195/3839 233/233/3840 
f 590/590/3841 1196/1196/3842 250/250/3843 1139/1139/3844 
f 1198/1198/3845 590/590/3846 1139/1139/3847 251/251/3848 
f 590/590/3849 1198/1198/3850 275/275/3851 1197/1197/3852 
f 1196/1196/3853 590/590/3854 1197/1197/3855 274/274/3856 
f 591/591/3857 1199/1199/3858 252/252/3859 1142/1142/3860 
f 1196/1196/3861 591/591/3862 1142/1142/3863 250/250/3864 
f 591/591/3865 1196/1196/3866 274/274/3867 1200/1200/3868 
f 1199/1199/3869 591/591/3870 1200/1200/3871 276/276/3872 
f 592/592/3873 1201/1201/3874 253/253/3875 1144/1144/3876 
f 1199/1199/3877 592/592/3878 1144/1144/3879 252/252/3880 
f 592/592/3881 1199/1199/3882 276/276/3883 1202/1202/3884 
f 1201/1201/3885 592/592/3886 1202/1202/3887 277/277/3888 
f 593/593/3889 1203/1203/3890 254/254/3891 1146/1146/3892 
f 1201/1201/3893 593/593/3894 1146/1146/3895 253/253/3896 
f 593/593/3897 1201/1201/3898 277/277/3899 1204/1204/3900 
f 1203/1203/3901 593/593/3902 1204/1204/3903 278/278/3904 
f 594/594/3905 1205/1205/3906 255/255/3907 1148/1148/3908 
f 1203/1203/3909 594/594/3910 1148/1148/3911 254/254/3912 
f 594/594/3913 1203/1203/3914 278/278/3915 1206/1206/3916 
f 1205/1205/3917 594/594/3918 1206/1206/3919 279/279/3920 
f 595/595/3921 1207/1207/3922 256/256/3923 1150/1150/3924 
f 1205/1205/3925 595/595/3926 1150/1150/3927 255/255/3928 
f 595/595/3929 1205/1205/3930 279/279/3931 1208/1208/3932 
f 1207/1207/3933 595/595/3934 1208/1208/3935 280/280/3936 
f 596/596/3937 1209/1209/3938 257/257/3939 1152/1152/3940 
f 1207/1207/3941 596/596/3942 1152/1152/3943 256/256/3944 
f 596/596/3945 1207/1207/3946 280/280/3947 1210/1210/3948 
f 1209/1209/3949 596/596/3950 1210/1210/3951 281/281/3952 
f 597/597/3953 1140/1140/3954 236/236/3955 1212/1212/3956 
f 1180/1180/3957 597/597/3958 1212/1212/3959 271/271/3960 
f 597/597/3961 1180/1180/3962 269/269/3963 1211/1211/3964 
f 1140/1140/3965 597/597/3966 1211/1211/3967 251/251/3968 
f 598/598/3969 1212/1212/3970 236/236/3971 1321/1321/3972 
f 1356/1356/3973 598/598/3974 1321/1321/3975 339/339/3976 
f 598/598/3977 1356/1356/3978 349/349/3979 1183/1183/3980 
f 1212/1212/3981 598/598/3982 1183/1183/3983 271/271/3984 
f 599/599/3985 1173/1173/3986 268/268/3987 1213/1213/3988 
f 1198/1198/3989 599/599/3990 1213/1213/3991 275/275/3992 
f 599/599/3993 1198/1198/3994 251/251/3995 1211/1211/3996 
f 1173/1173/3997 599/599/3998 1211/1211/3999 269/269/4000 
f 600/600/4001 1171/1171/4002 267/267/4003 1215/1215/4004 
f 1214/1214/4005 600/600/4006 1215/1215/4007 282/282/4008 
f 600/600/4009 1214/1214/4010 275/275/4011 1213/1213/4012 
f 1171/1171/4013 600/600/4014 1213/1213/4015 268/268/4016 
f 601/601/4017 1197/1197/4018 275/275/4019 1218/1218/4020 
f 1217/1217/4021 601/601/4022 1218/1218/4023 284/284/4024 
f 601/601/4025 1217/1217/4026 283/283/4027 1216/1216/4028 
f 1197/1197/4029 601/601/4030 1216/1216/4031 274/274/4032 
f 602/602/4033 1200/1200/4034 274/274/4035 1216/1216/4036 
f 1220/1220/4037 602/602/4038 1216/1216/4039 283/283/4040 
f 602/602/4041 1220/1220/4042 285/285/4043 1219/1219/4044 
f 1200/1200/4045 602/602/4046 1219/1219/4047 276/276/4048 
f 603/603/4049 1202/1202/4050 276/276/4051 1219/1219/4052 
f 1222/1222/4053 603/603/4054 1219/1219/4055 285/285/4056 
f 603/603/4057 1222/1222/4058 286/286/4059 1221/1221/4060 
f 1202/1202/4061 603/603/4062 1221/1221/4063 277/277/4064 
f 604/604/4065 1204/1204/4066 277/277/4067 1221/1221/4068 
f 1224/1224/4069 604/604/4070 1221/1221/4071 286/286/4072 
f 604/604/4073 1224/1224/4074 287/287/4075 1223/1223/4076 
f 1204/1204/4077 604/604/4078 1223/1223/4079 278/278/4080 
f 605/605/4081 1206/1206/4082 278/278/4083 1223/1223/4084 
f 1226/1226/4085 605/605/4086 1223/1223/4087 287/287/4088 
f 605/605/4089 1226/1226/4090 288/288/4091 1225/1225/4092 
f 1206/1206/4093 605/605/4094 1225/1225/4095 279/279/4096 
f 606/606/4097 1208/1208/4098 279/279/4099 1225/1225/4100 
f 1228/1228/4101 606/606/4102 1225/1225/4103 288/288/4104 
f 606/606/4105 1228/1228/4106 289/289/4107 1227/1227/4108 
f 1208/1208/4109 606/606/4110 1227/1227/4111 280/280/4112 
f 607/607/4113 1210/1210/4114 280/280/4115 1227/1227/4116 
f 1230/1230/4117 607/607/4118 1227/1227/4119 289/289/4120 
f 607/607/4121 1230/1230/4122 290/290/4123 1229/1229/4124 
f 1210/1210/4125 607/607/4126 1229/1229/4127 281/281/4128 
f 608/608/4129 1231/1231/4130 281/281/4131 1229/1229/4132 
f 1233/1233/4133 608/608/4134 1229/1229/4135 290/290/4136 
f 608/608/4137 1233/1233/4138 291/291/4139 1232/1232/4140 
f 1231/1231/4141 608/608/4142 1232/1232/4143 151/151/4144 
f 609/609/4145 1214/1214/4146 282/282/4147 1235/1235/4148 
f 1234/1234/4149 609/609/4150 1235/1235/4151 292/292/4152 
f 609/609/4153 1234/1234/4154 284/284/4155 1218/1218/4156 
f 1214/1214/4157 609/609/4158 1218/1218/4159 275/275/4160 
f 610/610/4161 1217/1217/4162 284/284/4163 1238/1238/4164 
f 1237/1237/4165 610/610/4166 1238/1238/4167 294/294/4168 
f 610/610/4169 1237/1237/4170 293/293/4171 1236/1236/4172 
f 1217/1217/4173 610/610/4174 1236/1236/4175 283/283/4176 
f 611/611/4177 1220/1220/4178 283/283/4179 1236/1236/4180 
f 1240/1240/4181 611/611/4182 1236/1236/4183 293/293/4184 
f 611/611/4185 1240/1240/4186 295/295/4187 1239/1239/4188 
f 1220/1220/4189 611/611/4190 1239/1239/4191 285/285/4192 
f 612/612/4193 1222/1222/4194 285/285/4195 1239/1239/4196 
f 1242/1242/4197 612/612/4198 1239/1239/4199 295/295/4200 
f 612/612/4201 1242/1242/4202 296/296/4203 1241/1241/4204 
f 1222/1222/4205 612/612/4206 1241/1241/4207 286/286/4208 
f 613/613/4209 1224/1224/4210 286/286/4211 1241/1241/4212 
f 1244/1244/4213 613/613/4214 1241/1241/4215 296/296/4216 
f 613/613/4217 1244/1244/4218 297/297/4219 1243/1243/4220 
f 1224/1224/4221 613/613/4222 1243/1243/4223 287/287/4224 
f 614/614/4225 1226/1226/4226 287/287/4227 1243/1243/4228 
f 1246/1246/4229 614/614/4230 1243/1243/4231 297/297/4232 
f 614/614/4233 1246/1246/4234 298/298/4235 1245/1245/4236 
f 1226/1226/4237 614/614/4238 1245/1245/4239 288/288/4240 
f 615/615/4241 1228/1228/4242 288/288/4243 1245/1245/4244 
f 1248/1248/4245 615/615/4246 1245/1245/4247 298/298/4248 
f 615/615/4249 1248/1248/4250 299/299/4251 1247/1247/4252 
f 1228/1228/4253 615/615/4254 1247/1247/4255 289/289/4256 
f 616/616/4257 1230/1230/4258 289/289/4259 1247/1247/4260 
f 1250/1250/4261 616/616/4262 1247/1247/4263 299/299/4264 
f 616/616/4265 1250/1250/4266 300/300/4267 1249/1249/4268 
f 1230/1230/4269 616/616/4270 1249/1249/4271 290/290/4272 
f 617/617/4273 1233/1233/4274 290/290/4275 1249/1249/4276 
f 1252/1252/4277 617/617/4278 1249/1249/4279 300/300/4280 
f 617/617/4281 1252/1252/4282 323/323/4283 1251/1251/4284 
f 1233/1233/4285 617/617/4286 1251/1251/4287 291/291/4288 
f 618/618/4289 1234/1234/4290 292/292/4291 1254/1254/4292 
f 1253/1253/4293 618/618/4294 1254/1254/4295 301/301/4296 
f 618/618/4297 1253/1253/4298 294/294/4299 1238/1238/4300 
f 1234/1234/4301 618/618/4302 1238/1238/4303 284/284/4304 
f 619/619/4305 1237/1237/4306 294/294/4307 1257/1257/4308 
f 1256/1256/4309 619/619/4310 1257/1257/4311 303/303/4312 
f 619/619/4313 1256/1256/4314 302/302/4315 1255/1255/4316 
f 1237/1237/4317 619/619/4318 1255/1255/4319 293/293/4320 
f 620/620/4321 1240/1240/4322 293/293/4323 1255/1255/4324 
f 1259/1259/4325 620/620/4326 1255/1255/4327 302/302/4328 
f 620/620/4329 1259/1259/4330 304/304/4331 1258/1258/4332 
f 1240/1240/4333 620/620/4334 1258/1258/4335 295/295/4336 
f 621/621/4337 1242/1242/4338 295/295/4339 1258/1258/4340 
f 1261/1261/4341 621/621/4342 1258/1258/4343 304/304/4344 
f 621/621/4345 1261/1261/4346 305/305/4347 1260/1260/4348 
f 1242/1242/4349 621/621/4350 1260/1260/4351 296/296/4352 
f 622/622/4353 1244/1244/4354 296/296/4355 1260/1260/4356 
f 1263/1263/4357 622/622/4358 1260/1260/4359 305/305/4360 
f 622/622/4361 1263/1263/4362 306/306/4363 1262/1262/4364 
f 1244/1244/4365 622/622/4366 1262/1262/4367 297/297/4368 
f 623/623/4369 1246/1246/4370 297/297/4371 1262/1262/4372 
f 1265/1265/4373 623/623/4374 1262/1262/4375 306/306/4376 
f 623/623/4377 1265/1265/4378 307/307/4379 1264/1264/4380 
f 1246/1246/4381 623/623/4382 1264/1264/4383 298/298/4384 
f 624/624/4385 1248/1248/4386 298/298/4387 1264/1264/4388 
f 1267/1267/4389 624/624/4390 1264/1264/4391 307/307/4392 
f 624/624/4393 1267/1267/4394 308/308/4395 1266/1266/4396 
f 1248/1248/4397 624/624/4398 1266/1266/4399 299/299/4400 
f 625/625/4401 1250/1250/4402 299/299/4403 1266/1266/4404 
f 1269/1269/4405 625/625/4406 1266/1266/4407 308/308/4408 
f 625/625/4409 1269/1269/4410 309/309/4411 1268/1268/4412 
f 1250/1250/4413 625/625/4414 1268/1268/4415 300/300/4416 
f 626/626/4417 1252/1252/4418 300/300/4419 1268/1268/4420 
f 1271/1271/4421 626/626/4422 1268/1268/4423 309/309/4424 
f 626/626/4425 1271/1271/4426 310/310/4427 1270/1270/4428 
f 1252/1252/4429 626/626/4430 1270/1270/4431 323/323/4432 
f 627/627/4433 1253/1253/4434 301/301/4435 1273/1273/4436 
f 1272/1272/4437 627/627/4438 1273/1273/4439 311/311/4440 
f 627/627/4441 1272/1272/4442 303/303/4443 1257/1257/4444 
f 1253/1253/4445 627/627/4446 1257/1257/4447 294/294/4448 
f 628/628/4449 1274/1274/4450 312/312/4451 1283/1283/4452 
f 1282/1282/4453 628/628/4454 1283/1283/4455 321/321/4456 
f 628/628/4457 1282/1282/4458 320/320/4459 1281/1281/4460 
f 976/976/4461 628/628/4462 1281/1281/4463 163/163/4464 
f 628/628/4465 976/976/4466 145/145/4467 952/952/4468 
f 944/944/4469 628/628/4470 952/952/4471 137/137/4472 
f 628/628/4473 944/944/4474 138/138/4475 945/945/4476 
f 946/946/4477 628/628/4478 945/945/4479 139/139/4480 
f 628/628/4481 946/946/4482 140/140/4483 947/947/4484 
f 948/948/4485 628/628/4486 947/947/4487 141/141/4488 
f 628/628/4489 948/948/4490 142/142/4491 949/949/4492 
f 950/950/4493 628/628/4494 949/949/4495 143/143/4496 
f 628/628/4497 950/950/4498 144/144/4499 951/951/4500 
f 1280/1280/4501 628/628/4502 951/951/4503 319/319/4504 
f 628/628/4505 1280/1280/4506 318/318/4507 1279/1279/4508 
f 1278/1278/4509 628/628/4510 1279/1279/4511 317/317/4512 
f 628/628/4513 1278/1278/4514 316/316/4515 1277/1277/4516 
f 1276/1276/4517 628/628/4518 1277/1277/4519 315/315/4520 
f 628/628/4521 1276/1276/4522 314/314/4523 1275/1275/4524 
f 1274/1274/4525 628/628/4526 1275/1275/4527 313/313/4528 
f 629/629/4529 1256/1256/4530 303/303/4531 1285/1285/4532 
f 1283/1283/4533 629/629/4534 1285/1285/4535 321/321/4536 
f 629/629/4537 1283/1283/4538 312/312/4539 1284/1284/4540 
f 1256/1256/4541 629/629/4542 1284/1284/4543 302/302/4544 
f 630/630/4545 1259/1259/4546 302/302/4547 1284/1284/4548 
f 1274/1274/4549 630/630/4550 1284/1284/4551 312/312/4552 
f 630/630/4553 1274/1274/4554 313/313/4555 1286/1286/4556 
f 1259/1259/4557 630/630/4558 1286/1286/4559 304/304/4560 
f 631/631/4561 1261/1261/4562 304/304/4563 1286/1286/4564 
f 1275/1275/4565 631/631/4566 1286/1286/4567 313/313/4568 
f 631/631/4569 1275/1275/4570 314/314/4571 1287/1287/4572 
f 1261/1261/4573 631/631/4574 1287/1287/4575 305/305/4576 
f 632/632/4577 1263/1263/4578 305/305/4579 1287/1287/4580 
f 1276/1276/4581 632/632/4582 1287/1287/4583 314/314/4584 
f 632/632/4585 1276/1276/4586 315/315/4587 1288/1288/4588 
f 1263/1263/4589 632/632/4590 1288/1288/4591 306/306/4592 
f 633/633/4593 1265/1265/4594 306/306/4595 1288/1288/4596 
f 1277/1277/4597 633/633/4598 1288/1288/4599 315/315/4600 
f 633/633/4601 1277/1277/4602 316/316/4603 1289/1289/4604 
f 1265/1265/4605 633/633/4606 1289/1289/4607 307/307/4608 
f 634/634/4609 1267/1267/4610 307/307/4611 1289/1289/4612 
f 1278/1278/4613 634/634/4614 1289/1289/4615 316/316/4616 
f 634/634/4617 1278/1278/4618 317/317/4619 1290/1290/4620 
f 1267/1267/4621 634/634/4622 1290/1290/4623 308/308/4624 
f 635/635/4625 1269/1269/4626 308/308/4627 1290/1290/4628 
f 1279/1279/4629 635/635/4630 1290/1290/4631 317/317/4632 
f 635/635/4633 1279/1279/4634 318/318/4635 1291/1291/4636 
f 1269/1269/4637 635/635/4638 1291/1291/4639 309/309/4640 
f 636/636/4641 1271/1271/4642 309/309/4643 1291/1291/4644 
f 1280/1280/4645 636/636/4646 1291/1291/4647 318/318/4648 
f 636/636/4649 1280/1280/4650 319/319/4651 1292/1292/4652 
f 1271/1271/4653 636/636/4654 1292/1292/4655 310/310/4656 
f 637/637/4657 1272/1272/4658 311/311/4659 1293/1293/4660 
f 1282/1282/4661 637/637/4662 1293/1293/4663 320/320/4664 
f 637/637/4665 1282/1282/4666 321/321/4667 1285/1285/4668 
f 1272/1272/4669 637/637/4670 1285/1285/4671 303/303/4672 
f 638/638/4673 1294/1294/4674 149/149/4675 981/981/4676 
f 1066/1066/4677 638/638/4678 981/981/4679 146/146/4680 
f 638/638/4681 1066/1066/4682 179/179/4683 1017/1017/4684 
f 1294/1294/4685 638/638/4686 1017/1017/4687 180/180/4688 
f 639/639/4689 1093/1093/4690 221/1404/4691 1295/1421/4692 
f 998/998/4693 639/639/4694 1295/1421/4695 166/1402/4696 
f 639/639/4697 998/998/4698 164/164/4699 1026/1026/4700 
f 1093/1093/4701 639/639/4702 1026/1026/4703 185/185/4704 
f 640/640/4705 1136/1136/4706 148/148/4707 982/982/4708 
f 1193/1193/4709 640/640/4710 982/982/4711 156/156/4712 
f 640/640/4713 1193/1193/4714 203/203/4715 1191/1191/4716 
f 1136/1136/4717 640/640/4718 1191/1191/4719 247/247/4720 
f 641/641/4721 1192/1192/4722 273/273/4723 1296/1296/4724 
f 1294/1294/4725 641/641/4726 1296/1296/4727 149/149/4728 
f 641/641/4729 1294/1294/4730 180/180/4731 1062/1062/4732 
f 1192/1192/4733 641/641/4734 1062/1062/4735 202/202/4736 
f 642/642/4737 997/997/4738 150/1394/4739 1297/1422/4740 
f 1072/1072/4741 642/642/4742 1297/1422/4743 209/1403/4744 
f 642/642/4745 1072/1072/4746 207/207/4747 1069/1069/4748 
f 997/997/4749 642/642/4750 1069/1069/4751 165/165/4752 
f 643/643/4753 1065/1065/4754 205/205/4755 1298/1298/4756 
f 1099/1099/4757 643/643/4758 1298/1298/4759 225/225/4760 
f 643/643/4761 1099/1099/4762 214/214/4763 1080/1080/4764 
f 1065/1065/4765 643/643/4766 1080/1080/4767 204/204/4768 
f 644/1375/4769 1299/1299/4770 147/147/4771 983/1384/4772 
f 1095/1095/4773 644/644/4774 983/1411/4775 222/1405/4776 
f 644/644/4777 1095/1095/4778 220/220/4779 1112/1112/4780 
f 1299/1299/4781 644/1375/4782 1112/1393/4783 232/232/4784 
f 645/645/4785 1097/1097/4786 224/224/4787 968/968/4788 
f 760/760/4789 645/645/4790 968/968/4791 47/47/4792 
f 645/645/4793 760/760/4794 48/48/4795 761/761/4796 
f 762/762/4797 645/645/4798 761/761/4799 49/49/4800 
f 645/645/4801 762/762/4802 50/50/4803 763/763/4804 
f 764/764/4805 645/645/4806 763/763/4807 51/51/4808 
f 645/645/4809 764/764/4810 52/52/4811 765/765/4812 
f 766/766/4813 645/645/4814 765/765/4815 53/53/4816 
f 645/645/4817 766/766/4818 54/54/4819 767/767/4820 
f 1299/1299/4821 645/645/4822 767/767/4823 147/147/4824 
f 645/645/4825 1299/1299/4826 232/232/4827 1113/1113/4828 
f 1111/1111/4829 645/645/4830 1113/1113/4831 231/231/4832 
f 645/645/4833 1111/1111/4834 230/230/4835 1109/1109/4836 
f 1107/1107/4837 645/645/4838 1109/1109/4839 229/229/4840 
f 645/645/4841 1107/1107/4842 228/228/4843 1105/1105/4844 
f 1103/1103/4845 645/645/4846 1105/1105/4847 227/227/4848 
f 645/645/4849 1103/1103/4850 226/226/4851 1101/1101/4852 
f 1097/1097/4853 645/645/4854 1101/1101/4855 223/223/4856 
f 646/646/4857 1175/1175/4858 270/1406/4859 1319/1424/4860 
f 1357/1357/4861 646/646/4862 1319/1424/4863 337/1408/4864 
f 646/646/4865 1357/1357/4866 347/347/4867 1329/1329/4868 
f 1175/1175/4869 646/646/4870 1329/1329/4871 258/258/4872 
f 647/647/4873 1300/1300/4874 152/1395/4875 985/1413/4876 
f 1169/1169/4877 647/647/4878 985/1413/4879 154/1397/4880 
f 647/647/4881 1169/1169/4882 265/265/4883 1164/1164/4884 
f 1300/1300/4885 647/647/4886 1164/1164/4887 261/261/4888 
f 648/648/4889 1231/1231/4890 151/151/4891 988/988/4892 
f 1154/1154/4893 648/648/4894 988/988/4895 157/157/4896 
f 648/648/4897 1154/1154/4898 257/257/4899 1209/1209/4900 
f 1231/1231/4901 648/648/4902 1209/1209/4903 281/281/4904 
f 649/649/4905 1168/1168/4906 153/1396/4907 989/1415/4908 
f 1301/1301/4909 649/649/4910 989/1415/4911 158/1399/4912 
f 649/649/4913 1301/1301/4914 282/282/4915 1215/1215/4916 
f 1168/1168/4917 649/649/4918 1215/1215/4919 267/267/4920 
f 650/650/4921 1301/1301/4922 158/1399/4923 991/1416/4924 
f 1302/1302/4925 650/650/4926 991/1416/4927 322/1407/4928 
f 650/650/4929 1302/1302/4930 292/292/4931 1235/1235/4932 
f 1301/1301/4933 650/650/4934 1235/1235/4935 282/282/4936 
f 651/651/4937 1302/1302/4938 322/1407/4939 1304/1423/4940 
f 1303/1303/4941 651/651/4942 1304/1423/4943 161/1400/4944 
f 651/651/4945 1303/1303/4946 301/301/4947 1254/1254/4948 
f 1302/1302/4949 651/651/4950 1254/1254/4951 292/292/4952 
f 652/652/4953 1303/1303/4954 161/1400/4955 994/1417/4956 
f 1305/1305/4957 652/652/4958 994/1417/4959 162/1401/4960 
f 652/652/4961 1305/1305/4962 311/311/4963 1273/1273/4964 
f 1303/1303/4965 652/652/4966 1273/1273/4967 301/301/4968 
f 653/653/4969 1305/1305/4970 162/1401/4971 995/1418/4972 
f 1281/1281/4973 653/653/4974 995/1418/4975 163/163/4976 
f 653/653/4977 1281/1281/4978 320/320/4979 1293/1293/4980 
f 1305/1305/4981 653/653/4982 1293/1293/4983 311/311/4984 
f 654/654/4985 1332/1332/4986 325/325/4987 1307/1307/4988 
f 800/800/4989 654/654/4990 1307/1307/4991 64/64/4992 
f 654/654/4993 800/800/4994 63/63/4995 792/792/4996 
f 1332/1332/4997 654/654/4998 792/792/4999 324/324/5000 
f 655/655/5001 1333/1333/5002 326/326/5003 1308/1308/5004 
f 801/801/5005 655/655/5006 1308/1308/5007 65/65/5008 
f 655/655/5009 801/801/5010 64/64/5011 1307/1307/5012 
f 1333/1333/5013 655/655/5014 1307/1307/5015 325/325/5016 
f 656/656/5017 1334/1334/5018 327/327/5019 1309/1309/5020 
f 802/802/5021 656/656/5022 1309/1309/5023 66/66/5024 
f 656/656/5025 802/802/5026 65/65/5027 1308/1308/5028 
f 1334/1334/5029 656/656/5030 1308/1308/5031 326/326/5032 
f 657/657/5033 1335/1335/5034 328/328/5035 1310/1310/5036 
f 803/803/5037 657/657/5038 1310/1310/5039 67/67/5040 
f 657/657/5041 803/803/5042 66/66/5043 1309/1309/5044 
f 1335/1335/5045 657/657/5046 1309/1309/5047 327/327/5048 
f 658/658/5049 1336/1336/5050 329/329/5051 1311/1311/5052 
f 804/804/5053 658/658/5054 1311/1311/5055 68/68/5056 
f 658/658/5057 804/804/5058 67/67/5059 1310/1310/5060 
f 1336/1336/5061 658/658/5062 1310/1310/5063 328/328/5064 
f 659/659/5065 1337/1337/5066 330/330/5067 1312/1312/5068 
f 805/805/5069 659/659/5070 1312/1312/5071 69/69/5072 
f 659/659/5073 805/805/5074 68/68/5075 1311/1311/5076 
f 1337/1337/5077 659/659/5078 1311/1311/5079 329/329/5080 
f 660/660/5081 1338/1338/5082 331/331/5083 1313/1313/5084 
f 806/806/5085 660/660/5086 1313/1313/5087 70/70/5088 
f 660/660/5089 806/806/5090 69/69/5091 1312/1312/5092 
f 1338/1338/5093 660/660/5094 1312/1312/5095 330/330/5096 
f 661/661/5097 1339/1339/5098 336/336/5099 1318/1318/5100 
f 970/970/5101 661/661/5102 1318/1318/5103 249/249/5104 
f 661/661/5105 970/970/5106 70/70/5107 1313/1313/5108 
f 1339/1339/5109 661/661/5110 1313/1313/5111 331/331/5112 
f 662/662/5113 1340/1340/5114 333/333/5115 1315/1315/5116 
f 826/826/5117 662/662/5118 1315/1315/5119 79/79/5120 
f 662/662/5121 826/826/5122 78/78/5123 1314/1314/5124 
f 1340/1340/5125 662/662/5126 1314/1314/5127 332/332/5128 
f 663/663/5129 1341/1341/5130 334/334/5131 1316/1316/5132 
f 827/827/5133 663/663/5134 1316/1316/5135 80/80/5136 
f 663/663/5137 827/827/5138 79/79/5139 1315/1315/5140 
f 1341/1341/5141 663/663/5142 1315/1315/5143 333/333/5144 
f 664/664/5145 1342/1342/5146 335/335/5147 1317/1317/5148 
f 846/846/5149 664/664/5150 1317/1317/5151 90/90/5152 
f 664/664/5153 846/846/5154 80/80/5155 1316/1316/5156 
f 1342/1342/5157 664/664/5158 1316/1316/5159 334/334/5160 
f 665/665/5161 1343/1343/5162 335/335/5163 850/850/5164 
f 868/868/5165 665/665/5166 850/850/5167 91/91/5168 
f 665/665/5169 868/868/5170 9/9/5171 1306/1306/5172 
f 1343/1343/5173 665/665/5174 1306/1306/5175 324/324/5176 
f 666/666/5177 1344/1344/5178 332/332/5179 1314/1314/5180 
f 825/825/5181 666/666/5182 1314/1314/5183 78/78/5184 
f 666/666/5185 825/825/5186 152/152/5187 984/984/5188 
f 1344/1344/5189 666/666/5190 984/984/5191 337/337/5192 
f 667/667/5193 1345/1345/5194 339/339/5195 1321/1321/5196 
f 1116/1116/5197 667/667/5198 1321/1321/5199 236/236/5200 
f 667/667/5201 1116/1116/5202 235/235/5203 1115/1115/5204 
f 1345/1345/5205 667/667/5206 1115/1115/5207 338/338/5208 
f 668/668/5209 1346/1346/5210 338/338/5211 1115/1115/5212 
f 1120/1120/5213 668/668/5214 1115/1115/5215 235/235/5216 
f 668/668/5217 1120/1120/5218 238/238/5219 1119/1119/5220 
f 1346/1346/5221 668/668/5222 1119/1119/5223 340/340/5224 
f 669/669/5225 1347/1347/5226 340/340/5227 1119/1119/5228 
f 1123/1123/5229 669/669/5230 1119/1119/5231 238/238/5232 
f 669/669/5233 1123/1123/5234 240/240/5235 1122/1122/5236 
f 1347/1347/5237 669/669/5238 1122/1122/5239 341/341/5240 
f 670/670/5241 1348/1348/5242 341/341/5243 1122/1122/5244 
f 1126/1126/5245 670/670/5246 1122/1122/5247 240/240/5248 
f 670/670/5249 1126/1126/5250 242/242/5251 1125/1125/5252 
f 1348/1348/5253 670/670/5254 1125/1125/5255 342/342/5256 
f 671/671/5257 1349/1349/5258 342/342/5259 1125/1125/5260 
f 1129/1129/5261 671/671/5262 1125/1125/5263 242/242/5264 
f 671/671/5265 1129/1129/5266 244/244/5267 1128/1128/5268 
f 1349/1349/5269 671/671/5270 1128/1128/5271 343/343/5272 
f 672/672/5273 1350/1350/5274 343/343/5275 1128/1128/5276 
f 1132/1132/5277 672/672/5278 1128/1128/5279 244/244/5280 
f 672/672/5281 1132/1132/5282 246/246/5283 1131/1131/5284 
f 1350/1350/5285 672/672/5286 1131/1131/5287 344/344/5288 
f 673/673/5289 1351/1351/5290 344/344/5291 1131/1131/5292 
f 1135/1135/5293 673/673/5294 1131/1131/5295 246/246/5296 
f 673/673/5297 1135/1135/5298 248/248/5299 1134/1134/5300 
f 1351/1351/5301 673/673/5302 1134/1134/5303 345/345/5304 
f 674/674/5305 1352/1352/5306 345/345/5307 1134/1134/5308 
f 1137/1137/5309 674/674/5310 1134/1134/5311 248/248/5312 
f 674/674/5313 1137/1137/5314 249/249/5315 1318/1318/5316 
f 1352/1352/5317 674/674/5318 1318/1318/5319 336/336/5320 
f 675/675/5321 1353/1353/5322 347/347/5323 1158/1158/5324 
f 1157/1157/5325 675/675/5326 1158/1158/5327 261/261/5328 
f 675/675/5329 1157/1157/5330 260/260/5331 1156/1156/5332 
f 1353/1353/5333 675/675/5334 1156/1156/5335 346/346/5336 
f 676/676/5337 1354/1354/5338 346/346/5339 1156/1156/5340 
f 1161/1161/5341 676/676/5342 1156/1156/5343 260/260/5344 
f 676/676/5345 1161/1161/5346 263/263/5347 1160/1160/5348 
f 1354/1354/5349 676/676/5350 1160/1160/5351 348/348/5352 
f 677/677/5353 1355/1355/5354 348/348/5355 1160/1160/5356 
f 1179/1179/5357 677/677/5358 1160/1160/5359 263/263/5360 
f 677/677/5361 1179/1179/5362 271/271/5363 1183/1183/5364 
f 1355/1355/5365 677/677/5366 1183/1183/5367 349/349/5368 
f 678/678/5369 1356/1356/5370 339/339/5371 1117/1117/5372 
f 1195/1195/5373 678/678/5374 1117/1117/5375 233/233/5376 
f 678/678/5377 1195/1195/5378 272/272/5379 1331/1331/5380 
f 1356/1356/5381 678/678/5382 1331/1331/5383 349/349/5384 
f 679/679/5385 1357/1357/5386 337/1408/5387 984/1412/5388 
f 1300/1300/5389 679/679/5390 984/1412/5391 152/1395/5392 
f 679/679/5393 1300/1300/5394 261/261/5395 1158/1158/5396 
f 1357/1357/5397 679/679/5398 1158/1158/5399 347/347/5400 
# 1350 polygons

