# 3ds Max Wavefront OBJ Exporter v0.99 - (c)2007 guruware
# ´´½¨µÄÎÄ¼ş:08.10.2026 12:07:18

mtllib teaset.mtl

#
# object Obj3d66_1048808_7_648
#

v  -55.9043 -29.3015 3.0552
v  -43.2921 -44.3176 3.0552
v  -26.2871 -54.1366 3.0005
v  -6.9486 -57.5551 2.5778
v  12.3971 -54.1578 1.8947
v  29.4148 -44.3432 1.4408
v  42.0446 -29.2932 1.3809
v  49.3041 -10.6093 1.2884
v  -42.3999 -19.7915 100.0723
v  -31.9060 -30.6991 99.4230
v  -20.2402 -37.5233 97.6805
v  -6.9564 -39.8469 94.3487
v  6.2705 -37.3701 93.3135
v  17.7893 -30.5177 93.3823
v  26.2037 -20.1602 93.7872
v  31.0912 -7.4709 94.1010
v  -55.5986 -29.0584 25.6718
v  -54.6823 -27.3735 53.5687
v  -48.7428 -29.5684 79.8883
v  -43.0400 -44.0049 25.7336
v  -40.8979 -41.4985 51.5457
v  -36.8628 -37.2650 77.3798
v  -26.1510 -53.7685 25.3961
v  -25.0085 -50.6239 51.3934
v  -22.9071 -44.8492 76.8864
v  -6.9432 -57.2068 22.8599
v  -6.9559 -53.7969 51.0128
v  -6.9933 -47.5429 76.6567
v  12.3077 -53.8959 18.7610
v  11.0470 -50.4919 50.6243
v  8.5785 -43.9297 78.2346
v  29.2691 -44.1661 16.0376
v  26.7712 -41.2220 50.5316
v  21.5957 -35.2020 80.3605
v  41.8512 -29.1816 15.6785
v  38.3058 -27.1478 50.9032
v  30.4470 -22.6762 82.9454
v  48.7310 -12.8016 15.3411
v  45.2880 -9.2534 51.2526
v  35.5372 -9.9518 83.9122
v  -86.2389 -21.2554 88.7901
v  -84.3440 -24.2772 93.3819
v  -83.1226 -22.3292 98.3842
v  -71.5528 -22.3999 77.4391
v  -67.5794 -26.3904 87.0955
v  -65.9696 -20.3806 96.0757
v  37.4677 -8.8977 -2.2799
v  32.1108 -23.5792 -2.2799
v  22.0432 -35.5773 -2.2799
v  8.4790 -43.4085 -2.2799
v  -6.9455 -46.1283 -2.2799
v  -22.3700 -43.4085 -2.2799
v  -35.9341 -35.5773 -2.2799
v  -45.9893 -23.6134 -2.2799
v  45.8874 -10.3504 -1.2825
v  39.5145 -27.8325 -1.2825
v  27.5373 -42.1063 -1.2825
v  11.4005 -51.4229 -1.2825
v  -6.9497 -54.6585 -1.2825
v  -25.2998 -51.4229 -1.2825
v  -41.4366 -42.1063 -1.2825
v  -53.4044 -27.8582 -1.2825
v  -37.8358 -17.8834 100.0391
v  -29.9741 -28.2791 100.2621
v  -19.2041 -34.6851 98.5597
v  -6.9458 -36.8466 95.1860
v  5.3125 -34.6851 93.8561
v  16.0923 -28.4614 93.5636
v  24.0934 -18.9262 93.5371
v  28.3507 -7.2568 93.5371
v  -37.5608 -17.7344 84.2061
v  -29.7700 -28.0379 84.2061
v  -19.0952 -34.3873 84.2061
v  -6.9452 -36.5296 84.2061
v  5.2047 -34.3873 84.2061
v  15.8892 -28.2186 84.2061
v  23.8195 -18.7676 84.2061
v  28.0391 -7.2017 84.2061
v  30.5176 5.3811 94.6712
v  -62.2783 -10.9813 25.0849
v  45.0493 7.9434 51.4905
v  51.1026 -4.2945 6.3883
v  -62.2984 -10.9849 47.6486
v  -74.8834 -13.2040 74.6831
v  -59.7212 -10.5305 -1.2825
v  -41.6087 -7.5734 100.2955
v  28.3600 5.0006 93.5371
v  28.0485 4.9457 84.2061
v  -62.1842 8.2901 25.6718
v  -60.7468 7.0202 53.5687
v  -55.4949 26.6306 25.7336
v  -52.6248 25.0079 51.5457
v  -42.9638 41.5817 25.3961
v  -40.8147 39.0175 51.3934
v  -26.0903 51.3821 22.8599
v  -24.9360 48.1735 51.0128
v  -6.8680 54.8551 18.7610
v  -6.8884 51.2252 50.6243
v  12.3982 51.5132 16.0376
v  11.0579 47.8923 50.5316
v  29.3466 41.7357 15.6785
v  26.7106 38.6119 50.9032
v  41.4138 28.6965 15.3411
v  39.3920 24.1847 51.2526
v  32.1649 21.1759 -2.2799
v  22.1097 33.1397 -2.2799
v  8.5456 40.9709 -2.2799
v  -6.8789 43.6907 -2.2799
v  -22.3034 40.9709 -2.2799
v  -35.8676 33.1397 -2.2799
v  -45.9352 21.1415 -2.2799
v  -51.2921 6.4601 -2.2799
v  -51.3046 -9.0464 -2.2799
v  37.4802 6.6088 -2.2799
v  -47.3851 22.4098 77.3798
v  -40.4816 17.9352 99.4230
v  -46.6044 4.0535 100.0723
v  -55.9162 11.1142 79.8883
v  -62.5546 8.4140 3.0552
v  -55.8388 26.8381 3.0552
v  -36.8650 34.3097 76.8864
v  -31.8533 28.3378 97.6805
v  -43.2176 41.8810 3.0005
v  -22.8322 42.2838 76.6567
v  -20.1653 35.0647 94.3487
v  -26.2145 51.7075 2.5778
v  -6.9637 44.2145 78.2346
v  -6.8890 37.2611 93.3135
v  -6.8736 55.1318 1.8947
v  8.2535 40.4653 80.3605
v  6.2788 34.7616 93.3823
v  12.4746 51.7294 1.4408
v  20.8551 31.7221 82.9454
v  17.7283 27.9066 93.7872
v  29.4901 41.9067 1.3809
v  29.9903 21.5061 83.9122
v  26.6610 17.6541 94.1010
v  42.7021 26.8325 1.2884
v  48.8567 8.6148 0.1565
v  -72.5299 1.6853 87.0955
v  -74.8988 -3.4235 77.4391
v  -68.9600 -3.4210 96.0757
v  -46.6265 -8.4286 101.9179
v  -67.3976 -11.9136 98.1442
v  -88.3079 -9.5219 88.7901
v  -87.6386 -15.4530 87.5553
v  -87.5607 -6.0342 93.3819
v  -85.7467 -7.4470 98.3842
v  27.6122 39.6687 -1.2825
v  39.5800 25.4206 -1.2825
v  11.4754 48.9853 -1.2825
v  -6.8747 52.2209 -1.2825
v  -25.2249 48.9853 -1.2825
v  -41.3617 39.6687 -1.2825
v  -53.3389 25.3948 -1.2825
v  -59.7118 7.9127 -1.2825
v  -62.5639 -11.0317 3.0552
v  45.8968 8.0928 -1.2825
v  -37.8385 16.3219 100.2621
v  -41.6570 3.7878 100.0391
v  -29.9090 26.0252 98.5597
v  -19.1292 32.2489 95.1860
v  -6.8709 34.4104 93.8561
v  5.3874 32.2489 93.5636
v  16.1672 26.0252 93.5371
v  24.1589 16.5156 93.5371
v  -37.5642 16.1651 84.2061
v  -41.3476 3.7418 84.2061
v  -29.7048 25.7825 84.2061
v  -19.0203 31.9512 84.2061
v  -6.8703 34.0936 84.2061
v  5.2796 31.9512 84.2061
v  15.9641 25.7825 84.2061
v  23.8851 16.3573 84.2061
v  34.5200 -3.1683 92.3772
v  -83.7223 -14.7625 99.3109
v  -41.2934 -7.5178 84.2061
v  -86.3912 -19.9184 90.1462
v  -84.6652 -22.2151 93.1376
v  -83.3995 -20.6810 96.4044
v  -87.9936 -10.8303 90.1462
v  -87.5371 -15.4352 89.3412
v  -87.1573 -8.0819 93.1376
v  -85.4432 -9.0906 96.4044
v  -83.7104 -14.7604 97.0044
v  -69.2024 -16.6665 80.8386
v  -68.7786 -19.0701 85.0881
v  -68.9922 -17.8587 89.7290
v  -70.7293 -8.0072 80.8386
v  -69.9659 -12.3369 79.6951
v  -71.1531 -5.6037 85.0881
v  -70.9395 -6.8151 89.7290
v  -69.9659 -12.3369 90.5813
v  -82.9880 -19.0973 88.4712
v  -81.5390 -21.3201 91.5027
v  -80.5603 -19.8984 94.8133
v  -84.5149 -10.4380 88.4712
v  -84.0273 -14.8163 87.6555
v  -83.9135 -7.8537 91.5027
v  -82.5075 -8.8548 94.8133
v  -80.9650 -14.2763 95.4213
v  -83.5506 -21.5667 86.8456
v  -81.2690 -24.9229 92.2861
v  -80.0968 -22.1624 98.0281
v  -85.3159 -15.0435 85.3940
v  -85.8882 -8.3099 86.8456
v  -84.8921 -4.3758 92.2861
v  -82.8464 -6.5689 98.0281
v  -80.8941 -14.2638 99.2106
v  49.9812 8.8130 2.8811
v  46.5519 21.5137 6.3883
v  45.6214 23.7594 13.3583
v  46.7135 16.7392 24.1023
v  48.7222 8.5910 26.3182
v  49.6214 0.2473 24.1023
v  50.9963 -6.7231 13.3583
v  37.1599 -5.1257 87.3568
v  40.1577 0.0500 78.3622
v  40.3239 7.1102 76.5803
v  37.7529 13.6878 78.3622
v  33.1658 17.5260 87.3568
v  31.3546 14.7838 92.3772
v  33.0234 5.8229 93.2550
v  67.5568 4.0834 12.5862
v  66.5821 11.7402 10.7255
v  64.8792 19.2686 12.5862
v  64.1674 20.6394 15.5069
v  64.4571 15.9064 19.3715
v  65.1486 11.4875 20.2723
v  66.0101 7.0985 19.3715
v  67.3567 2.5519 15.5069
v  52.0027 2.6675 90.0917
v  52.2231 1.0200 87.1157
v  51.4567 4.8445 82.6506
v  50.7554 8.9495 81.6622
v  50.0105 13.0469 82.6506
v  49.4225 16.9029 87.1157
v  49.7788 15.2793 90.0917
v  50.9418 8.9824 90.6944
v  70.2574 5.8863 81.4973
v  68.5522 3.8993 79.4730
v  64.8838 7.2121 76.4356
v  63.4986 11.1965 75.7633
v  63.4375 15.4144 76.4356
v  65.7516 19.7821 79.4730
v  68.0336 18.4982 81.4973
v  69.5493 12.2634 81.9074
v  83.5604 8.0661 63.4230
v  80.8833 5.9315 63.1499
v  75.8181 9.1011 62.7403
v  74.1145 13.0684 62.6496
v  74.3585 17.3791 62.7403
v  78.0341 22.0899 63.1499
v  81.2799 20.9997 63.4230
v  83.1985 14.6701 63.4783
v  87.3407 7.7377 31.2981
v  84.7549 5.7617 31.7154
v  80.1217 9.6258 32.2674
v  78.4651 13.8355 32.3961
v  78.5819 18.3580 32.2674
v  81.6141 23.5736 31.7154
v  84.7199 22.6012 31.2981
v  87.6780 15.4600 31.0323
v  54.6336 1.0912 9.5885
v  53.9170 9.5070 7.2197
v  51.7120 17.6604 9.5885
v  51.1050 19.1860 13.3069
v  52.1085 14.1429 18.2268
v  53.2591 9.3910 19.3736
v  53.8031 4.5322 18.2268
v  54.5850 -0.5500 13.3069
v  38.9819 0.0217 91.1059
v  40.7476 -1.4441 87.8497
v  42.3196 3.0058 82.9641
v  42.3654 7.4702 81.8826
v  40.7954 11.6496 82.9641
v  37.7963 15.2935 87.8497
v  36.6384 13.3122 91.1059
v  37.7851 6.6625 91.7654
v  27.0562 4.1788 105.5936
v  22.9588 15.4364 105.5936
v  15.2581 24.6137 105.5936
v  4.8831 30.6037 105.5936
v  -6.9150 32.6840 105.5936
v  -18.7131 30.6037 105.5936
v  -29.0827 24.6198 105.5936
v  -36.6605 15.4199 105.5936
v  -36.3743 -18.5588 105.5936
v  -28.5178 -27.9852 105.5936
v  -18.6262 -34.1949 105.5936
v  -6.9150 -36.3065 105.5936
v  4.8831 -34.2262 105.5936
v  15.2581 -28.2362 105.5936
v  22.9588 -19.0589 105.5936
v  27.0562 -7.8013 105.5936
v  -40.2708 3.9536 105.5936
v  -40.5363 -7.2498 105.5936
v  27.8970 4.3228 93.7116
v  23.7059 15.8642 93.7116
v  15.8193 25.2792 93.7116
v  5.1820 31.4276 93.7116
v  -6.9145 33.5626 93.7116
v  -19.0118 31.4226 93.7116
v  -29.6301 25.2749 93.7116
v  -37.3311 15.7943 93.7116
v  -37.1153 -18.9889 93.7116
v  -29.0905 -28.6688 93.7116
v  -18.9205 -35.0317 93.7116
v  -6.8990 -37.1761 93.7116
v  5.1866 -34.9951 93.7116
v  15.8086 -28.8987 93.7116
v  23.6979 -19.4974 93.7116
v  27.9030 -7.9563 93.7116
v  -40.9746 4.0402 93.7116
v  -41.2966 -7.3237 93.7116
v  28.1333 4.3687 97.2485
v  23.9066 15.9845 97.2485
v  15.9619 25.4546 97.2485
v  5.2566 31.6362 97.2485
v  -6.9170 33.7829 97.2485
v  -19.0907 31.6355 97.2485
v  -29.7910 25.4558 97.2485
v  -37.6069 15.9320 97.2485
v  -37.2913 -19.0594 97.2486
v  -29.1794 -28.7885 97.2485
v  -18.9958 -35.2227 97.2485
v  -6.9151 -37.4040 97.2485
v  5.2572 -35.2515 97.2485
v  15.9606 -29.0765 97.2485
v  23.9056 -19.6081 97.2485
v  28.1340 -7.9923 97.2485
v  -41.2782 4.1013 97.2488
v  -41.5512 -7.3360 97.2484
v  13.2595 1.7419 110.8821
v  10.8293 8.4190 110.8821
v  6.2618 13.8623 110.8821
v  0.1081 17.4151 110.8821
v  -6.8896 18.6490 110.8821
v  -13.8873 17.4151 110.8821
v  -19.9971 13.9146 110.8821
v  -24.4839 8.5557 110.8821
v  -26.9115 1.7048 110.8821
v  -26.9811 -5.3441 110.8821
v  -24.4256 -12.0054 110.8821
v  -19.7938 -17.4795 110.8821
v  -13.8354 -21.0462 110.8821
v  -6.8896 -22.2709 110.8821
v  0.1081 -21.0370 110.8821
v  6.2618 -17.4842 110.8821
v  10.8293 -12.0409 110.8821
v  13.2595 -5.3638 110.8821
v  -58.7512 -19.7793 36.9837
v  -48.9987 -36.1150 38.7393
v  -34.3571 -48.4774 38.5861
v  -16.4682 -55.0070 37.7116
v  2.5862 -55.0545 35.3208
v  20.5207 -48.5793 32.8467
v  35.1479 -36.3304 31.8890
v  44.6907 -19.8019 31.8890
v  -39.2954 -29.4216 90.4836
v  -45.1545 -34.5330 65.1052
v  -50.4249 -37.4864 12.8620
v  -28.2137 -37.8367 89.5457
v  -31.9863 -44.3710 64.3101
v  -35.3261 -50.1558 12.8620
v  -14.3346 -42.8883 87.9042
v  -15.6448 -50.3189 64.3101
v  -16.8047 -56.9156 11.9875
v  0.3188 -42.5682 87.1195
v  1.6290 -49.9988 64.9828
v  2.9227 -56.9632 9.5967
v  13.7521 -36.9854 88.1055
v  17.5247 -43.5197 66.3338
v  21.4897 -50.2577 7.1227
v  24.1211 -27.1985 89.7607
v  29.9010 -32.0485 68.0497
v  36.6326 -37.5762 6.1650
v  30.7443 -14.7258 90.7982
v  37.8345 -17.3065 69.0872
v  46.5119 -20.4648 6.1650
v  50.4986 -9.2242 7.8284
v  -60.4177 -27.1310 74.4825
v  -55.6935 -24.4398 91.3459
v  -55.1544 -14.8593 99.6130
v  -79.9836 -18.2455 82.2483
v  -77.0314 -24.4223 86.5306
v  -74.7957 -24.2347 93.8599
v  45.0468 -19.9316 -0.6412
v  35.4383 -36.5741 -0.6412
v  20.7171 -48.9266 -0.6412
v  2.6589 -55.4992 -0.6412
v  -16.5582 -55.4992 -0.6412
v  -34.6164 -48.9266 -0.6412
v  -49.3376 -36.5740 -0.6412
v  -58.9087 -20.0344 -0.6412
v  45.0086 -1.1159 -1.9237
v  41.8751 -18.7772 -1.9237
v  32.8527 -34.4045 -1.9237
v  19.0295 -46.0035 -1.9237
v  2.0728 -52.1753 -1.9237
v  -15.9721 -52.1752 -1.9237
v  -32.9288 -46.0035 -1.9237
v  -46.7520 -34.4045 -1.9237
v  -35.0880 -23.9039 102.5116
v  -25.3411 -32.8646 101.9194
v  -13.3355 -37.2343 98.6363
v  -0.5594 -37.2343 95.7215
v  11.4462 -32.8647 94.9914
v  21.2332 -24.6524 94.8701
v  27.6213 -13.5880 94.8701
v  29.8398 -1.1155 94.8701
v  -34.1163 -23.1147 93.3588
v  -24.7052 -31.7667 93.0627
v  -13.1132 -35.9858 91.4212
v  -0.7773 -35.9858 89.9638
v  10.8147 -31.7667 89.5988
v  20.2646 -23.8373 89.5381
v  26.4326 -13.1541 89.5381
v  28.5747 -1.1151 89.5381
v  47.6919 1.9002 37.2776
v  -60.2425 -20.5199 12.8620
v  32.3675 -0.1548 94.0072
v  42.8501 1.4471 65.7412
v  -65.8115 -18.5177 63.0424
v  -82.5900 -18.9917 99.4930
v  48.3839 -1.1159 -0.6412
v  -55.7370 -18.8800 -1.9237
v  -41.1207 -13.0442 102.4385
v  -39.9201 -12.6345 93.3222
v  -61.9730 -1.5077 36.9837
v  -58.3958 17.1785 38.7393
v  -48.8654 33.8030 38.5861
v  -34.2885 46.0572 37.7116
v  -16.3996 52.6189 35.3208
v  2.6680 52.6681 32.8467
v  20.6025 46.1607 31.8890
v  35.2228 33.8928 31.8890
v  -6.9122 -1.2188 -2.5649
v  -46.9884 14.2074 90.4836
v  -54.2424 17.0066 65.1052
v  -60.2050 17.9794 12.8620
v  -39.4531 25.9052 89.5457
v  -45.2330 30.7552 64.3101
v  -50.3500 35.0488 12.8620
v  -28.1388 35.3991 87.9042
v  -31.9113 41.9334 64.3101
v  -35.2575 47.7356 11.9875
v  -14.2596 40.1101 87.1195
v  -15.5699 47.5406 64.9828
v  -16.7361 54.5275 9.5967
v  0.2730 39.4584 88.1055
v  1.5832 46.8889 66.3338
v  3.0045 54.5767 7.1227
v  13.3640 33.8082 89.7607
v  17.1365 40.3425 68.0497
v  21.5715 47.8392 6.1650
v  23.8537 24.3530 90.7982
v  29.6336 29.2029 69.0872
v  36.7075 35.1386 6.1650
v  47.3054 17.0872 1.9315
v  -66.0534 4.8307 74.4825
v  -60.6937 3.9176 91.3459
v  -56.8834 -5.0538 99.6130
v  -81.4003 -10.2108 82.2483
v  -80.7388 -3.3968 86.5305
v  -78.5737 -2.8085 93.8599
v  35.5132 34.1365 -0.6412
v  20.7920 46.4890 -0.6412
v  2.7338 53.0616 -0.6412
v  -16.4833 53.0616 -0.6412
v  -34.5415 46.4889 -0.6412
v  -49.2626 34.1364 -0.6412
v  -58.8712 17.4939 -0.6412
v  -62.2082 -1.3217 -0.6412
v  41.9126 16.4425 -1.9237
v  32.9276 31.9669 -1.9237
v  19.1044 43.5659 -1.9237
v  2.1477 49.7377 -1.9237
v  -15.8972 49.7376 -1.9237
v  -32.8539 43.5659 -1.9237
v  -46.6771 31.9669 -1.9237
v  -55.6995 16.3395 -1.9237
v  -41.1475 10.4615 102.5116
v  -35.0532 22.2155 101.9194
v  -25.2661 30.4278 98.6363
v  -13.2606 34.7975 95.7215
v  -0.4845 34.7975 94.9914
v  11.5211 30.4278 94.8701
v  21.3082 22.2155 94.8701
v  27.6587 11.2541 94.8701
v  -39.9645 10.0522 93.3588
v  -34.0801 21.4013 93.0627
v  -24.6303 29.3306 91.4212
v  -13.0383 33.5498 89.9638
v  -0.7024 33.5498 89.5988
v  10.8896 29.3307 89.5381
v  20.3395 21.4013 89.5381
v  26.4700 10.8210 89.5381
v  45.4656 14.5260 37.2776
v  -63.6277 -1.3217 12.8620
v  30.0348 18.0525 90.7163
v  35.0132 19.1767 76.7451
v  -68.1760 -5.1079 63.0424
v  -84.1047 -10.4010 99.4930
v  45.0843 17.5969 -0.6412
v  -58.8330 -1.3217 -1.9237
v  -43.0482 -2.1126 102.4385
v  -41.7800 -2.0869 93.3222
v  -87.2409 -18.2087 88.7832
v  -85.6366 -22.3653 91.2284
v  -83.9410 -23.0480 95.6491
v  -83.4662 -18.5248 98.1535
v  -88.2074 -12.7276 88.7832
v  -88.1215 -8.2730 91.2284
v  -86.7616 -7.0514 95.6491
v  -84.7684 -11.1395 98.1535
v  -86.2997 -17.5756 89.3560
v  -84.8695 -21.0290 91.1726
v  -83.2894 -21.5698 94.4567
v  -82.7601 -17.7709 96.3172
v  -87.1064 -13.0006 89.3560
v  -86.9436 -9.2663 91.1726
v  -85.6438 -8.2177 94.4567
v  -83.8470 -11.6064 96.3172
v  -77.4206 -16.0099 84.3510
v  -76.4129 -19.5379 86.6695
v  -75.5967 -20.2134 90.8612
v  -75.6844 -16.5233 93.2358
v  -78.2273 -11.4350 84.3510
v  -78.4870 -7.7752 86.6696
v  -77.9511 -6.8612 90.8612
v  -76.7713 -10.3588 93.2359
v  -86.5086 -18.6239 87.1450
v  -84.6676 -23.6112 90.3813
v  -82.8976 -24.3579 96.1945
v  -74.9044 -17.5565 98.0689
v  -87.6612 -12.0870 87.1450
v  -87.6371 -6.7708 90.3813
v  -86.2292 -5.4637 96.1945
v  -76.3918 -9.1211 98.0689
v  34.3978 -6.6913 90.7163
v  40.7608 13.2958 65.7412
v  30.3626 11.2158 94.0072
v  39.4605 -6.0450 76.7451
v  50.2967 0.1227 1.9315
v  44.2983 25.9394 7.8284
v  43.7172 23.6002 24.6954
v  49.1525 -7.2248 24.6954
v  51.9027 3.1960 6.2013
v  49.8657 14.7485 6.2013
v  47.7914 21.3790 10.4880
v  48.2081 18.4615 16.5881
v  49.7656 11.7399 20.8570
v  50.7797 5.9890 20.8570
v  51.6151 -0.8600 16.5881
v  52.2212 -3.7441 10.4880
v  37.1017 -3.3006 90.1432
v  39.4206 -1.0500 84.8529
v  40.6215 4.6517 81.1441
v  39.7627 9.5222 81.1441
v  36.6841 14.4693 84.8529
v  33.7353 15.7911 90.1432
v  33.8736 10.3255 92.2739
v  35.3623 1.8826 92.2739
v  60.9951 2.6558 85.8057
v  59.2216 3.8586 82.0934
v  57.3875 8.0528 79.4910
v  56.6808 12.0606 79.4910
v  56.9698 16.6291 82.0934
v  58.2250 18.3659 85.8057
v  59.6074 14.0921 87.3008
v  60.8324 7.1447 87.3008
v  76.9569 5.4703 73.7908
v  73.0419 6.2955 72.2531
v  69.7064 10.2249 71.1752
v  68.9997 14.2327 71.1752
v  70.7901 19.0660 72.2531
v  74.1868 21.1804 73.7908
v  76.4317 17.0587 74.4101
v  77.6568 10.1113 74.4101
v  86.8027 6.5102 47.5018
v  82.2808 7.5666 47.5018
v  78.5109 11.7241 47.5018
v  77.7860 15.8352 47.5018
v  79.9066 21.0315 47.5018
v  83.7944 23.5707 47.5018
v  86.9316 19.3015 47.5018
v  88.2905 11.5948 47.5018
v  78.7894 9.5281 18.9357
v  77.2967 17.9941 18.9357
v  74.9699 22.7109 20.4080
v  73.2814 20.2213 22.5032
v  72.7143 14.9942 23.9694
v  73.4574 10.7798 23.9694
v  75.7781 6.0619 22.5032
v  78.2163 4.3000 20.4080
v  59.3186 6.0949 8.6957
v  57.8258 14.5608 8.6957
v  56.5629 19.4652 11.6404
v  56.8961 17.3321 15.8306
v  57.9317 12.3876 18.7630
v  58.6748 8.1732 18.7630
v  59.3928 3.1728 15.8306
v  59.8093 1.0543 11.6404
v  45.0254 -0.1601 89.8329
v  45.9245 1.5140 85.4837
v  46.0930 6.0613 82.4347
v  45.3863 10.0690 82.4347
v  43.6728 14.2845 85.4837
v  42.2553 15.5501 89.8329
v  42.6758 11.1066 91.5845
v  43.9008 4.1592 91.5845
v  27.0943 10.5683 101.1966
v  20.8090 21.4548 101.1966
v  11.1794 29.5349 101.1966
v  -0.6331 33.8343 101.1966
v  -13.2036 33.8343 101.1966
v  -25.0161 29.5349 101.1966
v  -34.6387 21.4596 101.1966
v  -40.4871 10.3242 101.1967
v  -42.5106 -1.6247 101.1967
v  -40.5535 -13.4720 101.1966
v  -34.0530 -24.6418 101.1967
v  -24.6346 -33.0052 101.1966
v  -13.2036 -37.4568 101.1966
v  -0.6331 -37.4568 101.1966
v  11.1794 -33.1575 101.1966
v  20.8090 -25.0773 101.1966
v  27.0943 -14.1909 101.1966
v  29.2772 -1.8113 101.1966
v  -6.8598 -1.8166 112.2722
v  26.3208 10.2844 95.0441
v  20.1833 20.9261 95.0441
v  10.7733 28.8272 95.0441
v  -0.7724 33.0321 95.0441
v  -13.0593 33.0305 95.0441
v  -24.6040 28.8247 95.0441
v  -33.9772 20.9285 95.0441
v  -39.6768 10.0327 95.0442
v  -41.6690 -1.6389 95.0442
v  -39.7761 -13.2246 95.0441
v  -33.4525 -24.1594 95.0442
v  -24.2433 -32.3190 95.0441
v  -13.0531 -36.6572 95.0441
v  -0.7665 -36.6351 95.0441
v  10.7713 -32.4326 95.0441
v  20.1774 -24.5528 95.0441
v  26.3211 -13.9123 95.0441
v  28.4538 -1.8139 95.0441
v  19.1940 7.6875 109.1445
v  14.3716 16.0401 109.1445
v  6.9833 22.2396 109.1445
v  -2.0798 25.5383 109.1445
v  -11.7245 25.5383 109.1445
v  -20.7875 22.2396 109.1445
v  -28.0968 16.1342 109.1445
v  -32.7336 7.6656 109.1444
v  -34.4276 -1.7860 109.1444
v  -32.7920 -11.0419 109.1444
v  -27.7835 -19.4910 109.1444
v  -20.5416 -25.8167 109.1445
v  -11.7245 -29.1596 109.1445
v  -2.0798 -29.1596 109.1445
v  6.9833 -25.8609 109.1445
v  14.3716 -19.6614 109.1445
v  19.1940 -11.3089 109.1445
v  20.8687 -1.8107 109.1445
v  -60.0350 -20.4444 3.0552
v  -56.0955 -29.4119 12.8620
v  -45.2294 -13.7028 101.7322
v  -50.2558 -37.3445 3.0552
v  -43.4340 -44.4867 12.8620
v  -36.6256 -25.6780 99.5046
v  -35.2157 -49.9646 3.0552
v  -26.3626 -54.3476 12.6434
v  -26.3772 -34.6566 98.8260
v  -16.7664 -56.6843 2.8366
v  -6.9453 -57.8056 10.9526
v  -13.6964 -39.2721 95.9533
v  2.8714 -56.6962 2.2389
v  12.5006 -54.4325 8.2200
v  -0.2309 -39.1921 93.5710
v  21.3321 -49.9901 1.6204
v  29.6227 -44.5890 6.4044
v  12.3384 -34.4438 93.2700
v  36.3832 -37.3670 1.3809
v  42.3265 -29.4560 6.1650
v  22.4395 -25.6964 93.5927
v  46.2060 -20.3535 1.3809
v  49.2241 -12.9413 6.5808
v  28.9964 -14.0894 93.8521
v  -54.5724 -28.2662 38.3771
v  -42.2027 -42.9705 38.6244
v  -39.1015 -39.7042 64.5089
v  -34.2312 -33.8582 90.0244
v  -25.6996 -52.5261 38.3674
v  -24.0777 -48.0653 64.3101
v  -21.4968 -40.9743 88.8912
v  -6.9453 -55.8673 36.6766
v  -6.9788 -51.0054 64.4783
v  -6.9788 -43.4594 87.1315
v  11.8377 -52.6111 33.9441
v  9.8922 -47.4524 65.6569
v  7.3113 -40.3614 87.5502
v  28.3768 -43.1041 32.1284
v  24.2773 -38.3390 67.1020
v  19.4268 -32.5584 88.8281
v  40.6479 -28.4868 31.8890
v  34.4140 -24.9403 68.8278
v  27.8790 -21.1672 90.5388
v  47.4632 -12.1048 30.0906
v  39.6780 -10.5428 71.0017
v  32.8673 -9.3940 90.7777
v  -42.3781 -33.0637 78.1250
v  -47.4273 -35.1200 51.8385
v  -49.9657 -37.0574 25.7624
v  -30.2752 -41.4074 77.0500
v  -33.3469 -46.7277 51.4481
v  -35.0168 -49.6201 25.7240
v  -15.0505 -46.9487 76.6396
v  -16.1173 -53.0034 51.2295
v  -16.6973 -56.3157 24.4123
v  0.9765 -46.4686 77.2843
v  2.1932 -52.9353 50.7999
v  2.8239 -56.3870 20.8261
v  15.5325 -40.1303 79.2196
v  19.3227 -46.5404 50.5192
v  21.2118 -49.7729 17.1150
v  26.5257 -29.2766 81.7782
v  33.1431 -34.6784 50.7087
v  36.2122 -37.2235 15.6785
v  33.4840 -15.7230 83.3345
v  42.1264 -18.8686 50.9681
v  45.9962 -20.2771 15.6785
v  50.1396 -9.0466 14.3291
v  -51.7313 -29.9708 67.8470
v  -45.6887 -25.8433 90.9239
v  -87.0179 -18.5390 87.7994
v  -85.2917 -23.2592 90.7856
v  -83.5635 -24.0366 96.1749
v  -63.1241 -23.8916 67.0488
v  -57.8786 -27.5443 83.2721
v  -54.5546 -19.6131 97.2706
v  -78.6031 -21.7476 83.6455
v  -75.6389 -25.5060 90.1774
v  -74.5387 -21.3408 96.7623
v  -73.5044 -18.1433 75.2433
v  -69.4417 -25.4645 81.7857
v  -66.3743 -24.2305 92.1808
v  28.8854 -14.0990 -2.4046
v  22.2651 -25.5657 -2.4046
v  12.1221 -34.0766 -2.4046
v  -0.3200 -38.6052 -2.4046
v  -13.5606 -38.6052 -2.4046
v  -26.0027 -34.0766 -2.4046
v  -36.1456 -25.5657 -2.4046
v  -42.7379 -14.1761 -2.4046
v  47.5496 -10.6435 -0.6412
v  40.9762 -28.6764 -0.6412
v  28.6222 -43.3993 -0.6412
v  11.9777 -53.0089 -0.6412
v  -6.9497 -56.3463 -0.6412
v  -25.8770 -53.0089 -0.6412
v  -42.5215 -43.3992 -0.6412
v  -54.8661 -28.7021 -0.6412
v  44.2252 -10.0573 -1.9237
v  38.0528 -26.9886 -1.9237
v  26.4524 -40.8134 -1.9237
v  10.8232 -49.8369 -1.9237
v  -6.9497 -52.9707 -1.9237
v  -24.7225 -49.8369 -1.9237
v  -40.3517 -40.8133 -1.9237
v  -51.9427 -27.0143 -1.9237
v  46.6962 -1.1159 -1.2825
v  43.4610 -19.3544 -1.2825
v  34.1455 -35.4893 -1.2825
v  19.8733 -47.4651 -1.2825
v  2.3658 -53.8372 -1.2825
v  -16.2652 -53.8372 -1.2825
v  -33.7726 -47.4650 -1.2825
v  -48.0448 -35.4893 -1.2825
v  -38.6608 -18.3303 102.3010
v  -30.5866 -29.0028 102.5558
v  -19.5309 -35.5787 100.6102
v  -6.9474 -37.7975 96.7545
v  5.6360 -35.5787 95.2346
v  16.7017 -29.1899 94.9004
v  24.9150 -19.4018 94.8701
v  29.2852 -7.4222 94.8701
v  -40.2203 -12.7370 100.1593
v  -34.3592 -23.3120 100.2234
v  -24.8642 -32.0412 99.7052
v  -13.1688 -36.2980 96.8326
v  -0.7228 -36.2980 94.2820
v  10.9726 -32.0412 93.6433
v  20.5067 -24.0411 93.5371
v  26.7297 -13.2626 93.5371
v  -37.5608 -17.7344 93.2535
v  -29.7700 -28.0379 93.3809
v  -19.0952 -34.3873 92.4081
v  -6.9452 -36.5296 90.4803
v  5.2047 -34.3873 89.7204
v  15.8892 -28.2186 89.5532
v  23.8195 -18.7676 89.5381
v  28.0391 -7.2017 89.5381
v  -39.9201 -12.6345 84.2061
v  -34.1163 -23.1147 84.2061
v  -24.7052 -31.7667 84.2061
v  -13.1132 -35.9858 84.2061
v  -0.7773 -35.9858 84.2061
v  10.8147 -31.7667 84.2061
v  20.2646 -23.8373 84.2061
v  26.4326 -13.1541 84.2061
v  49.7059 -0.8062 0.3226
v  31.1043 -0.8755 94.6543
v  -59.7437 -20.2889 25.3235
v  36.5068 -6.8971 85.6454
v  45.7331 0.2789 51.4787
v  -59.8966 -19.1394 49.1283
v  -83.1933 -18.9468 99.2293
v  -66.5084 -16.2363 97.8141
v  31.1846 -1.1416 -2.4046
v  -57.3228 -19.4572 -1.2825
v  28.8910 -1.1152 93.5371
v  28.5747 -1.1151 84.2061
v  -61.2973 -10.8084 36.0293
v  47.0557 8.2972 37.4193
v  -62.7814 -11.0701 12.8620
v  31.6945 5.5886 94.0744
v  49.4254 8.7150 1.2671
v  -67.7416 -11.9447 61.8960
v  -87.1740 -15.3711 86.8821
v  -61.3833 -10.8235 -0.6412
v  -42.5543 -7.7401 102.5942
v  29.2946 5.1654 94.8701
v  -41.2934 -7.5178 93.4000
v  28.0485 4.9457 89.5381
v  -60.9489 7.8967 38.3771
v  -62.8305 -2.5007 49.1283
v  -63.0799 -1.3682 25.3235
v  -54.3543 25.9449 38.6244
v  -56.5788 16.7809 51.8385
v  -59.6267 17.7333 25.7624
v  -42.1148 40.5686 38.3674
v  -47.3177 32.5044 51.4481
v  -49.8761 34.6512 25.7240
v  -25.6342 50.1226 36.6766
v  -33.2736 44.2945 51.2295
v  -34.9514 47.2086 24.4123
v  -6.8703 53.4870 33.9441
v  -16.0440 50.4930 50.7999
v  -16.6319 53.9523 20.8261
v  11.9230 50.2101 32.1284
v  2.2397 50.3424 50.5192
v  2.9092 54.0261 17.1150
v  28.4535 40.6713 31.8890
v  19.2836 43.9226 50.7087
v  21.2971 47.3639 15.6785
v  40.4607 27.6082 30.0906
v  33.1324 32.1388 50.9681
v  36.2871 34.7859 15.6785
v  22.3213 23.1281 -2.4046
v  12.1783 31.6390 -2.4046
v  -0.2638 36.1675 -2.4046
v  -13.5044 36.1675 -2.4046
v  -25.9465 31.6390 -2.4046
v  -36.0895 23.1281 -2.4046
v  -42.7098 11.6613 -2.4046
v  -45.0090 -1.2960 -2.4046
v  28.9135 11.7385 -2.4046
v  -43.7470 20.1086 90.0244
v  -43.1992 11.6027 99.5046
v  -51.7723 8.6583 90.9239
v  -51.1308 16.5755 78.1250
v  -50.3230 23.9362 64.5089
v  -58.8621 10.4702 67.8470
v  -62.7720 8.4523 12.8620
v  -59.9976 17.9039 3.0552
v  -56.0300 26.9485 12.8620
v  -34.2144 31.1509 88.8912
v  -36.6397 23.5451 98.8260
v  -42.6115 28.5555 77.0500
v  -39.0650 36.9315 64.3101
v  -50.1809 34.9069 3.0552
v  -43.3607 42.0535 12.6434
v  -21.4219 38.4516 87.1315
v  -26.3022 32.2192 95.9533
v  -30.2003 38.9698 76.6396
v  -24.0028 45.5425 64.4783
v  -35.1424 47.5314 2.8366
v  -26.2972 51.9441 10.9526
v  -6.9340 40.4279 87.5502
v  -13.6215 36.7495 93.5710
v  -14.9756 44.0002 77.2843
v  -6.9340 47.9740 65.6569
v  -16.6930 54.2591 2.2389
v  -6.8703 55.4253 8.2200
v  7.1196 37.2392 88.8281
v  -0.1862 36.5866 93.2700
v  0.8703 43.0226 79.2196
v  9.7005 44.3302 67.1020
v  2.9480 54.2714 1.6204
v  12.5859 52.0315 6.4044
v  18.9580 29.4259 90.5388
v  12.2976 31.8215 93.5927
v  14.9128 36.5833 81.7782
v  23.8085 35.2065 68.8278
v  21.4088 47.5573 1.3809
v  29.6994 42.1561 6.1650
v  27.6722 20.0687 90.7777
v  22.4289 23.1570 93.8521
v  26.0871 26.2270 83.3345
v  33.6793 23.4777 71.0017
v  36.4581 34.9294 1.3809
v  41.8293 28.9965 6.5808
v  46.4325 17.7580 0.3226
v  44.0217 25.6497 14.3291
v  -63.8088 6.0875 83.2721
v  -73.9632 0.1783 81.7857
v  -67.4887 0.8610 67.0488
v  -57.9659 -0.2668 97.2706
v  -70.6588 0.0679 92.1808
v  -47.1412 -2.8608 101.7322
v  -56.3212 -10.0493 99.8885
v  -68.0439 -7.5283 97.8141
v  -87.8542 -9.1080 88.2171
v  -88.1108 -12.3409 87.7994
v  -75.2769 -8.0908 75.2433
v  -87.0740 -5.4358 93.1898
v  -88.1031 -7.3150 90.7856
v  -85.2052 -7.0527 98.5706
v  -86.7451 -5.9934 96.1749
v  28.6971 40.9617 -0.6412
v  34.2204 33.0517 -1.2825
v  41.0417 26.2645 -0.6412
v  12.0526 50.5713 -0.6412
v  19.9482 45.0275 -1.2825
v  -6.8748 53.9087 -0.6412
v  2.4408 51.3996 -1.2825
v  -25.8021 50.5713 -0.6412
v  -16.1903 51.3996 -1.2825
v  -42.4466 40.9616 -0.6412
v  -33.6977 45.0274 -1.2825
v  -54.8006 26.2387 -0.6412
v  -47.9699 33.0516 -1.2825
v  -61.3740 8.2058 -0.6412
v  -57.2854 16.9167 -1.2825
v  -63.4069 -1.3217 3.0552
v  -60.5206 -1.3217 -1.2825
v  38.1183 24.5767 -1.9237
v  44.2346 7.7998 -1.9237
v  43.4984 17.0197 -1.2825
v  26.5273 38.3758 -1.9237
v  10.8981 47.3993 -1.9237
v  -6.8747 50.5331 -1.9237
v  -24.6476 47.3993 -1.9237
v  -40.2768 38.3757 -1.9237
v  -51.8772 24.5509 -1.9237
v  -58.0496 7.6196 -1.9237
v  -38.6615 16.7925 102.5558
v  -40.2603 10.1546 100.2234
v  -42.5851 3.9255 102.3010
v  -30.5217 26.7531 100.6102
v  -34.3234 21.6048 99.7052
v  -19.4560 33.1419 96.7545
v  -24.7892 29.6049 96.8326
v  -6.8725 35.3607 95.2346
v  -13.0939 33.8617 94.2820
v  5.7109 33.1419 94.9004
v  -0.6479 33.8617 93.6433
v  16.7766 26.7531 94.8701
v  11.0475 29.6050 93.5371
v  24.9806 16.9907 94.8701
v  20.5817 21.6049 93.5371
v  28.9291 11.4610 94.6543
v  26.7672 10.9292 93.5371
v  -37.5642 16.1651 93.3810
v  -39.9645 10.0522 84.2061
v  -41.3476 3.7418 93.2535
v  -29.7048 25.7825 92.4081
v  -34.0801 21.4013 84.2061
v  -19.0203 31.9512 90.4803
v  -24.6303 29.3306 84.2061
v  -6.8703 34.0936 89.7204
v  -13.0383 33.5498 84.2061
v  5.2796 31.9512 89.5532
v  -0.7024 33.5498 84.2061
v  15.9641 25.7825 89.5381
v  10.8896 29.3307 84.2061
v  23.8851 16.3573 89.5381
v  20.3395 21.4013 84.2061
v  26.4700 10.8210 84.2061
v  43.0705 15.3796 51.4787
v  31.9462 18.9673 85.6454
v  42.3345 7.4647 65.6467
v  -84.6563 -10.6497 99.2293
v  -83.1567 -14.6628 99.5908
v  47.5590 8.3859 -0.6412
v  -58.0590 -10.2374 -1.9237
v  -42.0970 -2.0934 100.1593
v  -41.7800 -2.0869 84.2061
v  -86.5290 -20.6059 89.5948
v  -84.7214 -23.2562 93.3559
v  -83.4657 -21.5383 97.4632
v  -88.3583 -10.2315 89.5948
v  -87.7934 -15.4804 88.5828
v  -87.5662 -7.1227 93.3559
v  -85.7986 -8.3075 97.4632
v  -83.9109 -14.7958 98.2176
v  -87.0456 -17.8239 89.5006
v  -85.5476 -21.4488 91.4455
v  -83.8946 -22.0174 94.9615
v  -83.3435 -18.0311 96.9534
v  -87.8922 -13.0224 89.5006
v  -87.7243 -9.1037 91.4455
v  -86.3656 -8.0041 94.9615
v  -84.4842 -11.5614 96.9534
v  -85.6752 -19.5711 89.9590
v  -84.0263 -21.7587 92.7530
v  -82.8152 -20.2960 95.8044
v  -87.2021 -10.9118 89.9590
v  -86.7683 -15.2996 89.2072
v  -86.4008 -8.2922 92.7530
v  -84.7625 -9.2524 95.8044
v  -83.1090 -14.6544 96.3648
v  -69.5625 -14.6243 79.9215
v  -68.9288 -18.2182 82.6844
v  -68.7887 -19.0130 87.6792
v  -69.4224 -15.4191 90.5089
v  -70.3692 -10.0494 79.9215
v  -71.0029 -6.4555 82.6844
v  -71.1431 -5.6608 87.6792
v  -70.5094 -9.2547 90.5089
v  -76.9363 -18.0302 85.1206
v  -75.9374 -20.3324 88.6868
v  -75.4821 -19.0030 92.5814
v  -78.4632 -9.3709 85.1206
v  -77.8546 -13.7279 84.1610
v  -78.3119 -6.8659 88.6868
v  -77.4293 -7.9594 92.5814
v  -76.1365 -13.4249 93.2967
v  -83.5694 -17.0941 87.8170
v  -82.2691 -20.5705 89.7879
v  -80.9239 -21.1527 93.3511
v  -80.5843 -17.3872 95.3696
v  -84.3761 -12.5192 87.8170
v  -84.3432 -8.8078 89.7879
v  -83.2783 -7.8006 93.3511
v  -81.6713 -11.2228 95.3697
v  -85.6710 -21.4892 88.2171
v  -83.6820 -24.6731 93.1898
v  -82.4788 -22.5146 98.5706
v  -80.9803 -14.2790 81.9217
v  -81.3009 -6.4478 83.6455
v  -79.8008 -1.9022 90.1774
v  -77.3424 -5.4400 96.7623
v  -75.6149 -13.3329 98.3233
v  -84.5511 -18.5104 85.6760
v  -82.3768 -23.8545 89.2261
v  -80.4670 -24.3210 95.4942
v  -80.2843 -18.5612 99.0658
v  -85.7829 -11.5241 85.6760
v  -85.5676 -5.7586 89.2261
v  -83.9325 -4.6671 95.4942
v  -81.7909 -10.0171 99.0658
v  33.0468 -4.6897 93.1172
v  38.2725 17.6349 68.5866
v  29.4499 15.7096 93.1172
v  41.9959 -3.4814 68.5866
v  50.4706 -6.5652 4.0701
v  45.1814 23.4312 4.0701
v  43.9951 19.8669 33.9904
v  48.1367 -3.6216 33.9904
v  50.8108 1.5104 3.9647
v  48.2631 15.9591 3.9647
v  45.7429 24.0421 9.3250
v  45.9728 20.8807 19.0717
v  47.7596 12.6683 26.0872
v  49.2122 4.4304 26.0872
v  50.3419 -3.8978 19.0717
v  51.2071 -6.9472 9.3250
v  35.6909 -5.1495 90.5321
v  38.8265 -3.1138 82.6009
v  40.6203 3.5297 76.7384
v  39.3778 10.5761 76.7384
v  35.4200 16.2055 82.6009
v  31.7773 17.0460 90.5321
v  31.9979 10.7576 93.1424
v  33.7475 0.8351 93.1424
v  67.2038 7.4853 11.3337
v  65.7111 15.9512 11.3337
v  64.3753 20.8428 13.9103
v  64.2239 18.6242 17.5768
v  64.7794 13.5951 20.1427
v  65.5225 9.3807 20.1427
v  66.7205 4.4648 17.5768
v  67.6216 2.4318 13.9103
v  52.1360 -1.4898 8.2850
v  51.2398 9.0350 5.1893
v  48.4823 19.2315 8.2850
v  47.7232 21.1395 13.1444
v  48.9782 14.8325 19.5741
v  50.4171 8.8899 21.0728
v  51.0975 2.8135 19.5741
v  52.0753 -3.5423 13.1444
v  52.2449 1.1129 88.9165
v  51.8967 2.5670 84.7265
v  51.0941 6.9431 81.7892
v  50.3874 10.9509 81.7892
v  49.6450 15.3375 84.7265
v  49.4748 16.8230 88.9165
v  50.3118 12.4531 90.6040
v  51.5368 5.5056 90.6040
v  36.0849 -1.5388 91.6271
v  38.2633 -3.2040 87.8695
v  40.2983 1.9668 82.2316
v  40.4297 7.1289 80.9837
v  38.5407 11.9347 82.2316
v  34.8599 16.0976 87.8695
v  33.3825 13.7878 91.6271
v  34.7024 6.1190 92.3881
v  69.7433 4.1983 80.6979
v  66.6773 5.1732 77.8478
v  63.9370 9.2076 75.8497
v  63.2303 13.2154 75.8497
v  64.4255 17.9437 77.8478
v  66.9732 19.9085 80.6979
v  68.8762 15.7265 81.8458
v  70.1012 8.7790 81.8458
v  61.1467 4.2798 86.8469
v  60.3595 2.4547 84.2102
v  58.0686 6.0104 80.2541
v  56.9882 10.0486 79.3784
v  56.6223 14.2127 80.2541
v  57.5589 18.3375 84.2102
v  58.9228 16.8917 86.8469
v  60.2526 10.6242 87.3809
v  82.6415 6.2986 63.3151
v  78.2611 7.1263 62.9307
v  74.5972 11.0740 62.6612
v  73.8860 15.1076 62.6612
v  75.9788 20.0704 62.9307
v  79.8119 22.3463 63.3151
v  82.4062 18.2100 63.4700
v  83.6647 11.0728 63.4700
v  77.7091 7.2002 74.2221
v  75.4009 5.1069 73.1299
v  70.8278 8.2602 71.4913
v  69.2423 12.2093 71.1286
v  69.3815 16.4625 71.4913
v  72.6003 20.9897 73.1299
v  75.4853 19.8121 74.2221
v  77.1232 13.5989 74.4433
v  86.3558 5.9092 31.4873
v  82.3650 7.3129 32.0111
v  78.9601 11.7634 32.3776
v  78.2215 15.9520 32.3776
v  79.8990 21.2986 32.0111
v  83.1689 23.9826 31.4873
v  86.4233 19.5055 31.1192
v  87.8826 11.2293 31.1192
v  87.8697 8.3285 47.5018
v  84.9771 6.2271 47.5018
v  79.7725 9.6813 47.5018
v  78.0105 13.7554 47.5018
v  78.2728 18.1864 47.5018
v  81.9821 23.2123 47.5018
v  85.4190 22.2270 47.5018
v  87.9995 15.5167 47.5018
v  78.6770 6.0442 19.6514
v  78.3854 13.8215 18.5881
v  75.9995 21.2294 19.6514
v  74.0999 22.3908 21.3204
v  72.7433 17.3675 23.5287
v  73.0129 12.8741 24.0435
v  74.2963 8.5596 23.5287
v  77.2892 4.3032 21.3204
v  59.6581 2.6907 10.1270
v  58.7286 10.3554 8.0005
v  56.9805 17.8759 10.1270
v  56.5444 19.2952 13.4651
v  57.4235 14.6662 17.8817
v  58.3668 10.2916 18.9113
v  58.9765 5.8583 17.8817
v  59.7337 1.2077 13.4651
v  54.4471 4.8381 7.9941
v  52.8182 14.0757 7.9941
v  51.1595 19.3776 11.2743
v  51.4927 17.0447 15.9420
v  52.7382 11.6699 19.2085
v  53.5490 7.0714 19.2085
v  54.2170 1.5948 15.9420
v  54.7017 -0.7114 11.2743
v  44.4511 1.3359 91.0527
v  45.5434 -0.1578 87.9636
v  46.1231 3.9041 83.3288
v  45.8442 8.0836 82.3029
v  44.6768 12.1064 83.3288
v  42.7428 15.7250 87.9636
v  42.2273 13.9478 91.0527
v  43.3254 7.6394 91.6784
v  39.8174 -1.5143 89.8200
v  41.6506 0.4061 85.2355
v  42.5477 5.3249 82.0216
v  41.8030 9.5484 82.0216
v  39.2777 13.8638 85.2355
v  36.8982 15.0413 89.8200
v  37.0721 10.3113 91.6664
v  38.3631 2.9900 91.6664
v  27.9191 4.3291 95.0441
v  23.7214 15.8756 95.0441
v  15.8272 25.2915 95.0441
v  5.1856 31.4389 95.0441
v  -6.9157 33.5737 95.0441
v  -19.0174 31.4363 95.0441
v  -29.6478 25.2905 95.0441
v  -37.3883 15.8166 95.0441
v  -37.1163 -18.9753 95.0442
v  -29.0673 -28.6497 95.0441
v  -18.9241 -35.0329 95.0441
v  -6.9080 -37.1914 95.0441
v  5.1879 -35.0337 95.0441
v  15.8218 -28.9123 95.0441
v  23.7174 -19.5032 95.0441
v  27.9221 -7.9569 95.0441
v  -41.0385 4.0549 95.0443
v  -41.3282 -7.3112 95.0441
v  25.4962 9.9855 105.5936
v  19.5068 20.3593 105.5936
v  10.3306 28.0590 105.5936
v  -0.9257 32.1560 105.5936
v  -12.9043 32.1560 105.5936
v  -24.1606 28.0590 105.5936
v  -33.3153 20.3840 105.5936
v  -38.9207 9.7957 105.5936
v  -40.8856 -1.6644 105.5936
v  -38.9939 -12.9943 105.5936
v  -32.7936 -23.6043 105.5936
v  -23.8130 -31.5563 105.5936
v  -12.9043 -35.7785 105.5936
v  -0.9257 -35.7785 105.5936
v  10.3306 -31.6815 105.5936
v  19.5068 -23.9818 105.5936
v  25.4962 -13.6080 105.5936
v  27.5762 -1.8113 105.5936
v  26.3012 10.2751 93.7116
v  20.1720 20.9139 93.7116
v  10.7678 28.8154 93.7116
v  -0.7736 33.0212 93.7116
v  -13.0560 33.0182 93.7116
v  -24.5953 28.8105 93.7116
v  -33.9398 20.9088 93.7116
v  -39.6107 10.0135 93.7116
v  -41.6190 -1.6518 93.7116
v  -39.7601 -13.2369 93.7116
v  -33.4679 -24.1774 93.7116
v  -24.2554 -32.3292 93.7116
v  -13.0435 -36.6495 93.7116
v  -0.7617 -36.6052 93.7116
v  10.7637 -32.4041 93.7116
v  20.1601 -24.5452 93.7116
v  26.3018 -13.9088 93.7116
v  28.4328 -1.8167 93.7116
v  28.7315 4.4747 101.1966
v  24.4316 16.2886 101.1966
v  16.3504 25.9193 101.1966
v  5.4627 32.2053 101.1966
v  -6.9183 34.3884 101.1966
v  -19.2994 32.2053 101.1966
v  -30.1853 25.9205 101.1966
v  -38.1486 16.2337 101.1966
v  -37.8145 -19.3393 101.1967
v  -29.5620 -29.2427 101.1966
v  -19.2040 -35.7898 101.1966
v  -6.9183 -38.0110 101.1966
v  5.4627 -35.8279 101.1966
v  16.3504 -29.5419 101.1966
v  24.4315 -19.9112 101.1966
v  28.7315 -8.0973 101.1966
v  -41.8694 4.2113 101.1968
v  -42.1567 -7.4353 101.1966
v  26.5240 10.3600 97.2485
v  20.3454 21.0644 97.2485
v  10.8776 29.0101 97.2485
v  -0.7370 33.2381 97.2485
v  -13.0971 33.2377 97.2485
v  -24.7114 29.0094 97.2485
v  -34.1613 21.0711 97.2484
v  -39.9125 10.1152 97.2487
v  -41.9044 -1.6289 97.2486
v  -39.9784 -13.2803 97.2485
v  -33.5949 -24.2710 97.2486
v  -24.3351 -32.4855 97.2485
v  -13.0955 -36.8610 97.2485
v  -0.7355 -36.8555 97.2485
v  10.8771 -32.6281 97.2485
v  20.3439 -24.6877 97.2485
v  26.5241 -13.9837 97.2485
v  28.6702 -1.8118 97.2485
v  8.3534 3.7338 111.4903
v  5.5379 8.6104 111.4903
v  1.2243 12.2300 111.4903
v  -4.0672 14.1559 111.4903
v  -9.6982 14.1559 111.4903
v  -14.9897 12.2300 111.4903
v  -19.2046 8.7281 111.4903
v  -22.0164 3.8296 111.4903
v  -23.0984 -1.8749 111.4903
v  -22.0475 -7.3907 111.4903
v  -19.1099 -12.2468 111.4903
v  -14.8730 -15.8742 111.4903
v  -9.6982 -17.7793 111.4903
v  -4.0672 -17.7793 111.4903
v  1.2243 -15.8534 111.4903
v  5.5379 -12.2338 111.4903
v  8.3534 -7.3572 111.4903
v  9.3312 -1.8117 111.4903
v  20.4501 3.0123 109.1445
v  17.1510 12.0764 109.1445
v  10.9507 19.4656 109.1445
v  2.5972 24.2885 109.1445
v  -6.9021 25.9635 109.1445
v  -16.4014 24.2885 109.1445
v  -24.7352 19.4891 109.1445
v  -30.7903 12.1886 109.1444
v  -33.9412 2.8969 109.1444
v  -34.0816 -6.4199 109.1444
v  -30.6592 -15.4622 109.1444
v  -24.3495 -22.9890 109.1444
v  -16.3399 -27.8987 109.1445
v  -6.9021 -29.5848 109.1445
v  2.5972 -27.9098 109.1445
v  10.9507 -23.0869 109.1445
v  17.1510 -15.6977 109.1445
v  20.4501 -6.6336 109.1445
# 1335 vertices

vn -0.9333 -0.3589 0.0143
vn -0.9365 -0.3438 0.0691
vn -0.8624 -0.5008 0.0741
vn -0.8596 -0.5073 0.0610
vn -0.8677 -0.4603 -0.1878
vn -0.9333 -0.3589 0.0143
vn -0.8596 -0.5073 0.0610
vn -0.7299 -0.6808 -0.0612
vn -0.9333 -0.3589 0.0143
vn -0.8677 -0.4603 -0.1878
vn -0.9620 -0.1696 -0.2140
vn -0.9848 -0.1736 0.0076
vn -0.9365 -0.3438 0.0691
vn -0.9333 -0.3589 0.0143
vn -0.9848 -0.1736 0.0076
vn -0.9827 -0.1733 0.0657
vn -0.7611 -0.6372 0.1215
vn -0.7635 -0.6413 0.0759
vn -0.6413 -0.7635 0.0754
vn -0.6391 -0.7587 0.1264
vn -0.6974 -0.7022 0.1434
vn -0.7611 -0.6372 0.1215
vn -0.6391 -0.7587 0.1264
vn -0.6244 -0.7622 0.1705
vn -0.7611 -0.6372 0.1215
vn -0.6974 -0.7022 0.1434
vn -0.7299 -0.6808 -0.0612
vn -0.8596 -0.5073 0.0610
vn -0.7635 -0.6413 0.0759
vn -0.7611 -0.6372 0.1215
vn -0.8596 -0.5073 0.0610
vn -0.8624 -0.5008 0.0741
vn -0.4953 -0.8591 0.1286
vn -0.4979 -0.8639 0.0752
vn -0.3376 -0.9383 0.0753
vn -0.3346 -0.9337 0.1277
vn -0.4886 -0.8536 0.1809
vn -0.4953 -0.8591 0.1286
vn -0.3346 -0.9337 0.1277
vn -0.3347 -0.9250 0.1798
vn -0.4953 -0.8591 0.1286
vn -0.4886 -0.8536 0.1809
vn -0.6244 -0.7622 0.1705
vn -0.6391 -0.7587 0.1264
vn -0.4979 -0.8639 0.0752
vn -0.4953 -0.8591 0.1286
vn -0.6391 -0.7587 0.1264
vn -0.6413 -0.7635 0.0754
vn -0.1633 -0.9787 0.1243
vn -0.1662 -0.9833 0.0746
vn 0.0098 -0.9972 0.0736
vn 0.0124 -0.9927 0.1198
vn -0.1668 -0.9701 0.1762
vn -0.1633 -0.9787 0.1243
vn 0.0124 -0.9927 0.1198
vn 0.0077 -0.9849 0.1727
vn -0.1633 -0.9787 0.1243
vn -0.1668 -0.9701 0.1762
vn -0.3347 -0.9250 0.1798
vn -0.3346 -0.9337 0.1277
vn -0.1662 -0.9833 0.0746
vn -0.1633 -0.9787 0.1243
vn -0.3346 -0.9337 0.1277
vn -0.3376 -0.9383 0.0753
vn 0.1858 -0.9758 0.1153
vn 0.1839 -0.9803 0.0724
vn 0.3502 -0.9339 0.0716
vn 0.3509 -0.9297 0.1117
vn 0.1815 -0.9683 0.1718
vn 0.1858 -0.9758 0.1153
vn 0.3509 -0.9297 0.1117
vn 0.3470 -0.9218 0.1726
vn 0.1858 -0.9758 0.1153
vn 0.1815 -0.9683 0.1718
vn 0.0077 -0.9849 0.1727
vn 0.0124 -0.9927 0.1198
vn 0.1839 -0.9803 0.0724
vn 0.1858 -0.9758 0.1153
vn 0.0124 -0.9927 0.1198
vn 0.0098 -0.9972 0.0736
vn 0.5043 -0.8566 0.1096
vn 0.5048 -0.8603 0.0712
vn 0.6440 -0.7617 0.0711
vn 0.6423 -0.7586 0.1091
vn 0.5009 -0.8477 0.1744
vn 0.5043 -0.8566 0.1096
vn 0.6423 -0.7586 0.1091
vn 0.6396 -0.7478 0.1782
vn 0.5043 -0.8566 0.1096
vn 0.5009 -0.8477 0.1744
vn 0.3470 -0.9218 0.1726
vn 0.3509 -0.9297 0.1117
vn 0.5048 -0.8603 0.0712
vn 0.5043 -0.8566 0.1096
vn 0.3509 -0.9297 0.1117
vn 0.3502 -0.9339 0.0716
vn 0.7621 -0.6379 0.1107
vn 0.7647 -0.6404 0.0713
vn 0.8638 -0.4987 0.0714
vn 0.8605 -0.4968 0.1128
vn 0.7577 -0.6258 0.1851
vn 0.7621 -0.6379 0.1107
vn 0.8605 -0.4968 0.1128
vn 0.8521 -0.4872 0.1913
vn 0.7621 -0.6379 0.1107
vn 0.7577 -0.6258 0.1851
vn 0.6396 -0.7478 0.1782
vn 0.6423 -0.7586 0.1091
vn 0.7647 -0.6404 0.0713
vn 0.7621 -0.6379 0.1107
vn 0.6423 -0.7586 0.1091
vn 0.6440 -0.7617 0.0711
vn 0.9233 -0.3663 0.1153
vn 0.9219 -0.3807 0.0716
vn 0.9388 -0.3353 0.0786
vn 0.9583 -0.2609 0.1168
vn 0.9119 -0.3625 0.1925
vn 0.9233 -0.3663 0.1153
vn 0.9583 -0.2609 0.1168
vn 0.9644 -0.1896 0.1842
vn 0.9233 -0.3663 0.1153
vn 0.9119 -0.3625 0.1925
vn 0.8521 -0.4872 0.1913
vn 0.8605 -0.4968 0.1128
vn 0.9219 -0.3807 0.0716
vn 0.9233 -0.3663 0.1153
vn 0.8605 -0.4968 0.1128
vn 0.8638 -0.4987 0.0714
vn -0.5057 -0.7602 0.4080
vn -0.4846 -0.8296 0.2772
vn -0.5287 -0.8002 0.2830
vn -0.5484 -0.7579 0.3534
vn -0.5948 -0.6012 0.5336
vn -0.5057 -0.7602 0.4080
vn -0.5484 -0.7579 0.3534
vn -0.5610 -0.6767 0.4768
vn -0.5057 -0.7602 0.4080
vn -0.5948 -0.6012 0.5336
vn -0.3402 -0.5180 0.7848
vn -0.2538 -0.8310 0.4950
vn -0.4846 -0.8296 0.2772
vn -0.5057 -0.7602 0.4080
vn -0.2538 -0.8310 0.4950
vn -0.2781 -0.9301 0.2398
vn -0.5743 -0.8008 0.1701
vn -0.6974 -0.7022 0.1434
vn -0.6244 -0.7622 0.1705
vn -0.5771 -0.7870 0.2183
vn -0.4846 -0.8296 0.2772
vn -0.5743 -0.8008 0.1701
vn -0.5771 -0.7870 0.2183
vn -0.5287 -0.8002 0.2830
vn -0.5743 -0.8008 0.1701
vn -0.4846 -0.8296 0.2772
vn -0.2781 -0.9301 0.2398
vn -0.4433 -0.8960 0.0249
vn -0.6974 -0.7022 0.1434
vn -0.5743 -0.8008 0.1701
vn -0.4433 -0.8960 0.0249
vn -0.7299 -0.6808 -0.0612
vn -0.7657 -0.6431 0.0130
vn -0.7635 -0.6413 0.0759
vn -0.8624 -0.5008 0.0741
vn -0.8655 -0.5007 0.0124
vn -0.7552 -0.6341 -0.1660
vn -0.7657 -0.6431 0.0130
vn -0.8655 -0.5007 0.0124
vn -0.8537 -0.4937 -0.1660
vn -0.7657 -0.6431 0.0130
vn -0.7552 -0.6341 -0.1660
vn -0.6339 -0.7554 -0.1659
vn -0.6427 -0.7660 0.0129
vn -0.7635 -0.6413 0.0759
vn -0.7657 -0.6431 0.0130
vn -0.6427 -0.7660 0.0129
vn -0.6413 -0.7635 0.0754
vn -0.4365 -0.8329 0.3403
vn -0.4509 -0.8456 0.2859
vn -0.3200 -0.9008 0.2935
vn -0.2828 -0.8911 0.3549
vn -0.3956 -0.7929 0.4635
vn -0.4365 -0.8329 0.3403
vn -0.2828 -0.8911 0.3549
vn -0.2033 -0.8528 0.4810
vn -0.4365 -0.8329 0.3403
vn -0.3956 -0.7929 0.4635
vn -0.5610 -0.6767 0.4768
vn -0.5484 -0.7579 0.3534
vn -0.4509 -0.8456 0.2859
vn -0.4365 -0.8329 0.3403
vn -0.5484 -0.7579 0.3534
vn -0.5287 -0.8002 0.2830
vn -0.4714 -0.8507 0.2328
vn -0.4886 -0.8536 0.1809
vn -0.3347 -0.9250 0.1798
vn -0.3325 -0.9136 0.2342
vn -0.4509 -0.8456 0.2859
vn -0.4714 -0.8507 0.2328
vn -0.3325 -0.9136 0.2342
vn -0.3200 -0.9008 0.2935
vn -0.4714 -0.8507 0.2328
vn -0.4509 -0.8456 0.2859
vn -0.5287 -0.8002 0.2830
vn -0.5771 -0.7870 0.2183
vn -0.4886 -0.8536 0.1809
vn -0.4714 -0.8507 0.2328
vn -0.5771 -0.7870 0.2183
vn -0.6244 -0.7622 0.1705
vn -0.5000 -0.8659 0.0130
vn -0.4979 -0.8639 0.0752
vn -0.6413 -0.7635 0.0754
vn -0.6427 -0.7660 0.0129
vn -0.4935 -0.8538 -0.1657
vn -0.5000 -0.8659 0.0130
vn -0.6427 -0.7660 0.0129
vn -0.6339 -0.7554 -0.1659
vn -0.5000 -0.8659 0.0130
vn -0.4935 -0.8538 -0.1657
vn -0.3391 -0.9256 -0.1681
vn -0.3423 -0.9395 0.0130
vn -0.4979 -0.8639 0.0752
vn -0.5000 -0.8659 0.0130
vn -0.3423 -0.9395 0.0130
vn -0.3376 -0.9383 0.0753
vn -0.1118 -0.9190 0.3781
vn -0.1545 -0.9398 0.3047
vn 0.0160 -0.9484 0.3167
vn 0.0414 -0.9142 0.4031
vn -0.0250 -0.8606 0.5086
vn -0.1118 -0.9190 0.3781
vn 0.0414 -0.9142 0.4031
vn 0.0994 -0.8341 0.5426
vn -0.1118 -0.9190 0.3781
vn -0.0250 -0.8606 0.5086
vn -0.2033 -0.8528 0.4810
vn -0.2828 -0.8911 0.3549
vn -0.1545 -0.9398 0.3047
vn -0.1118 -0.9190 0.3781
vn -0.2828 -0.8911 0.3549
vn -0.3200 -0.9008 0.2935
vn -0.1668 -0.9575 0.2352
vn -0.1668 -0.9701 0.1762
vn 0.0077 -0.9849 0.1727
vn 0.0090 -0.9714 0.2375
vn -0.1545 -0.9398 0.3047
vn -0.1668 -0.9575 0.2352
vn 0.0090 -0.9714 0.2375
vn 0.0160 -0.9484 0.3167
vn -0.1668 -0.9575 0.2352
vn -0.1545 -0.9398 0.3047
vn -0.3200 -0.9008 0.2935
vn -0.3325 -0.9136 0.2342
vn -0.1668 -0.9701 0.1762
vn -0.1668 -0.9575 0.2352
vn -0.3325 -0.9136 0.2342
vn -0.3347 -0.9250 0.1798
vn -0.1743 -0.9846 0.0121
vn -0.1662 -0.9833 0.0746
vn -0.3376 -0.9383 0.0753
vn -0.3423 -0.9395 0.0130
vn -0.1750 -0.9686 -0.1765
vn -0.1743 -0.9846 0.0121
vn -0.3423 -0.9395 0.0130
vn -0.3391 -0.9256 -0.1681
vn -0.1743 -0.9846 0.0121
vn -0.1750 -0.9686 -0.1765
vn -0.0063 -0.9815 -0.1912
vn -0.0011 -0.9999 0.0106
vn -0.1662 -0.9833 0.0746
vn -0.1743 -0.9846 0.0121
vn -0.0011 -0.9999 0.0106
vn 0.0098 -0.9972 0.0736
vn 0.1808 -0.8897 0.4191
vn 0.1827 -0.9277 0.3255
vn 0.3401 -0.8802 0.3309
vn 0.3204 -0.8450 0.4282
vn 0.1935 -0.7974 0.5716
vn 0.1808 -0.8897 0.4191
vn 0.3204 -0.8450 0.4282
vn 0.2968 -0.7483 0.5933
vn 0.1808 -0.8897 0.4191
vn 0.1935 -0.7974 0.5716
vn 0.0994 -0.8341 0.5426
vn 0.0414 -0.9142 0.4031
vn 0.1827 -0.9277 0.3255
vn 0.1808 -0.8897 0.4191
vn 0.0414 -0.9142 0.4031
vn 0.0160 -0.9484 0.3167
vn 0.1839 -0.9525 0.2427
vn 0.1815 -0.9683 0.1718
vn 0.3470 -0.9218 0.1726
vn 0.3478 -0.9040 0.2486
vn 0.1827 -0.9277 0.3255
vn 0.1839 -0.9525 0.2427
vn 0.3478 -0.9040 0.2486
vn 0.3401 -0.8802 0.3309
vn 0.1839 -0.9525 0.2427
vn 0.1827 -0.9277 0.3255
vn 0.0160 -0.9484 0.3167
vn 0.0090 -0.9714 0.2375
vn 0.1815 -0.9683 0.1718
vn 0.1839 -0.9525 0.2427
vn 0.0090 -0.9714 0.2375
vn 0.0077 -0.9849 0.1727
vn 0.1719 -0.9851 0.0076
vn 0.1839 -0.9803 0.0724
vn 0.0098 -0.9972 0.0736
vn -0.0011 -0.9999 0.0106
vn 0.1618 -0.9633 -0.2143
vn 0.1719 -0.9851 0.0076
vn -0.0011 -0.9999 0.0106
vn -0.0063 -0.9815 -0.1912
vn 0.1719 -0.9851 0.0076
vn 0.1618 -0.9633 -0.2143
vn 0.3242 -0.9142 -0.2431
vn 0.3400 -0.9404 0.0034
vn 0.1839 -0.9803 0.0724
vn 0.1719 -0.9851 0.0076
vn 0.3400 -0.9404 0.0034
vn 0.3502 -0.9339 0.0716
vn 0.4561 -0.7776 0.4327
vn 0.4876 -0.8068 0.3335
vn 0.6222 -0.7076 0.3348
vn 0.5811 -0.6878 0.4352
vn 0.4026 -0.6824 0.6101
vn 0.4561 -0.7776 0.4327
vn 0.5811 -0.6878 0.4352
vn 0.4989 -0.5984 0.6269
vn 0.4561 -0.7776 0.4327
vn 0.4026 -0.6824 0.6101
vn 0.2968 -0.7483 0.5933
vn 0.3204 -0.8450 0.4282
vn 0.4876 -0.8068 0.3335
vn 0.4561 -0.7776 0.4327
vn 0.3204 -0.8450 0.4282
vn 0.3401 -0.8802 0.3309
vn 0.4998 -0.8281 0.2539
vn 0.5009 -0.8477 0.1744
vn 0.6396 -0.7478 0.1782
vn 0.6372 -0.7255 0.2601
vn 0.4876 -0.8068 0.3335
vn 0.4998 -0.8281 0.2539
vn 0.6372 -0.7255 0.2601
vn 0.6222 -0.7076 0.3348
vn 0.4998 -0.8281 0.2539
vn 0.4876 -0.8068 0.3335
vn 0.3401 -0.8802 0.3309
vn 0.3478 -0.9040 0.2486
vn 0.5009 -0.8477 0.1744
vn 0.4998 -0.8281 0.2539
vn 0.3478 -0.9040 0.2486
vn 0.3470 -0.9218 0.1726
vn 0.4983 -0.8670 -0.0009
vn 0.5048 -0.8603 0.0712
vn 0.3502 -0.9339 0.0716
vn 0.3400 -0.9404 0.0034
vn 0.4756 -0.8369 -0.2710
vn 0.4983 -0.8670 -0.0009
vn 0.3400 -0.9404 0.0034
vn 0.3242 -0.9142 -0.2431
vn 0.4983 -0.8670 -0.0009
vn 0.4756 -0.8369 -0.2710
vn 0.6119 -0.7349 -0.2924
vn 0.6418 -0.7668 -0.0047
vn 0.5048 -0.8603 0.0712
vn 0.4983 -0.8670 -0.0009
vn 0.6418 -0.7668 -0.0047
vn 0.6440 -0.7617 0.0711
vn 0.6892 -0.5767 0.4386
vn 0.7352 -0.5885 0.3364
vn 0.8215 -0.4600 0.3371
vn 0.7767 -0.4488 0.4420
vn 0.5777 -0.4939 0.6499
vn 0.6892 -0.5767 0.4386
vn 0.7767 -0.4488 0.4420
vn 0.6386 -0.3753 0.6718
vn 0.6892 -0.5767 0.4386
vn 0.5777 -0.4939 0.6499
vn 0.4989 -0.5984 0.6269
vn 0.5811 -0.6878 0.4352
vn 0.7352 -0.5885 0.3364
vn 0.6892 -0.5767 0.4386
vn 0.5811 -0.6878 0.4352
vn 0.6222 -0.7076 0.3348
vn 0.7514 -0.6027 0.2685
vn 0.7577 -0.6258 0.1851
vn 0.8521 -0.4872 0.1913
vn 0.8385 -0.4703 0.2754
vn 0.7352 -0.5885 0.3364
vn 0.7514 -0.6027 0.2685
vn 0.8385 -0.4703 0.2754
vn 0.8215 -0.4600 0.3371
vn 0.7514 -0.6027 0.2685
vn 0.7352 -0.5885 0.3364
vn 0.6222 -0.7076 0.3348
vn 0.6372 -0.7255 0.2601
vn 0.7577 -0.6258 0.1851
vn 0.7514 -0.6027 0.2685
vn 0.6372 -0.7255 0.2601
vn 0.6396 -0.7478 0.1782
vn 0.7658 -0.6430 -0.0056
vn 0.7647 -0.6404 0.0713
vn 0.6440 -0.7617 0.0711
vn 0.6418 -0.7668 -0.0047
vn 0.7302 -0.6140 -0.2997
vn 0.7658 -0.6430 -0.0056
vn 0.6418 -0.7668 -0.0047
vn 0.6119 -0.7349 -0.2924
vn 0.7658 -0.6430 -0.0056
vn 0.7302 -0.6140 -0.2997
vn 0.8263 -0.4771 -0.2993
vn 0.8660 -0.5000 -0.0051
vn 0.7647 -0.6404 0.0713
vn 0.7658 -0.6430 -0.0056
vn 0.8660 -0.5000 -0.0051
vn 0.8638 -0.4987 0.0714
vn 0.8231 -0.3547 0.4436
vn 0.8667 -0.3692 0.3356
vn 0.8589 -0.3957 0.3250
vn 0.7953 -0.3688 0.4812
vn 0.6781 -0.2786 0.6801
vn 0.8231 -0.3547 0.4436
vn 0.7953 -0.3688 0.4812
vn 0.5843 -0.1945 0.7879
vn 0.8231 -0.3547 0.4436
vn 0.6781 -0.2786 0.6801
vn 0.6386 -0.3753 0.6718
vn 0.7767 -0.4488 0.4420
vn 0.8667 -0.3692 0.3356
vn 0.8231 -0.3547 0.4436
vn 0.7767 -0.4488 0.4420
vn 0.8215 -0.4600 0.3371
vn 0.8908 -0.3626 0.2739
vn 0.9119 -0.3625 0.1925
vn 0.9644 -0.1896 0.1842
vn 0.9139 -0.3058 0.2669
vn 0.8667 -0.3692 0.3356
vn 0.8908 -0.3626 0.2739
vn 0.9139 -0.3058 0.2669
vn 0.8589 -0.3957 0.3250
vn 0.8908 -0.3626 0.2739
vn 0.8667 -0.3692 0.3356
vn 0.8215 -0.4600 0.3371
vn 0.8385 -0.4703 0.2754
vn 0.9119 -0.3625 0.1925
vn 0.8908 -0.3626 0.2739
vn 0.8385 -0.4703 0.2754
vn 0.8521 -0.4872 0.1913
vn 0.9247 -0.3807 -0.0062
vn 0.9219 -0.3807 0.0716
vn 0.8638 -0.4987 0.0714
vn 0.8660 -0.5000 -0.0051
vn 0.8885 -0.3476 -0.2996
vn 0.9247 -0.3807 -0.0062
vn 0.8660 -0.5000 -0.0051
vn 0.8263 -0.4771 -0.2993
vn 0.9247 -0.3807 -0.0062
vn 0.8885 -0.3476 -0.2996
vn 0.8921 -0.2002 -0.4051
vn 0.9443 -0.3267 -0.0399
vn 0.9219 -0.3807 0.0716
vn 0.9247 -0.3807 -0.0062
vn 0.9443 -0.3267 -0.0399
vn 0.9388 -0.3353 0.0786
vn 0.9564 -0.2847 -0.0656
vn 0.9433 -0.3153 0.1035
vn 0.9388 -0.3353 0.0786
vn 0.9443 -0.3267 -0.0399
vn 0.9722 -0.1136 -0.2050
vn 0.9564 -0.2847 -0.0656
vn 0.9443 -0.3267 -0.0399
vn 0.8921 -0.2002 -0.4051
vn 0.9564 -0.2847 -0.0656
vn 0.9722 -0.1136 -0.2050
vn 0.9673 -0.1177 -0.2245
vn 0.9609 -0.2703 -0.0609
vn 0.9433 -0.3153 0.1035
vn 0.9564 -0.2847 -0.0656
vn 0.9609 -0.2703 -0.0609
vn 0.9434 -0.2979 0.1458
vn -0.3302 -0.9375 -0.1101
vn -0.6128 -0.7401 -0.2769
vn -0.7299 -0.6808 -0.0612
vn -0.4433 -0.8960 0.0249
vn -0.0964 -0.9778 0.1861
vn -0.3302 -0.9375 -0.1101
vn -0.4433 -0.8960 0.0249
vn -0.2781 -0.9301 0.2398
vn -0.3302 -0.9375 -0.1101
vn -0.0964 -0.9778 0.1861
vn -0.0591 -0.9885 0.1390
vn -0.3181 -0.9177 -0.2380
vn -0.6128 -0.7401 -0.2769
vn -0.3302 -0.9375 -0.1101
vn -0.3181 -0.9177 -0.2380
vn -0.5598 -0.7016 -0.4408
vn -0.0400 -0.8592 0.5102
vn -0.0964 -0.9778 0.1861
vn -0.2781 -0.9301 0.2398
vn -0.2538 -0.8310 0.4950
vn -0.1203 -0.6195 0.7757
vn -0.0400 -0.8592 0.5102
vn -0.2538 -0.8310 0.4950
vn -0.3402 -0.5180 0.7848
vn -0.0400 -0.8592 0.5102
vn -0.1203 -0.6195 0.7757
vn 0.0353 -0.5633 0.8255
vn 0.0658 -0.8362 0.5444
vn -0.0964 -0.9778 0.1861
vn -0.0400 -0.8592 0.5102
vn 0.0658 -0.8362 0.5444
vn -0.0591 -0.9885 0.1390
vn -0.1447 -0.2796 0.9491
vn -0.1203 -0.6195 0.7757
vn -0.3402 -0.5180 0.7848
vn -0.1592 -0.2037 0.9660
vn -0.1743 -0.0313 0.9842
vn -0.1447 -0.2796 0.9491
vn -0.1592 -0.2037 0.9660
vn -0.1800 -0.0324 0.9831
vn -0.1447 -0.2796 0.9491
vn -0.1743 -0.0313 0.9842
vn -0.0640 -0.0113 0.9979
vn -0.0311 -0.2408 0.9701
vn -0.1203 -0.6195 0.7757
vn -0.1447 -0.2796 0.9491
vn -0.0311 -0.2408 0.9701
vn 0.0353 -0.5633 0.8255
vn -0.6193 -0.3610 -0.6973
vn -0.7226 -0.4270 -0.5436
vn -0.5598 -0.7016 -0.4408
vn -0.4915 -0.6415 -0.5890
vn -0.5559 -0.3235 -0.7657
vn -0.6193 -0.3610 -0.6973
vn -0.4915 -0.6415 -0.5890
vn -0.4451 -0.6121 -0.6536
vn -0.6193 -0.3610 -0.6973
vn -0.5559 -0.3235 -0.7657
vn -0.6099 -0.1075 -0.7852
vn -0.6826 -0.1204 -0.7209
vn -0.7226 -0.4270 -0.5436
vn -0.6193 -0.3610 -0.6973
vn -0.6826 -0.1204 -0.7209
vn -0.8074 -0.1424 -0.5726
vn -0.3091 -0.8820 -0.3556
vn -0.3181 -0.9177 -0.2380
vn -0.0591 -0.9885 0.1390
vn -0.0848 -0.9948 0.0565
vn -0.2965 -0.8645 -0.4059
vn -0.3091 -0.8820 -0.3556
vn -0.0848 -0.9948 0.0565
vn -0.1159 -0.9926 -0.0350
vn -0.3091 -0.8820 -0.3556
vn -0.2965 -0.8645 -0.4059
vn -0.4451 -0.6121 -0.6536
vn -0.4915 -0.6415 -0.5890
vn -0.3181 -0.9177 -0.2380
vn -0.3091 -0.8820 -0.3556
vn -0.4915 -0.6415 -0.5890
vn -0.5598 -0.7016 -0.4408
vn 0.1292 -0.8516 0.5080
vn 0.0658 -0.8362 0.5444
vn 0.0353 -0.5633 0.8255
vn 0.1934 -0.5218 0.8308
vn 0.1315 -0.9032 0.4085
vn 0.1292 -0.8516 0.5080
vn 0.1934 -0.5218 0.8308
vn 0.2620 -0.5295 0.8068
vn 0.1292 -0.8516 0.5080
vn 0.1315 -0.9032 0.4085
vn -0.1159 -0.9926 -0.0350
vn -0.0848 -0.9948 0.0565
vn 0.0658 -0.8362 0.5444
vn 0.1292 -0.8516 0.5080
vn -0.0848 -0.9948 0.0565
vn -0.0591 -0.9885 0.1390
vn 0.6100 -0.2223 -0.7606
vn 0.5667 -0.1035 -0.8174
vn 0.8921 -0.2002 -0.4051
vn 0.8885 -0.3476 -0.2996
vn 0.5624 -0.3247 -0.7605
vn 0.6100 -0.2223 -0.7606
vn 0.8885 -0.3476 -0.2996
vn 0.8263 -0.4771 -0.2993
vn 0.6100 -0.2223 -0.7606
vn 0.5624 -0.3247 -0.7605
vn 0.3076 -0.1776 -0.9348
vn 0.3337 -0.1216 -0.9348
vn 0.5667 -0.1035 -0.8174
vn 0.6100 -0.2223 -0.7606
vn 0.3337 -0.1216 -0.9348
vn 0.3497 -0.0619 -0.9348
vn 0.4973 -0.4173 -0.7606
vn 0.5624 -0.3247 -0.7605
vn 0.8263 -0.4771 -0.2993
vn 0.7302 -0.6140 -0.2997
vn 0.4207 -0.5014 -0.7560
vn 0.4973 -0.4173 -0.7606
vn 0.7302 -0.6140 -0.2997
vn 0.6119 -0.7349 -0.2924
vn 0.4973 -0.4173 -0.7606
vn 0.4207 -0.5014 -0.7560
vn 0.2283 -0.2721 -0.9348
vn 0.2721 -0.2283 -0.9348
vn 0.5624 -0.3247 -0.7605
vn 0.4973 -0.4173 -0.7606
vn 0.2721 -0.2283 -0.9348
vn 0.3076 -0.1776 -0.9348
vn 0.3343 -0.5790 -0.7436
vn 0.4207 -0.5014 -0.7560
vn 0.6119 -0.7349 -0.2924
vn 0.4756 -0.8369 -0.2710
vn 0.2349 -0.6455 -0.7268
vn 0.3343 -0.5790 -0.7436
vn 0.4756 -0.8369 -0.2710
vn 0.3242 -0.9142 -0.2431
vn 0.3343 -0.5790 -0.7436
vn 0.2349 -0.6455 -0.7268
vn 0.1215 -0.3337 -0.9348
vn 0.1776 -0.3076 -0.9348
vn 0.4207 -0.5014 -0.7560
vn 0.3343 -0.5790 -0.7436
vn 0.1776 -0.3076 -0.9348
vn 0.2283 -0.2721 -0.9348
vn 0.1224 -0.6943 -0.7091
vn 0.2349 -0.6455 -0.7268
vn 0.3242 -0.9142 -0.2431
vn 0.1618 -0.9633 -0.2143
vn -0.0000 -0.7196 -0.6944
vn 0.1224 -0.6943 -0.7091
vn 0.1618 -0.9633 -0.2143
vn -0.0063 -0.9815 -0.1912
vn 0.1224 -0.6943 -0.7091
vn -0.0000 -0.7196 -0.6944
vn -0.0000 -0.3552 -0.9348
vn 0.0617 -0.3498 -0.9348
vn 0.2349 -0.6455 -0.7268
vn 0.1224 -0.6943 -0.7091
vn 0.0617 -0.3498 -0.9348
vn 0.1215 -0.3337 -0.9348
vn -0.1265 -0.7175 -0.6849
vn -0.0000 -0.7196 -0.6944
vn -0.0063 -0.9815 -0.1912
vn -0.1750 -0.9686 -0.1765
vn -0.2510 -0.6896 -0.6793
vn -0.1265 -0.7175 -0.6849
vn -0.1750 -0.9686 -0.1765
vn -0.3391 -0.9256 -0.1681
vn -0.1265 -0.7175 -0.6849
vn -0.2510 -0.6896 -0.6793
vn -0.1215 -0.3337 -0.9348
vn -0.0617 -0.3498 -0.9348
vn -0.0000 -0.7196 -0.6944
vn -0.1265 -0.7175 -0.6849
vn -0.0617 -0.3498 -0.9348
vn -0.0000 -0.3552 -0.9348
vn -0.3677 -0.6368 -0.6777
vn -0.2510 -0.6896 -0.6793
vn -0.3391 -0.9256 -0.1681
vn -0.4935 -0.8538 -0.1657
vn -0.4728 -0.5634 -0.6775
vn -0.3677 -0.6368 -0.6777
vn -0.4935 -0.8538 -0.1657
vn -0.6339 -0.7554 -0.1659
vn -0.3677 -0.6368 -0.6777
vn -0.4728 -0.5634 -0.6775
vn -0.2283 -0.2721 -0.9348
vn -0.1776 -0.3076 -0.9348
vn -0.2510 -0.6896 -0.6793
vn -0.3677 -0.6368 -0.6777
vn -0.1776 -0.3076 -0.9348
vn -0.1215 -0.3337 -0.9348
vn -0.5631 -0.4729 -0.6777
vn -0.4728 -0.5634 -0.6775
vn -0.6339 -0.7554 -0.1659
vn -0.7552 -0.6341 -0.1660
vn -0.6367 -0.3682 -0.6775
vn -0.5631 -0.4729 -0.6777
vn -0.7552 -0.6341 -0.1660
vn -0.8537 -0.4937 -0.1660
vn -0.5631 -0.4729 -0.6777
vn -0.6367 -0.3682 -0.6775
vn -0.3074 -0.1778 -0.9348
vn -0.2720 -0.2284 -0.9348
vn -0.4728 -0.5634 -0.6775
vn -0.5631 -0.4729 -0.6777
vn -0.2720 -0.2284 -0.9348
vn -0.2283 -0.2721 -0.9348
vn -0.6909 -0.2518 -0.6776
vn -0.6367 -0.3682 -0.6775
vn -0.8537 -0.4937 -0.1660
vn -0.9265 -0.3376 -0.1659
vn -0.7243 -0.1277 -0.6775
vn -0.6909 -0.2518 -0.6776
vn -0.9265 -0.3376 -0.1659
vn -0.9712 -0.1712 -0.1659
vn -0.6909 -0.2518 -0.6776
vn -0.7243 -0.1277 -0.6775
vn -0.3498 -0.0617 -0.9348
vn -0.3337 -0.1216 -0.9348
vn -0.6367 -0.3682 -0.6775
vn -0.6909 -0.2518 -0.6776
vn -0.3337 -0.1216 -0.9348
vn -0.3074 -0.1778 -0.9348
vn 0.2063 -0.0001 -0.9785
vn 0.3552 -0.0001 -0.9348
vn 0.3497 -0.0619 -0.9348
vn 0.2110 -0.0374 -0.9768
vn 0.0129 0.0000 -0.9999
vn 0.2063 -0.0001 -0.9785
vn 0.2110 -0.0374 -0.9768
vn 0.0431 -0.0077 -0.9990
vn 0.2063 -0.0001 -0.9785
vn 0.0129 0.0000 -0.9999
vn 0.0432 0.0076 -0.9990
vn 0.2110 0.0372 -0.9768
vn 0.3552 -0.0001 -0.9348
vn 0.2063 -0.0001 -0.9785
vn 0.2110 0.0372 -0.9768
vn 0.3498 0.0617 -0.9348
vn 0.1938 -0.0706 -0.9785
vn 0.3337 -0.1216 -0.9348
vn 0.3076 -0.1776 -0.9348
vn 0.1856 -0.1071 -0.9768
vn 0.0122 -0.0044 -0.9999
vn 0.1938 -0.0706 -0.9785
vn 0.1856 -0.1071 -0.9768
vn 0.0379 -0.0219 -0.9990
vn 0.1938 -0.0706 -0.9785
vn 0.0122 -0.0044 -0.9999
vn 0.0431 -0.0077 -0.9990
vn 0.2110 -0.0374 -0.9768
vn 0.3337 -0.1216 -0.9348
vn 0.1938 -0.0706 -0.9785
vn 0.2110 -0.0374 -0.9768
vn 0.3497 -0.0619 -0.9348
vn 0.1580 -0.1326 -0.9785
vn 0.2721 -0.2283 -0.9348
vn 0.2283 -0.2721 -0.9348
vn 0.1378 -0.1642 -0.9768
vn 0.0099 -0.0083 -0.9999
vn 0.1580 -0.1326 -0.9785
vn 0.1378 -0.1642 -0.9768
vn 0.0282 -0.0336 -0.9990
vn 0.1580 -0.1326 -0.9785
vn 0.0099 -0.0083 -0.9999
vn 0.0379 -0.0219 -0.9990
vn 0.1856 -0.1071 -0.9768
vn 0.2721 -0.2283 -0.9348
vn 0.1580 -0.1326 -0.9785
vn 0.1856 -0.1071 -0.9768
vn 0.3076 -0.1776 -0.9348
vn 0.1032 -0.1787 -0.9785
vn 0.1776 -0.3076 -0.9348
vn 0.1215 -0.3337 -0.9348
vn 0.0733 -0.2014 -0.9768
vn 0.0065 -0.0112 -0.9999
vn 0.1032 -0.1787 -0.9785
vn 0.0733 -0.2014 -0.9768
vn 0.0150 -0.0412 -0.9990
vn 0.1032 -0.1787 -0.9785
vn 0.0065 -0.0112 -0.9999
vn 0.0282 -0.0336 -0.9990
vn 0.1378 -0.1642 -0.9768
vn 0.1776 -0.3076 -0.9348
vn 0.1032 -0.1787 -0.9785
vn 0.1378 -0.1642 -0.9768
vn 0.2283 -0.2721 -0.9348
vn 0.0358 -0.2032 -0.9785
vn 0.0617 -0.3498 -0.9348
vn -0.0000 -0.3552 -0.9348
vn -0.0000 -0.2143 -0.9768
vn 0.0023 -0.0128 -0.9999
vn 0.0358 -0.2032 -0.9785
vn -0.0000 -0.2143 -0.9768
vn -0.0000 -0.0439 -0.9990
vn 0.0358 -0.2032 -0.9785
vn 0.0023 -0.0128 -0.9999
vn 0.0150 -0.0412 -0.9990
vn 0.0733 -0.2014 -0.9768
vn 0.0617 -0.3498 -0.9348
vn 0.0358 -0.2032 -0.9785
vn 0.0733 -0.2014 -0.9768
vn 0.1215 -0.3337 -0.9348
vn -0.0358 -0.2032 -0.9785
vn -0.0617 -0.3498 -0.9348
vn -0.1215 -0.3337 -0.9348
vn -0.0733 -0.2014 -0.9768
vn -0.0023 -0.0128 -0.9999
vn -0.0358 -0.2032 -0.9785
vn -0.0733 -0.2014 -0.9768
vn -0.0150 -0.0412 -0.9990
vn -0.0358 -0.2032 -0.9785
vn -0.0023 -0.0128 -0.9999
vn -0.0000 -0.0439 -0.9990
vn -0.0000 -0.2143 -0.9768
vn -0.0617 -0.3498 -0.9348
vn -0.0358 -0.2032 -0.9785
vn -0.0000 -0.2143 -0.9768
vn -0.0000 -0.3552 -0.9348
vn -0.1032 -0.1787 -0.9785
vn -0.1776 -0.3076 -0.9348
vn -0.2283 -0.2721 -0.9348
vn -0.1378 -0.1642 -0.9768
vn -0.0065 -0.0112 -0.9999
vn -0.1032 -0.1787 -0.9785
vn -0.1378 -0.1642 -0.9768
vn -0.0282 -0.0336 -0.9990
vn -0.1032 -0.1787 -0.9785
vn -0.0065 -0.0112 -0.9999
vn -0.0150 -0.0412 -0.9990
vn -0.0733 -0.2014 -0.9768
vn -0.1776 -0.3076 -0.9348
vn -0.1032 -0.1787 -0.9785
vn -0.0733 -0.2014 -0.9768
vn -0.1215 -0.3337 -0.9348
vn -0.1579 -0.1326 -0.9785
vn -0.2720 -0.2284 -0.9348
vn -0.3074 -0.1778 -0.9348
vn -0.1855 -0.1073 -0.9768
vn -0.0099 -0.0083 -0.9999
vn -0.1579 -0.1326 -0.9785
vn -0.1855 -0.1073 -0.9768
vn -0.0379 -0.0220 -0.9990
vn -0.1579 -0.1326 -0.9785
vn -0.0099 -0.0083 -0.9999
vn -0.0282 -0.0336 -0.9990
vn -0.1378 -0.1642 -0.9768
vn -0.2720 -0.2284 -0.9348
vn -0.1579 -0.1326 -0.9785
vn -0.1378 -0.1642 -0.9768
vn -0.2283 -0.2721 -0.9348
vn 0.0544 0.0732 0.9958
vn 0.2631 0.1486 0.9532
vn -0.3402 -0.5180 0.7848
vn -0.5948 -0.6012 0.5336
vn 0.0597 0.0057 0.9982
vn 0.0544 0.0732 0.9958
vn -0.5948 -0.6012 0.5336
vn -0.5610 -0.6767 0.4768
vn 0.0544 0.0732 0.9958
vn 0.0597 0.0057 0.9982
vn 0.6652 0.7122 0.2243
vn 0.7768 0.5906 0.2186
vn 0.2631 0.1486 0.9532
vn 0.0544 0.0732 0.9958
vn 0.7768 0.5906 0.2186
vn 0.8555 0.4703 0.2168
vn 0.1436 -0.0422 0.9887
vn 0.0597 0.0057 0.9982
vn -0.5610 -0.6767 0.4768
vn -0.3956 -0.7929 0.4635
vn 0.2424 -0.0433 0.9692
vn 0.1436 -0.0422 0.9887
vn -0.3956 -0.7929 0.4635
vn -0.2033 -0.8528 0.4810
vn 0.1436 -0.0422 0.9887
vn 0.2424 -0.0433 0.9692
vn 0.3863 0.8885 0.2475
vn 0.5246 0.8191 0.2321
vn 0.0597 0.0057 0.9982
vn 0.1436 -0.0422 0.9887
vn 0.5246 0.8191 0.2321
vn 0.6652 0.7122 0.2243
vn 0.2931 -0.0102 0.9560
vn 0.2424 -0.0433 0.9692
vn -0.2033 -0.8528 0.4810
vn -0.0250 -0.8606 0.5086
vn 0.2294 0.0360 0.9727
vn 0.2931 -0.0102 0.9560
vn -0.0250 -0.8606 0.5086
vn 0.0994 -0.8341 0.5426
vn 0.2931 -0.0102 0.9560
vn 0.2294 0.0360 0.9727
vn 0.0601 0.9532 0.2963
vn 0.2396 0.9327 0.2695
vn 0.2424 -0.0433 0.9692
vn 0.2931 -0.0102 0.9560
vn 0.2396 0.9327 0.2695
vn 0.3863 0.8885 0.2475
vn 0.1124 0.0582 0.9920
vn 0.2294 0.0360 0.9727
vn 0.0994 -0.8341 0.5426
vn 0.1935 -0.7974 0.5716
vn 0.0389 0.0623 0.9973
vn 0.1124 0.0582 0.9920
vn 0.1935 -0.7974 0.5716
vn 0.2968 -0.7483 0.5933
vn 0.1124 0.0582 0.9920
vn 0.0389 0.0623 0.9973
vn -0.3058 0.8910 0.3355
vn -0.1305 0.9380 0.3210
vn 0.2294 0.0360 0.9727
vn 0.1124 0.0582 0.9920
vn -0.1305 0.9380 0.3210
vn 0.0601 0.9532 0.2963
vn -0.0056 0.0629 0.9980
vn 0.0389 0.0623 0.9973
vn 0.2968 -0.7483 0.5933
vn 0.4026 -0.6824 0.6101
vn -0.0393 0.0621 0.9973
vn -0.0056 0.0629 0.9980
vn 0.4026 -0.6824 0.6101
vn 0.4989 -0.5984 0.6269
vn -0.0056 0.0629 0.9980
vn -0.0393 0.0621 0.9973
vn -0.6009 0.7208 0.3455
vn -0.4627 0.8178 0.3422
vn 0.0389 0.0623 0.9973
vn -0.0056 0.0629 0.9980
vn -0.4627 0.8178 0.3422
vn -0.3058 0.8910 0.3355
vn -0.0736 0.0653 0.9952
vn -0.0393 0.0621 0.9973
vn 0.4989 -0.5984 0.6269
vn 0.5777 -0.4939 0.6499
vn -0.1062 0.0615 0.9924
vn -0.0736 0.0653 0.9952
vn 0.5777 -0.4939 0.6499
vn 0.6386 -0.3753 0.6718
vn -0.0736 0.0653 0.9952
vn -0.1062 0.0615 0.9924
vn -0.8123 0.4690 0.3468
vn -0.7181 0.6036 0.3464
vn -0.0393 0.0621 0.9973
vn -0.0736 0.0653 0.9952
vn -0.7181 0.6036 0.3464
vn -0.6009 0.7208 0.3455
vn -0.1254 0.0457 0.9910
vn -0.1062 0.0615 0.9924
vn 0.6386 -0.3753 0.6718
vn 0.6781 -0.2786 0.6801
vn -0.2328 0.0391 0.9717
vn -0.1254 0.0457 0.9910
vn 0.6781 -0.2786 0.6801
vn 0.5843 -0.1945 0.7879
vn -0.1254 0.0457 0.9910
vn -0.2328 0.0391 0.9717
vn -0.9235 0.1639 0.3467
vn -0.8813 0.3213 0.3466
vn -0.1062 0.0615 0.9924
vn -0.1254 0.0457 0.9910
vn -0.8813 0.3213 0.3466
vn -0.8123 0.4690 0.3468
vn -0.3557 -0.0010 0.9346
vn -0.2328 0.0391 0.9717
vn 0.5843 -0.1945 0.7879
vn 0.3290 -0.0318 0.9438
vn -0.3552 -0.0626 0.9327
vn -0.3557 -0.0010 0.9346
vn 0.3290 -0.0318 0.9438
vn 0.3082 0.0543 0.9498
vn -0.3557 -0.0010 0.9346
vn -0.3552 -0.0626 0.9327
vn -0.9237 -0.1629 0.3467
vn -0.9380 0.0005 0.3466
vn -0.2328 0.0391 0.9717
vn -0.3557 -0.0010 0.9346
vn -0.9380 0.0005 0.3466
vn -0.9235 0.1639 0.3467
vn 0.7980 0.6023 0.0229
vn 0.8767 0.4806 0.0228
vn 0.8555 0.4703 0.2168
vn 0.7768 0.5906 0.2186
vn 0.6754 0.7371 0.0234
vn 0.7980 0.6023 0.0229
vn 0.7768 0.5906 0.2186
vn 0.6652 0.7122 0.2243
vn 0.7980 0.6023 0.0229
vn 0.6754 0.7371 0.0234
vn 0.6751 0.7377 0.0000
vn 0.7983 0.6023 0.0000
vn 0.8767 0.4806 0.0228
vn 0.7980 0.6023 0.0229
vn 0.7983 0.6023 0.0000
vn 0.8769 0.4806 0.0000
vn 0.5121 0.8586 0.0243
vn 0.6754 0.7371 0.0234
vn 0.6652 0.7122 0.2243
vn 0.5246 0.8191 0.2321
vn 0.3452 0.9382 0.0262
vn 0.5121 0.8586 0.0243
vn 0.5246 0.8191 0.2321
vn 0.3863 0.8885 0.2475
vn 0.5121 0.8586 0.0243
vn 0.3452 0.9382 0.0262
vn 0.3420 0.9397 0.0000
vn 0.5105 0.8599 0.0000
vn 0.6754 0.7371 0.0234
vn 0.5121 0.8586 0.0243
vn 0.5105 0.8599 0.0000
vn 0.6751 0.7377 0.0000
vn 0.1780 0.9836 0.0292
vn 0.3452 0.9382 0.0262
vn 0.3863 0.8885 0.2475
vn 0.2396 0.9327 0.2695
vn 0.0038 0.9994 0.0330
vn 0.1780 0.9836 0.0292
vn 0.2396 0.9327 0.2695
vn 0.0601 0.9532 0.2963
vn 0.1780 0.9836 0.0292
vn 0.0038 0.9994 0.0330
vn 0.0000 1.0000 0.0000
vn 0.1736 0.9848 0.0000
vn 0.3452 0.9382 0.0262
vn 0.1780 0.9836 0.0292
vn 0.1736 0.9848 0.0000
vn 0.3420 0.9397 0.0000
vn -0.1714 0.9845 0.0362
vn 0.0038 0.9994 0.0330
vn 0.0601 0.9532 0.2963
vn -0.1305 0.9380 0.3210
vn -0.3407 0.9394 0.0381
vn -0.1714 0.9845 0.0362
vn -0.1305 0.9380 0.3210
vn -0.3058 0.8910 0.3355
vn -0.1714 0.9845 0.0362
vn -0.3407 0.9394 0.0381
vn -0.3420 0.9397 0.0000
vn -0.1736 0.9848 0.0000
vn 0.0038 0.9994 0.0330
vn -0.1714 0.9845 0.0362
vn -0.1736 0.9848 0.0000
vn 0.0000 1.0000 0.0000
vn -0.4992 0.8656 0.0390
vn -0.3407 0.9394 0.0381
vn -0.3058 0.8910 0.3355
vn -0.4627 0.8178 0.3422
vn -0.6421 0.7656 0.0394
vn -0.4992 0.8656 0.0390
vn -0.4627 0.8178 0.3422
vn -0.6009 0.7208 0.3455
vn -0.4992 0.8656 0.0390
vn -0.6421 0.7656 0.0394
vn -0.6428 0.7660 0.0000
vn -0.5000 0.8660 0.0000
vn -0.3407 0.9394 0.0381
vn -0.4992 0.8656 0.0390
vn -0.5000 0.8660 0.0000
vn -0.3420 0.9397 0.0000
vn -0.7654 0.6423 0.0395
vn -0.6421 0.7656 0.0394
vn -0.6009 0.7208 0.3455
vn -0.7181 0.6036 0.3464
vn -0.8653 0.4996 0.0396
vn -0.7654 0.6423 0.0395
vn -0.7181 0.6036 0.3464
vn -0.8123 0.4690 0.3468
vn -0.7654 0.6423 0.0395
vn -0.8653 0.4996 0.0396
vn -0.8660 0.5000 0.0000
vn -0.7660 0.6428 0.0000
vn -0.6421 0.7656 0.0394
vn -0.7654 0.6423 0.0395
vn -0.7660 0.6428 0.0000
vn -0.6428 0.7660 0.0000
vn -0.9388 0.3423 0.0395
vn -0.8653 0.4996 0.0396
vn -0.8123 0.4690 0.3468
vn -0.8813 0.3213 0.3466
vn -0.9838 0.1747 0.0395
vn -0.9388 0.3423 0.0395
vn -0.8813 0.3213 0.3466
vn -0.9235 0.1639 0.3467
vn -0.9388 0.3423 0.0395
vn -0.9838 0.1747 0.0395
vn -0.9846 0.1748 0.0000
vn -0.9395 0.3426 0.0000
vn -0.8653 0.4996 0.0396
vn -0.9388 0.3423 0.0395
vn -0.9395 0.3426 0.0000
vn -0.8660 0.5000 0.0000
vn -0.9992 0.0006 0.0395
vn -0.9838 0.1747 0.0395
vn -0.9235 0.1639 0.3467
vn -0.9380 0.0005 0.3466
vn -0.9840 -0.1735 0.0395
vn -0.9992 0.0006 0.0395
vn -0.9380 0.0005 0.3466
vn -0.9237 -0.1629 0.3467
vn -0.9992 0.0006 0.0395
vn -0.9840 -0.1735 0.0395
vn -0.9848 -0.1736 0.0000
vn -1.0000 0.0006 0.0000
vn -0.9838 0.1747 0.0395
vn -0.9992 0.0006 0.0395
vn -1.0000 0.0006 0.0000
vn -0.9846 0.1748 0.0000
vn 0.9887 0.0452 0.1430
vn 0.9741 0.1718 0.1470
vn 0.9710 0.1712 0.1671
vn 0.9857 0.0145 0.1677
vn 0.9888 -0.0414 0.1433
vn 0.9887 0.0452 0.1430
vn 0.9857 0.0145 0.1677
vn 0.9644 -0.1896 0.1842
vn 0.9887 0.0452 0.1430
vn 0.9888 -0.0414 0.1433
vn 0.9789 -0.0310 0.2018
vn 0.9755 0.0502 0.2140
vn 0.9741 0.1718 0.1470
vn 0.9887 0.0452 0.1430
vn 0.9755 0.0502 0.2140
vn 0.9584 0.1690 0.2299
vn -0.9395 -0.3424 0.0107
vn -0.9848 -0.1736 0.0096
vn -0.9712 -0.1712 -0.1659
vn -0.9265 -0.3376 -0.1659
vn -0.8655 -0.5007 0.0124
vn -0.9395 -0.3424 0.0107
vn -0.9265 -0.3376 -0.1659
vn -0.8537 -0.4937 -0.1660
vn -0.9395 -0.3424 0.0107
vn -0.8655 -0.5007 0.0124
vn -0.8624 -0.5008 0.0741
vn -0.9365 -0.3438 0.0691
vn -0.9848 -0.1736 0.0096
vn -0.9395 -0.3424 0.0107
vn -0.9365 -0.3438 0.0691
vn -0.9827 -0.1733 0.0657
vn 0.5031 -0.0215 0.8639
vn 0.4770 0.0841 0.8749
vn 0.3082 0.0543 0.9498
vn 0.3290 -0.0318 0.9438
vn 0.6203 -0.1933 0.7602
vn 0.5031 -0.0215 0.8639
vn 0.3290 -0.0318 0.9438
vn 0.5843 -0.1945 0.7879
vn 0.5031 -0.0215 0.8639
vn 0.6203 -0.1933 0.7602
vn 0.5775 -0.1784 0.7967
vn 0.5057 -0.0045 0.8627
vn 0.4770 0.0841 0.8749
vn 0.5031 -0.0215 0.8639
vn 0.5057 -0.0045 0.8627
vn 0.4788 0.0844 0.8739
vn 0.9805 0.0153 0.1962
vn 0.9674 0.1706 0.1874
vn 0.9814 0.1730 0.0834
vn 0.9937 0.0061 0.1122
vn 0.9681 -0.1155 0.2225
vn 0.9805 0.0153 0.1962
vn 0.9937 0.0061 0.1122
vn 0.9812 -0.1254 0.1469
vn 0.9805 0.0153 0.1962
vn 0.9681 -0.1155 0.2225
vn 0.9644 -0.1896 0.1842
vn 0.9857 0.0145 0.1677
vn 0.9674 0.1706 0.1874
vn 0.9805 0.0153 0.1962
vn 0.9857 0.0145 0.1677
vn 0.9710 0.1712 0.1671
vn -0.7899 -0.4755 -0.3872
vn -0.8918 -0.1572 -0.4243
vn -0.9620 -0.1696 -0.2140
vn -0.8677 -0.4603 -0.1878
vn -0.6128 -0.7401 -0.2769
vn -0.7899 -0.4755 -0.3872
vn -0.8677 -0.4603 -0.1878
vn -0.7299 -0.6808 -0.0612
vn -0.7899 -0.4755 -0.3872
vn -0.6128 -0.7401 -0.2769
vn -0.5598 -0.7016 -0.4408
vn -0.7226 -0.4270 -0.5436
vn -0.8918 -0.1572 -0.4243
vn -0.7899 -0.4755 -0.3872
vn -0.7226 -0.4270 -0.5436
vn -0.8074 -0.1424 -0.5726
vn -0.0944 -0.1517 0.9839
vn -0.1332 -0.0235 0.9908
vn -0.7789 -0.1373 0.6119
vn -0.7494 -0.1372 0.6478
vn -0.0382 -0.5540 0.8316
vn -0.0944 -0.1517 0.9839
vn -0.7494 -0.1372 0.6478
vn -0.6817 -0.3557 0.6394
vn -0.0944 -0.1517 0.9839
vn -0.0382 -0.5540 0.8316
vn 0.2620 -0.5295 0.8068
vn 0.2047 -0.1343 0.9696
vn -0.1332 -0.0235 0.9908
vn -0.0944 -0.1517 0.9839
vn 0.2047 -0.1343 0.9696
vn 0.1608 0.0284 0.9866
vn 0.4826 -0.0036 -0.8758
vn 0.4357 0.0768 -0.8968
vn 0.7237 0.1276 -0.6783
vn 0.8030 -0.0225 -0.5955
vn 0.5667 -0.1035 -0.8174
vn 0.4826 -0.0036 -0.8758
vn 0.8030 -0.0225 -0.5955
vn 0.8921 -0.2002 -0.4051
vn 0.4826 -0.0036 -0.8758
vn 0.5667 -0.1035 -0.8174
vn 0.3497 -0.0619 -0.9348
vn 0.3552 -0.0001 -0.9348
vn 0.4357 0.0768 -0.8968
vn 0.4826 -0.0036 -0.8758
vn 0.3552 -0.0001 -0.9348
vn 0.3498 0.0617 -0.9348
vn -0.1938 -0.0706 -0.9785
vn -0.2110 -0.0372 -0.9768
vn -0.0432 -0.0076 -0.9990
vn -0.0121 -0.0044 -0.9999
vn -0.1855 -0.1073 -0.9768
vn -0.1938 -0.0706 -0.9785
vn -0.0121 -0.0044 -0.9999
vn -0.0379 -0.0220 -0.9990
vn -0.1938 -0.0706 -0.9785
vn -0.1855 -0.1073 -0.9768
vn -0.3074 -0.1778 -0.9348
vn -0.3337 -0.1216 -0.9348
vn -0.2110 -0.0372 -0.9768
vn -0.1938 -0.0706 -0.9785
vn -0.3337 -0.1216 -0.9348
vn -0.3498 -0.0617 -0.9348
vn 0.4334 0.1312 0.8916
vn 0.4462 0.0787 0.8915
vn -0.1800 -0.0324 0.9831
vn -0.1592 -0.2037 0.9660
vn 0.2631 0.1486 0.9532
vn 0.4334 0.1312 0.8916
vn -0.1592 -0.2037 0.9660
vn -0.3402 -0.5180 0.7848
vn 0.4334 0.1312 0.8916
vn 0.2631 0.1486 0.9532
vn 0.8555 0.4703 0.2168
vn 0.9185 0.3281 0.2209
vn 0.4462 0.0787 0.8915
vn 0.4334 0.1312 0.8916
vn 0.9185 0.3281 0.2209
vn 0.9596 0.1704 0.2240
vn 0.9400 0.3404 0.0232
vn 0.9843 0.1748 0.0234
vn 0.9596 0.1704 0.2240
vn 0.9185 0.3281 0.2209
vn 0.8767 0.4806 0.0228
vn 0.9400 0.3404 0.0232
vn 0.9185 0.3281 0.2209
vn 0.8555 0.4703 0.2168
vn 0.9400 0.3404 0.0232
vn 0.8767 0.4806 0.0228
vn 0.8769 0.4806 0.0000
vn 0.9401 0.3408 -0.0000
vn 0.9843 0.1748 0.0234
vn 0.9400 0.3404 0.0232
vn 0.9401 0.3408 -0.0000
vn 0.9846 0.1749 0.0000
vn -0.9997 0.0181 0.0143
vn -0.9813 0.1827 0.0610
vn -0.9817 0.1756 0.0741
vn -0.9976 0.0028 0.0691
vn -0.9848 -0.1736 0.0076
vn -0.9997 0.0181 0.0143
vn -0.9976 0.0028 0.0691
vn -0.9827 -0.1733 0.0657
vn -0.9997 0.0181 0.0143
vn -0.9848 -0.1736 0.0076
vn -0.9620 -0.1696 -0.2140
vn -0.9728 0.1357 -0.1878
vn -0.9813 0.1827 0.0610
vn -0.9997 0.0181 0.0143
vn -0.9728 0.1357 -0.1878
vn -0.9187 0.3901 -0.0612
vn -0.9331 0.3384 0.1215
vn -0.8600 0.4944 0.1264
vn -0.8638 0.4981 0.0754
vn -0.9368 0.3415 0.0759
vn -0.9813 0.1827 0.0610
vn -0.9331 0.3384 0.1215
vn -0.9368 0.3415 0.0759
vn -0.9817 0.1756 0.0741
vn -0.9331 0.3384 0.1215
vn -0.9813 0.1827 0.0610
vn -0.9187 0.3901 -0.0612
vn -0.8955 0.4213 0.1434
vn -0.8600 0.4944 0.1264
vn -0.9331 0.3384 0.1215
vn -0.8955 0.4213 0.1434
vn -0.8475 0.5027 0.1705
vn -0.7593 0.6379 0.1286
vn -0.6338 0.7629 0.1277
vn -0.6381 0.7662 0.0753
vn -0.7634 0.6415 0.0752
vn -0.8600 0.4944 0.1264
vn -0.7593 0.6379 0.1286
vn -0.7634 0.6415 0.0752
vn -0.8638 0.4981 0.0754
vn -0.7593 0.6379 0.1286
vn -0.8600 0.4944 0.1264
vn -0.8475 0.5027 0.1705
vn -0.7511 0.6350 0.1809
vn -0.6338 0.7629 0.1277
vn -0.7593 0.6379 0.1286
vn -0.7511 0.6350 0.1809
vn -0.6309 0.7548 0.1798
vn -0.4882 0.8639 0.1243
vn -0.3279 0.9371 0.1198
vn -0.3319 0.9404 0.0736
vn -0.4925 0.8671 0.0746
vn -0.6338 0.7629 0.1277
vn -0.4882 0.8639 0.1243
vn -0.4925 0.8671 0.0746
vn -0.6381 0.7662 0.0753
vn -0.4882 0.8639 0.1243
vn -0.6338 0.7629 0.1277
vn -0.6309 0.7548 0.1798
vn -0.4885 0.8546 0.1762
vn -0.3279 0.9371 0.1198
vn -0.4882 0.8639 0.1243
vn -0.4885 0.8546 0.1762
vn -0.3296 0.9282 0.1727
vn -0.1591 0.9805 0.1153
vn 0.0118 0.9937 0.1117
vn 0.0096 0.9974 0.0716
vn -0.1625 0.9840 0.0724
vn -0.3279 0.9371 0.1198
vn -0.1591 0.9805 0.1153
vn -0.1625 0.9840 0.0724
vn -0.3319 0.9404 0.0736
vn -0.1591 0.9805 0.1153
vn -0.3279 0.9371 0.1198
vn -0.3296 0.9282 0.1727
vn -0.1606 0.9719 0.1718
vn 0.0118 0.9937 0.1117
vn -0.1591 0.9805 0.1153
vn -0.1606 0.9719 0.1718
vn 0.0108 0.9849 0.1726
vn 0.1809 0.9774 0.1096
vn 0.3441 0.9326 0.1091
vn 0.3446 0.9360 0.0711
vn 0.1801 0.9811 0.0712
vn 0.0118 0.9937 0.1117
vn 0.1809 0.9774 0.1096
vn 0.1801 0.9811 0.0712
vn 0.0096 0.9974 0.0716
vn 0.1809 0.9774 0.1096
vn 0.0118 0.9937 0.1117
vn 0.0108 0.9849 0.1726
vn 0.1808 0.9679 0.1744
vn 0.3441 0.9326 0.1091
vn 0.1809 0.9774 0.1096
vn 0.1808 0.9679 0.1744
vn 0.3452 0.9214 0.1782
vn 0.4979 0.8601 0.1107
vn 0.6387 0.7611 0.1128
vn 0.6411 0.7641 0.0714
vn 0.4995 0.8634 0.0713
vn 0.3441 0.9326 0.1091
vn 0.4979 0.8601 0.1107
vn 0.4995 0.8634 0.0713
vn 0.3446 0.9360 0.0711
vn 0.4979 0.8601 0.1107
vn 0.3441 0.9326 0.1091
vn 0.3452 0.9214 0.1782
vn 0.4980 0.8472 0.1851
vn 0.6387 0.7611 0.1128
vn 0.4979 0.8601 0.1107
vn 0.4980 0.8472 0.1851
vn 0.6341 0.7492 0.1913
vn 0.7423 0.6600 0.1153
vn 0.8112 0.5729 0.1168
vn 0.7675 0.6362 0.0786
vn 0.7361 0.6731 0.0716
vn 0.6387 0.7611 0.1128
vn 0.7423 0.6600 0.1153
vn 0.7361 0.6731 0.0716
vn 0.6411 0.7641 0.0714
vn 0.7423 0.6600 0.1153
vn 0.6387 0.7611 0.1128
vn 0.6341 0.7492 0.1913
vn 0.7329 0.6526 0.1925
vn 0.8112 0.5729 0.1168
vn 0.7423 0.6600 0.1153
vn 0.7329 0.6526 0.1925
vn 0.8414 0.5080 0.1842
vn -0.0000 -0.0000 -1.0000
vn 0.0099 0.0083 -0.9999
vn 0.0379 0.0220 -0.9990
vn 0.0121 0.0044 -0.9999
vn 0.0129 0.0000 -0.9999
vn -0.0000 -0.0000 -1.0000
vn 0.0121 0.0044 -0.9999
vn 0.0432 0.0076 -0.9990
vn -0.0000 -0.0000 -1.0000
vn 0.0129 0.0000 -0.9999
vn 0.0431 -0.0077 -0.9990
vn 0.0122 -0.0044 -0.9999
vn 0.0099 -0.0083 -0.9999
vn -0.0000 -0.0000 -1.0000
vn 0.0122 -0.0044 -0.9999
vn 0.0379 -0.0219 -0.9990
vn -0.0000 -0.0000 -1.0000
vn 0.0099 -0.0083 -0.9999
vn 0.0282 -0.0336 -0.9990
vn 0.0065 -0.0112 -0.9999
vn 0.0023 -0.0128 -0.9999
vn -0.0000 -0.0000 -1.0000
vn 0.0065 -0.0112 -0.9999
vn 0.0150 -0.0412 -0.9990
vn -0.0000 -0.0000 -1.0000
vn 0.0023 -0.0128 -0.9999
vn -0.0000 -0.0439 -0.9990
vn -0.0023 -0.0128 -0.9999
vn -0.0065 -0.0112 -0.9999
vn -0.0000 -0.0000 -1.0000
vn -0.0023 -0.0128 -0.9999
vn -0.0150 -0.0412 -0.9990
vn -0.0000 -0.0000 -1.0000
vn -0.0065 -0.0112 -0.9999
vn -0.0282 -0.0336 -0.9990
vn -0.0099 -0.0083 -0.9999
vn -0.0121 -0.0044 -0.9999
vn -0.0000 -0.0000 -1.0000
vn -0.0099 -0.0083 -0.9999
vn -0.0379 -0.0220 -0.9990
vn -0.0000 -0.0000 -1.0000
vn -0.0121 -0.0044 -0.9999
vn -0.0432 -0.0076 -0.9990
vn -0.0129 -0.0000 -0.9999
vn -0.0122 0.0044 -0.9999
vn -0.0000 -0.0000 -1.0000
vn -0.0129 -0.0000 -0.9999
vn -0.0431 0.0077 -0.9990
vn -0.0000 -0.0000 -1.0000
vn -0.0122 0.0044 -0.9999
vn -0.0379 0.0219 -0.9990
vn -0.0099 0.0083 -0.9999
vn -0.0065 0.0112 -0.9999
vn -0.0000 -0.0000 -1.0000
vn -0.0099 0.0083 -0.9999
vn -0.0282 0.0336 -0.9990
vn -0.0000 -0.0000 -1.0000
vn -0.0065 0.0112 -0.9999
vn -0.0150 0.0412 -0.9990
vn -0.0023 0.0128 -0.9999
vn 0.0023 0.0128 -0.9999
vn -0.0000 -0.0000 -1.0000
vn -0.0023 0.0128 -0.9999
vn 0.0000 0.0439 -0.9990
vn -0.0000 -0.0000 -1.0000
vn 0.0023 0.0128 -0.9999
vn 0.0150 0.0412 -0.9990
vn 0.0065 0.0112 -0.9999
vn 0.0099 0.0083 -0.9999
vn -0.0000 -0.0000 -1.0000
vn 0.0065 0.0112 -0.9999
vn 0.0282 0.0336 -0.9990
vn -0.7352 0.5414 0.4080
vn -0.7745 0.5247 0.3534
vn -0.7705 0.5711 0.2830
vn -0.7391 0.6139 0.2772
vn -0.5222 0.6935 0.4963
vn -0.7352 0.5414 0.4080
vn -0.7391 0.6139 0.2772
vn -0.5794 0.7789 0.2398
vn -0.7352 0.5414 0.4080
vn -0.5222 0.6935 0.4963
vn -0.4958 0.3650 0.7880
vn -0.7652 0.3603 0.5335
vn -0.7745 0.5247 0.3534
vn -0.7352 0.5414 0.4080
vn -0.7652 0.3603 0.5335
vn -0.7586 0.4440 0.4768
vn -0.8136 0.5560 0.1701
vn -0.8114 0.5422 0.2183
vn -0.8475 0.5027 0.1705
vn -0.8955 0.4213 0.1434
vn -0.7230 0.6904 0.0249
vn -0.8136 0.5560 0.1701
vn -0.8955 0.4213 0.1434
vn -0.9187 0.3901 -0.0612
vn -0.8136 0.5560 0.1701
vn -0.7230 0.6904 0.0249
vn -0.5794 0.7789 0.2398
vn -0.7391 0.6139 0.2772
vn -0.8114 0.5422 0.2183
vn -0.8136 0.5560 0.1701
vn -0.7391 0.6139 0.2772
vn -0.7705 0.5711 0.2830
vn -0.9395 0.3424 0.0130
vn -0.9846 0.1745 0.0124
vn -0.9817 0.1756 0.0741
vn -0.9368 0.3415 0.0759
vn -0.8659 0.5000 0.0129
vn -0.9395 0.3424 0.0130
vn -0.9368 0.3415 0.0759
vn -0.8638 0.4981 0.0754
vn -0.9395 0.3424 0.0130
vn -0.8659 0.5000 0.0129
vn -0.8540 0.4931 -0.1659
vn -0.9265 0.3376 -0.1660
vn -0.9846 0.1745 0.0124
vn -0.9395 0.3424 0.0130
vn -0.9265 0.3376 -0.1660
vn -0.9710 0.1719 -0.1659
vn -0.6950 0.6333 0.3403
vn -0.5705 0.7406 0.3549
vn -0.6088 0.7370 0.2935
vn -0.7129 0.6404 0.2859
vn -0.7745 0.5247 0.3534
vn -0.6950 0.6333 0.3403
vn -0.7129 0.6404 0.2859
vn -0.7705 0.5711 0.2830
vn -0.6950 0.6333 0.3403
vn -0.7745 0.5247 0.3534
vn -0.7586 0.4440 0.4768
vn -0.6429 0.6098 0.4635
vn -0.5705 0.7406 0.3549
vn -0.6950 0.6333 0.3403
vn -0.6429 0.6098 0.4635
vn -0.4827 0.7319 0.4810
vn -0.7339 0.6382 0.2328
vn -0.6249 0.7447 0.2342
vn -0.6309 0.7548 0.1798
vn -0.7511 0.6350 0.1809
vn -0.8114 0.5422 0.2183
vn -0.7339 0.6382 0.2328
vn -0.7511 0.6350 0.1809
vn -0.8475 0.5027 0.1705
vn -0.7339 0.6382 0.2328
vn -0.8114 0.5422 0.2183
vn -0.7705 0.5711 0.2830
vn -0.7129 0.6404 0.2859
vn -0.6249 0.7447 0.2342
vn -0.7339 0.6382 0.2328
vn -0.7129 0.6404 0.2859
vn -0.6088 0.7370 0.2935
vn -0.7660 0.6427 0.0130
vn -0.8659 0.5000 0.0129
vn -0.8638 0.4981 0.0754
vn -0.7634 0.6415 0.0752
vn -0.6430 0.7658 0.0130
vn -0.7660 0.6427 0.0130
vn -0.7634 0.6415 0.0752
vn -0.6381 0.7662 0.0753
vn -0.7660 0.6427 0.0130
vn -0.6430 0.7658 0.0130
vn -0.6352 0.7538 -0.1681
vn -0.7558 0.6335 -0.1657
vn -0.8659 0.5000 0.0129
vn -0.7660 0.6427 0.0130
vn -0.7558 0.6335 -0.1657
vn -0.8540 0.4931 -0.1659
vn -0.4194 0.8253 0.3781
vn -0.2738 0.8733 0.4031
vn -0.3093 0.8967 0.3167
vn -0.4666 0.8303 0.3047
vn -0.5705 0.7406 0.3549
vn -0.4194 0.8253 0.3781
vn -0.4666 0.8303 0.3047
vn -0.6088 0.7370 0.2935
vn -0.4194 0.8253 0.3781
vn -0.5705 0.7406 0.3549
vn -0.4827 0.7319 0.4810
vn -0.3179 0.8002 0.5086
vn -0.2738 0.8733 0.4031
vn -0.4194 0.8253 0.3781
vn -0.3179 0.8002 0.5086
vn -0.1919 0.8178 0.5426
vn -0.4842 0.8427 0.2352
vn -0.3238 0.9158 0.2375
vn -0.3296 0.9282 0.1727
vn -0.4885 0.8546 0.1762
vn -0.6249 0.7447 0.2342
vn -0.4842 0.8427 0.2352
vn -0.4885 0.8546 0.1762
vn -0.6309 0.7548 0.1798
vn -0.4842 0.8427 0.2352
vn -0.6249 0.7447 0.2342
vn -0.6088 0.7370 0.2935
vn -0.4666 0.8303 0.3047
vn -0.3238 0.9158 0.2375
vn -0.4842 0.8427 0.2352
vn -0.4666 0.8303 0.3047
vn -0.3093 0.8967 0.3167
vn -0.5005 0.8656 0.0121
vn -0.6430 0.7658 0.0130
vn -0.6381 0.7662 0.0753
vn -0.4925 0.8671 0.0746
vn -0.3430 0.9393 0.0106
vn -0.5005 0.8656 0.0121
vn -0.4925 0.8671 0.0746
vn -0.3319 0.9404 0.0736
vn -0.5005 0.8656 0.0121
vn -0.3430 0.9393 0.0106
vn -0.3416 0.9202 -0.1912
vn -0.4957 0.8504 -0.1765
vn -0.6430 0.7658 0.0130
vn -0.5005 0.8656 0.0121
vn -0.4957 0.8504 -0.1765
vn -0.6352 0.7538 -0.1681
vn -0.1344 0.8979 0.4191
vn 0.0121 0.9036 0.4282
vn 0.0185 0.9435 0.3309
vn -0.1456 0.9343 0.3255
vn -0.2738 0.8733 0.4031
vn -0.1344 0.8979 0.4191
vn -0.1456 0.9343 0.3255
vn -0.3093 0.8967 0.3167
vn -0.1344 0.8979 0.4191
vn -0.2738 0.8733 0.4031
vn -0.1919 0.8178 0.5426
vn -0.0909 0.8155 0.5716
vn 0.0121 0.9036 0.4282
vn -0.1344 0.8979 0.4191
vn -0.0909 0.8155 0.5716
vn 0.0230 0.8047 0.5933
vn -0.1530 0.9580 0.2427
vn 0.0177 0.9685 0.2486
vn 0.0108 0.9849 0.1726
vn -0.1606 0.9719 0.1718
vn -0.3238 0.9158 0.2375
vn -0.1530 0.9580 0.2427
vn -0.1606 0.9719 0.1718
vn -0.3296 0.9282 0.1727
vn -0.1530 0.9580 0.2427
vn -0.3238 0.9158 0.2375
vn -0.3093 0.8967 0.3167
vn -0.1456 0.9343 0.3255
vn 0.0177 0.9685 0.2486
vn -0.1530 0.9580 0.2427
vn -0.1456 0.9343 0.3255
vn 0.0185 0.9435 0.3309
vn -0.1754 0.9845 0.0076
vn -0.3430 0.9393 0.0106
vn -0.3319 0.9404 0.0736
vn -0.1625 0.9840 0.0724
vn -0.0021 1.0000 0.0034
vn -0.1754 0.9845 0.0076
vn -0.1625 0.9840 0.0724
vn 0.0096 0.9974 0.0716
vn -0.1754 0.9845 0.0076
vn -0.0021 1.0000 0.0034
vn -0.0081 0.9700 -0.2431
vn -0.1774 0.9605 -0.2143
vn -0.3430 0.9393 0.0106
vn -0.1754 0.9845 0.0076
vn -0.1774 0.9605 -0.2143
vn -0.3416 0.9202 -0.1912
vn 0.1627 0.8867 0.4327
vn 0.3108 0.8450 0.4352
vn 0.3427 0.8777 0.3348
vn 0.1823 0.9250 0.3335
vn 0.0121 0.9036 0.4282
vn 0.1627 0.8867 0.4327
vn 0.1823 0.9250 0.3335
vn 0.0185 0.9435 0.3309
vn 0.1627 0.8867 0.4327
vn 0.0121 0.9036 0.4282
vn 0.0230 0.8047 0.5933
vn 0.1449 0.7790 0.6101
vn 0.3108 0.8450 0.4352
vn 0.1627 0.8867 0.4327
vn 0.1449 0.7790 0.6101
vn 0.2641 0.7329 0.6269
vn 0.1864 0.9491 0.2539
vn 0.3507 0.8997 0.2601
vn 0.3452 0.9214 0.1782
vn 0.1808 0.9679 0.1744
vn 0.0177 0.9685 0.2486
vn 0.1864 0.9491 0.2539
vn 0.1808 0.9679 0.1744
vn 0.0108 0.9849 0.1726
vn 0.1864 0.9491 0.2539
vn 0.0177 0.9685 0.2486
vn 0.0185 0.9435 0.3309
vn 0.1823 0.9250 0.3335
vn 0.3507 0.8997 0.2601
vn 0.1864 0.9491 0.2539
vn 0.1823 0.9250 0.3335
vn 0.3427 0.8777 0.3348
vn 0.1717 0.9851 -0.0009
vn -0.0021 1.0000 0.0034
vn 0.0096 0.9974 0.0716
vn 0.1801 0.9811 0.0712
vn 0.3409 0.9401 -0.0047
vn 0.1717 0.9851 -0.0009
vn 0.1801 0.9811 0.0712
vn 0.3446 0.9360 0.0711
vn 0.1717 0.9851 -0.0009
vn 0.3409 0.9401 -0.0047
vn 0.3236 0.8999 -0.2924
vn 0.1607 0.9491 -0.2710
vn -0.0021 1.0000 0.0034
vn 0.1717 0.9851 -0.0009
vn 0.1607 0.9491 -0.2710
vn -0.0081 0.9700 -0.2431
vn 0.4504 0.7777 0.4386
vn 0.5763 0.6874 0.4420
vn 0.6146 0.7132 0.3371
vn 0.4895 0.8045 0.3364
vn 0.3108 0.8450 0.4352
vn 0.4504 0.7777 0.4386
vn 0.4895 0.8045 0.3364
vn 0.3427 0.8777 0.3348
vn 0.4504 0.7777 0.4386
vn 0.3108 0.8450 0.4352
vn 0.2641 0.7329 0.6269
vn 0.3739 0.6617 0.6499
vn 0.5763 0.6874 0.4420
vn 0.4504 0.7777 0.4386
vn 0.3739 0.6617 0.6499
vn 0.4717 0.5710 0.6718
vn 0.4999 0.8234 0.2685
vn 0.6271 0.7287 0.2754
vn 0.6341 0.7492 0.1913
vn 0.4980 0.8472 0.1851
vn 0.3507 0.8997 0.2601
vn 0.4999 0.8234 0.2685
vn 0.4980 0.8472 0.1851
vn 0.3452 0.9214 0.1782
vn 0.4999 0.8234 0.2685
vn 0.3507 0.8997 0.2601
vn 0.3427 0.8777 0.3348
vn 0.4895 0.8045 0.3364
vn 0.6271 0.7287 0.2754
vn 0.4999 0.8234 0.2685
vn 0.4895 0.8045 0.3364
vn 0.6146 0.7132 0.3371
vn 0.4997 0.8662 -0.0056
vn 0.3409 0.9401 -0.0047
vn 0.3446 0.9360 0.0711
vn 0.4995 0.8634 0.0713
vn 0.6428 0.7660 -0.0051
vn 0.4997 0.8662 -0.0056
vn 0.4995 0.8634 0.0713
vn 0.6411 0.7641 0.0714
vn 0.4997 0.8662 -0.0056
vn 0.6428 0.7660 -0.0051
vn 0.6133 0.7309 -0.2993
vn 0.4762 0.8267 -0.2997
vn 0.3409 0.9401 -0.0047
vn 0.4997 0.8662 -0.0056
vn 0.4762 0.8267 -0.2997
vn 0.3236 0.8999 -0.2924
vn 0.6521 0.6148 0.4436
vn 0.6212 0.6186 0.4812
vn 0.6718 0.6656 0.3250
vn 0.6881 0.6433 0.3356
vn 0.5763 0.6874 0.4420
vn 0.6521 0.6148 0.4436
vn 0.6881 0.6433 0.3356
vn 0.6146 0.7132 0.3371
vn 0.6521 0.6148 0.4436
vn 0.5763 0.6874 0.4420
vn 0.4717 0.5710 0.6718
vn 0.5420 0.4937 0.6801
vn 0.6212 0.6186 0.4812
vn 0.6521 0.6148 0.4436
vn 0.5420 0.4937 0.6801
vn 0.4825 0.3826 0.7879
vn 0.7130 0.6454 0.2739
vn 0.7542 0.6000 0.2669
vn 0.8414 0.5080 0.1842
vn 0.7329 0.6526 0.1925
vn 0.6271 0.7287 0.2754
vn 0.7130 0.6454 0.2739
vn 0.7329 0.6526 0.1925
vn 0.6341 0.7492 0.1913
vn 0.7130 0.6454 0.2739
vn 0.6271 0.7287 0.2754
vn 0.6146 0.7132 0.3371
vn 0.6881 0.6433 0.3356
vn 0.7542 0.6000 0.2669
vn 0.7130 0.6454 0.2739
vn 0.6881 0.6433 0.3356
vn 0.6718 0.6656 0.3250
vn 0.7387 0.6740 -0.0062
vn 0.6428 0.7660 -0.0051
vn 0.6411 0.7641 0.0714
vn 0.7361 0.6731 0.0716
vn 0.7756 0.6300 -0.0399
vn 0.7387 0.6740 -0.0062
vn 0.7361 0.6731 0.0716
vn 0.7675 0.6362 0.0786
vn 0.7387 0.6740 -0.0062
vn 0.7756 0.6300 -0.0399
vn 0.7698 0.4932 -0.4051
vn 0.7160 0.6306 -0.2996
vn 0.6428 0.7660 -0.0051
vn 0.7387 0.6740 -0.0062
vn 0.7160 0.6306 -0.2996
vn 0.6133 0.7309 -0.2993
vn 0.8976 0.3224 -0.3006
vn 0.8747 0.4393 -0.2050
vn 0.8687 0.4415 -0.2245
vn 0.8830 0.3352 -0.3286
vn 0.9033 0.1593 -0.3984
vn 0.8976 0.3224 -0.3006
vn 0.8830 0.3352 -0.3286
vn 0.9012 0.1589 -0.4033
vn 0.8976 0.3224 -0.3006
vn 0.9033 0.1593 -0.3984
vn 0.7237 0.1276 -0.6783
vn 0.7469 0.2958 -0.5955
vn 0.8747 0.4393 -0.2050
vn 0.8976 0.3224 -0.3006
vn 0.7469 0.2958 -0.5955
vn 0.7698 0.4932 -0.4051
vn -0.6309 0.7680 -0.1101
vn -0.7230 0.6904 0.0249
vn -0.9187 0.3901 -0.0612
vn -0.8290 0.4859 -0.2769
vn -0.6128 0.7535 -0.2380
vn -0.6309 0.7680 -0.1101
vn -0.8290 0.4859 -0.2769
vn -0.7661 0.4678 -0.4408
vn -0.6309 0.7680 -0.1101
vn -0.6128 0.7535 -0.2380
vn -0.3937 0.9087 0.1390
vn -0.4250 0.8858 0.1861
vn -0.7230 0.6904 0.0249
vn -0.6309 0.7680 -0.1101
vn -0.4250 0.8858 0.1861
vn -0.5794 0.7789 0.2398
vn -0.3310 0.7928 0.5118
vn -0.5222 0.6935 0.4963
vn -0.5794 0.7789 0.2398
vn -0.4250 0.8858 0.1861
vn -0.2240 0.8080 0.5449
vn -0.3310 0.7928 0.5118
vn -0.4250 0.8858 0.1861
vn -0.3937 0.9087 0.1390
vn -0.3310 0.7928 0.5118
vn -0.2240 0.8080 0.5449
vn -0.1581 0.5403 0.8265
vn -0.3233 0.5362 0.7797
vn -0.5222 0.6935 0.4963
vn -0.3310 0.7928 0.5118
vn -0.3233 0.5362 0.7797
vn -0.4958 0.3650 0.7880
vn -0.2282 0.2092 0.9509
vn -0.2165 0.1316 0.9674
vn -0.4958 0.3650 0.7880
vn -0.3233 0.5362 0.7797
vn -0.1097 0.2149 0.9704
vn -0.2282 0.2092 0.9509
vn -0.3233 0.5362 0.7797
vn -0.1581 0.5403 0.8265
vn -0.2282 0.2092 0.9509
vn -0.1097 0.2149 0.9704
vn -0.0640 -0.0113 0.9979
vn -0.1743 -0.0313 0.9842
vn -0.2165 0.1316 0.9674
vn -0.2282 0.2092 0.9509
vn -0.1743 -0.0313 0.9842
vn -0.1800 -0.0324 0.9831
vn -0.7054 0.1274 -0.6973
vn -0.6813 0.4347 -0.5890
vn -0.7661 0.4678 -0.4408
vn -0.8251 0.1541 -0.5436
vn -0.6826 -0.1204 -0.7209
vn -0.7054 0.1274 -0.6973
vn -0.8251 0.1541 -0.5436
vn -0.8074 -0.1424 -0.5726
vn -0.7054 0.1274 -0.6973
vn -0.6826 -0.1204 -0.7209
vn -0.6099 -0.1075 -0.7852
vn -0.6330 0.1139 -0.7657
vn -0.6813 0.4347 -0.5890
vn -0.7054 0.1274 -0.6973
vn -0.6330 0.1139 -0.7657
vn -0.6276 0.4230 -0.6536
vn -0.5921 0.7231 -0.3556
vn -0.4199 0.9058 0.0565
vn -0.3937 0.9087 0.1390
vn -0.6128 0.7535 -0.2380
vn -0.6813 0.4347 -0.5890
vn -0.5921 0.7231 -0.3556
vn -0.6128 0.7535 -0.2380
vn -0.7661 0.4678 -0.4408
vn -0.5921 0.7231 -0.3556
vn -0.6813 0.4347 -0.5890
vn -0.6276 0.4230 -0.6536
vn -0.5743 0.7109 -0.4059
vn -0.4199 0.9058 0.0565
vn -0.5921 0.7231 -0.3556
vn -0.5743 0.7109 -0.4059
vn -0.4484 0.8931 -0.0350
vn -0.1699 0.8444 0.5080
vn 0.0035 0.5566 0.8308
vn -0.1581 0.5403 0.8265
vn -0.2240 0.8080 0.5449
vn -0.4199 0.9058 0.0565
vn -0.1699 0.8444 0.5080
vn -0.2240 0.8080 0.5449
vn -0.3937 0.9087 0.1390
vn -0.1699 0.8444 0.5080
vn -0.4199 0.9058 0.0565
vn -0.4484 0.8931 -0.0350
vn -0.1854 0.8937 0.4085
vn 0.0035 0.5566 0.8308
vn -0.1699 0.8444 0.5080
vn -0.1854 0.8937 0.4085
vn 0.0651 0.5872 0.8068
vn 0.4972 0.4175 -0.7606
vn 0.7160 0.6306 -0.2996
vn 0.7698 0.4932 -0.4051
vn 0.4971 0.2911 -0.8174
vn 0.2720 0.2284 -0.9348
vn 0.4972 0.4175 -0.7606
vn 0.4971 0.2911 -0.8174
vn 0.3074 0.1778 -0.9348
vn 0.4972 0.4175 -0.7606
vn 0.2720 0.2284 -0.9348
vn 0.2283 0.2721 -0.9348
vn 0.4174 0.4974 -0.7605
vn 0.7160 0.6306 -0.2996
vn 0.4972 0.4175 -0.7606
vn 0.4174 0.4974 -0.7605
vn 0.6133 0.7309 -0.2993
vn 0.3246 0.5623 -0.7606
vn 0.4762 0.8267 -0.2997
vn 0.6133 0.7309 -0.2993
vn 0.4174 0.4974 -0.7605
vn 0.1776 0.3076 -0.9348
vn 0.3246 0.5623 -0.7606
vn 0.4174 0.4974 -0.7605
vn 0.2283 0.2721 -0.9348
vn 0.3246 0.5623 -0.7606
vn 0.1776 0.3076 -0.9348
vn 0.1215 0.3337 -0.9348
vn 0.2239 0.6151 -0.7560
vn 0.4762 0.8267 -0.2997
vn 0.3246 0.5623 -0.7606
vn 0.2239 0.6151 -0.7560
vn 0.3236 0.8999 -0.2924
vn 0.1161 0.6584 -0.7436
vn 0.1607 0.9491 -0.2710
vn 0.3236 0.8999 -0.2924
vn 0.2239 0.6151 -0.7560
vn 0.0617 0.3498 -0.9348
vn 0.1161 0.6584 -0.7436
vn 0.2239 0.6151 -0.7560
vn 0.1215 0.3337 -0.9348
vn 0.1161 0.6584 -0.7436
vn 0.0617 0.3498 -0.9348
vn -0.0000 0.3552 -0.9348
vn -0.0000 0.6869 -0.7268
vn 0.1607 0.9491 -0.2710
vn 0.1161 0.6584 -0.7436
vn -0.0000 0.6869 -0.7268
vn -0.0081 0.9700 -0.2431
vn -0.1224 0.6943 -0.7091
vn -0.1774 0.9605 -0.2143
vn -0.0081 0.9700 -0.2431
vn -0.0000 0.6869 -0.7268
vn -0.0617 0.3498 -0.9348
vn -0.1224 0.6943 -0.7091
vn -0.0000 0.6869 -0.7268
vn -0.0000 0.3552 -0.9348
vn -0.1224 0.6943 -0.7091
vn -0.0617 0.3498 -0.9348
vn -0.1215 0.3337 -0.9348
vn -0.2461 0.6762 -0.6944
vn -0.1774 0.9605 -0.2143
vn -0.1224 0.6943 -0.7091
vn -0.2461 0.6762 -0.6944
vn -0.3416 0.9202 -0.1912
vn -0.3643 0.6310 -0.6849
vn -0.4957 0.8504 -0.1765
vn -0.3416 0.9202 -0.1912
vn -0.2461 0.6762 -0.6944
vn -0.1776 0.3076 -0.9348
vn -0.3643 0.6310 -0.6849
vn -0.2461 0.6762 -0.6944
vn -0.1215 0.3337 -0.9348
vn -0.3643 0.6310 -0.6849
vn -0.1776 0.3076 -0.9348
vn -0.2283 0.2721 -0.9348
vn -0.4717 0.5622 -0.6793
vn -0.4957 0.8504 -0.1765
vn -0.3643 0.6310 -0.6849
vn -0.4717 0.5622 -0.6793
vn -0.6352 0.7538 -0.1681
vn -0.5633 0.4727 -0.6777
vn -0.7558 0.6335 -0.1657
vn -0.6352 0.7538 -0.1681
vn -0.4717 0.5622 -0.6793
vn -0.2721 0.2283 -0.9348
vn -0.5633 0.4727 -0.6777
vn -0.4717 0.5622 -0.6793
vn -0.2283 0.2721 -0.9348
vn -0.5633 0.4727 -0.6777
vn -0.2721 0.2283 -0.9348
vn -0.3076 0.1776 -0.9348
vn -0.6369 0.3677 -0.6775
vn -0.7558 0.6335 -0.1657
vn -0.5633 0.4727 -0.6777
vn -0.6369 0.3677 -0.6775
vn -0.8540 0.4931 -0.1659
vn -0.6909 0.2517 -0.6777
vn -0.9265 0.3376 -0.1660
vn -0.8540 0.4931 -0.1659
vn -0.6369 0.3677 -0.6775
vn -0.3337 0.1216 -0.9348
vn -0.6909 0.2517 -0.6777
vn -0.6369 0.3677 -0.6775
vn -0.3076 0.1776 -0.9348
vn -0.6909 0.2517 -0.6777
vn -0.3337 0.1216 -0.9348
vn -0.3497 0.0619 -0.9348
vn -0.7242 0.1283 -0.6775
vn -0.9265 0.3376 -0.1660
vn -0.6909 0.2517 -0.6777
vn -0.7242 0.1283 -0.6775
vn -0.9710 0.1719 -0.1659
vn -0.7354 0.0003 -0.6776
vn -0.9861 0.0004 -0.1659
vn -0.9710 0.1719 -0.1659
vn -0.7242 0.1283 -0.6775
vn -0.3552 0.0001 -0.9348
vn -0.7354 0.0003 -0.6776
vn -0.7242 0.1283 -0.6775
vn -0.3497 0.0619 -0.9348
vn -0.7354 0.0003 -0.6776
vn -0.3552 0.0001 -0.9348
vn -0.3498 -0.0617 -0.9348
vn -0.7243 -0.1277 -0.6775
vn -0.9861 0.0004 -0.1659
vn -0.7354 0.0003 -0.6776
vn -0.7243 -0.1277 -0.6775
vn -0.9712 -0.1712 -0.1659
vn 0.1938 0.0706 -0.9785
vn 0.1855 0.1073 -0.9768
vn 0.3074 0.1778 -0.9348
vn 0.3337 0.1216 -0.9348
vn 0.2110 0.0372 -0.9768
vn 0.1938 0.0706 -0.9785
vn 0.3337 0.1216 -0.9348
vn 0.3498 0.0617 -0.9348
vn 0.1938 0.0706 -0.9785
vn 0.2110 0.0372 -0.9768
vn 0.0432 0.0076 -0.9990
vn 0.0121 0.0044 -0.9999
vn 0.1855 0.1073 -0.9768
vn 0.1938 0.0706 -0.9785
vn 0.0121 0.0044 -0.9999
vn 0.0379 0.0220 -0.9990
vn 0.1579 0.1326 -0.9785
vn 0.1378 0.1642 -0.9768
vn 0.2283 0.2721 -0.9348
vn 0.2720 0.2284 -0.9348
vn 0.1855 0.1073 -0.9768
vn 0.1579 0.1326 -0.9785
vn 0.2720 0.2284 -0.9348
vn 0.3074 0.1778 -0.9348
vn 0.1579 0.1326 -0.9785
vn 0.1855 0.1073 -0.9768
vn 0.0379 0.0220 -0.9990
vn 0.0099 0.0083 -0.9999
vn 0.1378 0.1642 -0.9768
vn 0.1579 0.1326 -0.9785
vn 0.0099 0.0083 -0.9999
vn 0.0282 0.0336 -0.9990
vn 0.1032 0.1787 -0.9785
vn 0.0733 0.2014 -0.9768
vn 0.1215 0.3337 -0.9348
vn 0.1776 0.3076 -0.9348
vn 0.1378 0.1642 -0.9768
vn 0.1032 0.1787 -0.9785
vn 0.1776 0.3076 -0.9348
vn 0.2283 0.2721 -0.9348
vn 0.1032 0.1787 -0.9785
vn 0.1378 0.1642 -0.9768
vn 0.0282 0.0336 -0.9990
vn 0.0065 0.0112 -0.9999
vn 0.0733 0.2014 -0.9768
vn 0.1032 0.1787 -0.9785
vn 0.0065 0.0112 -0.9999
vn 0.0150 0.0412 -0.9990
vn 0.0358 0.2032 -0.9785
vn 0.0000 0.2143 -0.9768
vn -0.0000 0.3552 -0.9348
vn 0.0617 0.3498 -0.9348
vn 0.0733 0.2014 -0.9768
vn 0.0358 0.2032 -0.9785
vn 0.0617 0.3498 -0.9348
vn 0.1215 0.3337 -0.9348
vn 0.0358 0.2032 -0.9785
vn 0.0733 0.2014 -0.9768
vn 0.0150 0.0412 -0.9990
vn 0.0023 0.0128 -0.9999
vn 0.0000 0.2143 -0.9768
vn 0.0358 0.2032 -0.9785
vn 0.0023 0.0128 -0.9999
vn 0.0000 0.0439 -0.9990
vn -0.0358 0.2032 -0.9785
vn -0.0733 0.2014 -0.9768
vn -0.1215 0.3337 -0.9348
vn -0.0617 0.3498 -0.9348
vn 0.0000 0.2143 -0.9768
vn -0.0358 0.2032 -0.9785
vn -0.0617 0.3498 -0.9348
vn -0.0000 0.3552 -0.9348
vn -0.0358 0.2032 -0.9785
vn 0.0000 0.2143 -0.9768
vn 0.0000 0.0439 -0.9990
vn -0.0023 0.0128 -0.9999
vn -0.0733 0.2014 -0.9768
vn -0.0358 0.2032 -0.9785
vn -0.0023 0.0128 -0.9999
vn -0.0150 0.0412 -0.9990
vn -0.1032 0.1787 -0.9785
vn -0.1378 0.1642 -0.9768
vn -0.2283 0.2721 -0.9348
vn -0.1776 0.3076 -0.9348
vn -0.0733 0.2014 -0.9768
vn -0.1032 0.1787 -0.9785
vn -0.1776 0.3076 -0.9348
vn -0.1215 0.3337 -0.9348
vn -0.1032 0.1787 -0.9785
vn -0.0733 0.2014 -0.9768
vn -0.0150 0.0412 -0.9990
vn -0.0065 0.0112 -0.9999
vn -0.1378 0.1642 -0.9768
vn -0.1032 0.1787 -0.9785
vn -0.0065 0.0112 -0.9999
vn -0.0282 0.0336 -0.9990
vn -0.1580 0.1326 -0.9785
vn -0.1856 0.1071 -0.9768
vn -0.3076 0.1776 -0.9348
vn -0.2721 0.2283 -0.9348
vn -0.1378 0.1642 -0.9768
vn -0.1580 0.1326 -0.9785
vn -0.2721 0.2283 -0.9348
vn -0.2283 0.2721 -0.9348
vn -0.1580 0.1326 -0.9785
vn -0.1378 0.1642 -0.9768
vn -0.0282 0.0336 -0.9990
vn -0.0099 0.0083 -0.9999
vn -0.1856 0.1071 -0.9768
vn -0.1580 0.1326 -0.9785
vn -0.0099 0.0083 -0.9999
vn -0.0379 0.0219 -0.9990
vn -0.1938 0.0706 -0.9785
vn -0.2110 0.0374 -0.9768
vn -0.3497 0.0619 -0.9348
vn -0.3337 0.1216 -0.9348
vn -0.1856 0.1071 -0.9768
vn -0.1938 0.0706 -0.9785
vn -0.3337 0.1216 -0.9348
vn -0.3076 0.1776 -0.9348
vn -0.1938 0.0706 -0.9785
vn -0.1856 0.1071 -0.9768
vn -0.0379 0.0219 -0.9990
vn -0.0122 0.0044 -0.9999
vn -0.2110 0.0374 -0.9768
vn -0.1938 0.0706 -0.9785
vn -0.0122 0.0044 -0.9999
vn -0.0431 0.0077 -0.9990
vn 0.0750 -0.0497 0.9959
vn -0.7652 0.3603 0.5335
vn -0.4958 0.3650 0.7880
vn 0.2978 -0.0478 0.9534
vn 0.9326 -0.2871 0.2187
vn 0.0750 -0.0497 0.9959
vn 0.2978 -0.0478 0.9534
vn 0.9658 -0.1422 0.2170
vn 0.0750 -0.0497 0.9959
vn 0.9326 -0.2871 0.2187
vn 0.8687 -0.4417 0.2243
vn 0.0580 0.0150 0.9982
vn -0.7652 0.3603 0.5335
vn 0.0750 -0.0497 0.9959
vn 0.0580 0.0150 0.9982
vn -0.7586 0.4440 0.4768
vn 0.1205 0.0888 0.9887
vn -0.6429 0.6098 0.4635
vn -0.7586 0.4440 0.4768
vn 0.0580 0.0150 0.9982
vn 0.7731 -0.5903 0.2321
vn 0.1205 0.0888 0.9887
vn 0.0580 0.0150 0.9982
vn 0.8687 -0.4417 0.2243
vn 0.1205 0.0888 0.9887
vn 0.7731 -0.5903 0.2321
vn 0.6669 -0.7028 0.2474
vn 0.2129 0.1236 0.9692
vn -0.6429 0.6098 0.4635
vn 0.1205 0.0888 0.9887
vn 0.2129 0.1236 0.9692
vn -0.4827 0.7319 0.4810
vn 0.2719 0.1099 0.9560
vn -0.3179 0.8002 0.5086
vn -0.4827 0.7319 0.4810
vn 0.2129 0.1236 0.9692
vn 0.5442 -0.7945 0.2695
vn 0.2719 0.1099 0.9560
vn 0.2129 0.1236 0.9692
vn 0.6669 -0.7028 0.2474
vn 0.2719 0.1099 0.9560
vn 0.5442 -0.7945 0.2695
vn 0.3825 -0.8751 0.2963
vn 0.2279 0.0446 0.9727
vn -0.3179 0.8002 0.5086
vn 0.2719 0.1099 0.9560
vn 0.2279 0.0446 0.9727
vn -0.1919 0.8178 0.5426
vn 0.1255 -0.0163 0.9920
vn -0.0909 0.8155 0.5716
vn -0.1919 0.8178 0.5426
vn 0.2279 0.0446 0.9727
vn 0.1982 -0.9261 0.3210
vn 0.1255 -0.0163 0.9920
vn 0.2279 0.0446 0.9727
vn 0.3825 -0.8751 0.2963
vn 0.1255 -0.0163 0.9920
vn 0.1982 -0.9261 0.3210
vn 0.0174 -0.9419 0.3355
vn 0.0579 -0.0452 0.9973
vn -0.0909 0.8155 0.5716
vn 0.1255 -0.0163 0.9920
vn 0.0579 -0.0452 0.9973
vn 0.0230 0.8047 0.5933
vn 0.0162 -0.0610 0.9980
vn 0.1449 0.7790 0.6101
vn 0.0230 0.8047 0.5933
vn 0.0579 -0.0452 0.9973
vn -0.1551 -0.9267 0.3422
vn 0.0162 -0.0610 0.9980
vn 0.0579 -0.0452 0.9973
vn 0.0174 -0.9419 0.3355
vn 0.0162 -0.0610 0.9980
vn -0.1551 -0.9267 0.3422
vn -0.3182 -0.8828 0.3455
vn -0.0157 -0.0718 0.9973
vn 0.1449 0.7790 0.6101
vn 0.0162 -0.0610 0.9980
vn -0.0157 -0.0718 0.9973
vn 0.2641 0.7329 0.6269
vn -0.0468 -0.0865 0.9952
vn 0.3739 0.6617 0.6499
vn 0.2641 0.7329 0.6269
vn -0.0157 -0.0718 0.9973
vn -0.4684 -0.8128 0.3464
vn -0.0468 -0.0865 0.9952
vn -0.0157 -0.0718 0.9973
vn -0.3182 -0.8828 0.3455
vn -0.0468 -0.0865 0.9952
vn -0.4684 -0.8128 0.3464
vn -0.6029 -0.7185 0.3468
vn -0.0787 -0.0941 0.9924
vn 0.3739 0.6617 0.6499
vn -0.0468 -0.0865 0.9952
vn -0.0787 -0.0941 0.9924
vn 0.4717 0.5710 0.6718
vn -0.1022 -0.0859 0.9910
vn 0.5420 0.4937 0.6801
vn 0.4717 0.5710 0.6718
vn -0.0787 -0.0941 0.9924
vn -0.7182 -0.6034 0.3466
vn -0.1022 -0.0859 0.9910
vn -0.0787 -0.0941 0.9924
vn -0.6029 -0.7185 0.3468
vn -0.1022 -0.0859 0.9910
vn -0.7182 -0.6034 0.3466
vn -0.8118 -0.4699 0.3467
vn -0.2054 -0.1163 0.9717
vn 0.5420 0.4937 0.6801
vn -0.1022 -0.0859 0.9910
vn -0.2054 -0.1163 0.9717
vn 0.4825 0.3826 0.7879
vn -0.3346 -0.1208 0.9346
vn 0.2983 0.1425 0.9438
vn 0.4825 0.3826 0.7879
vn -0.2054 -0.1163 0.9717
vn -0.8813 -0.3213 0.3466
vn -0.3346 -0.1208 0.9346
vn -0.2054 -0.1163 0.9717
vn -0.8118 -0.4699 0.3467
vn -0.3346 -0.1208 0.9346
vn -0.8813 -0.3213 0.3466
vn -0.9237 -0.1629 0.3467
vn -0.3552 -0.0626 0.9327
vn 0.2983 0.1425 0.9438
vn -0.3346 -0.1208 0.9346
vn -0.3552 -0.0626 0.9327
vn 0.3082 0.0543 0.9498
vn 0.9565 -0.2908 0.0229
vn 0.9326 -0.2871 0.2187
vn 0.9658 -0.1422 0.2170
vn 0.9893 -0.1444 0.0228
vn 0.9568 -0.2907 0.0000
vn 0.9565 -0.2908 0.0229
vn 0.9893 -0.1444 0.0228
vn 0.9895 -0.1444 0.0000
vn 0.9565 -0.2908 0.0229
vn 0.9568 -0.2907 0.0000
vn 0.8867 -0.4623 0.0000
vn 0.8867 -0.4617 0.0234
vn 0.9326 -0.2871 0.2187
vn 0.9565 -0.2908 0.0229
vn 0.8867 -0.4617 0.0234
vn 0.8687 -0.4417 0.2243
vn 0.7748 -0.6317 0.0243
vn 0.7731 -0.5903 0.2321
vn 0.8687 -0.4417 0.2243
vn 0.8867 -0.4617 0.0234
vn 0.7738 -0.6334 0.0000
vn 0.7748 -0.6317 0.0243
vn 0.8867 -0.4617 0.0234
vn 0.8867 -0.4623 0.0000
vn 0.7748 -0.6317 0.0243
vn 0.7738 -0.6334 0.0000
vn 0.6428 -0.7660 0.0000
vn 0.6453 -0.7635 0.0262
vn 0.7731 -0.5903 0.2321
vn 0.7748 -0.6317 0.0243
vn 0.6453 -0.7635 0.0262
vn 0.6669 -0.7028 0.2474
vn 0.5037 -0.8634 0.0292
vn 0.5442 -0.7945 0.2695
vn 0.6669 -0.7028 0.2474
vn 0.6453 -0.7635 0.0262
vn 0.5000 -0.8660 0.0000
vn 0.5037 -0.8634 0.0292
vn 0.6453 -0.7635 0.0262
vn 0.6428 -0.7660 0.0000
vn 0.5037 -0.8634 0.0292
vn 0.5000 -0.8660 0.0000
vn 0.3420 -0.9397 0.0000
vn 0.3454 -0.9379 0.0330
vn 0.5442 -0.7945 0.2695
vn 0.5037 -0.8634 0.0292
vn 0.3454 -0.9379 0.0330
vn 0.3825 -0.8751 0.2963
vn 0.1757 -0.9838 0.0362
vn 0.1982 -0.9261 0.3210
vn 0.3825 -0.8751 0.2963
vn 0.3454 -0.9379 0.0330
vn 0.1736 -0.9848 0.0000
vn 0.1757 -0.9838 0.0362
vn 0.3454 -0.9379 0.0330
vn 0.3420 -0.9397 0.0000
vn 0.1757 -0.9838 0.0362
vn 0.1736 -0.9848 0.0000
vn 0.0000 -1.0000 0.0000
vn 0.0011 -0.9993 0.0381
vn 0.1982 -0.9261 0.3210
vn 0.1757 -0.9838 0.0362
vn 0.0011 -0.9993 0.0381
vn 0.0174 -0.9419 0.3355
vn -0.1730 -0.9841 0.0390
vn -0.1551 -0.9267 0.3422
vn 0.0174 -0.9419 0.3355
vn 0.0011 -0.9993 0.0381
vn -0.1736 -0.9848 0.0000
vn -0.1730 -0.9841 0.0390
vn 0.0011 -0.9993 0.0381
vn 0.0000 -1.0000 0.0000
vn -0.1730 -0.9841 0.0390
vn -0.1736 -0.9848 0.0000
vn -0.3420 -0.9397 -0.0000
vn -0.3416 -0.9390 0.0394
vn -0.1551 -0.9267 0.3422
vn -0.1730 -0.9841 0.0390
vn -0.3416 -0.9390 0.0394
vn -0.3182 -0.8828 0.3455
vn -0.4996 -0.8654 0.0395
vn -0.4684 -0.8128 0.3464
vn -0.3182 -0.8828 0.3455
vn -0.3416 -0.9390 0.0394
vn -0.5000 -0.8660 -0.0000
vn -0.4996 -0.8654 0.0395
vn -0.3416 -0.9390 0.0394
vn -0.3420 -0.9397 -0.0000
vn -0.4996 -0.8654 0.0395
vn -0.5000 -0.8660 -0.0000
vn -0.6428 -0.7660 0.0000
vn -0.6423 -0.7654 0.0396
vn -0.4684 -0.8128 0.3464
vn -0.4996 -0.8654 0.0395
vn -0.6423 -0.7654 0.0396
vn -0.6029 -0.7185 0.3468
vn -0.7651 -0.6427 0.0395
vn -0.7182 -0.6034 0.3466
vn -0.6029 -0.7185 0.3468
vn -0.6423 -0.7654 0.0396
vn -0.7657 -0.6432 0.0000
vn -0.7651 -0.6427 0.0395
vn -0.6423 -0.7654 0.0396
vn -0.6428 -0.7660 0.0000
vn -0.7651 -0.6427 0.0395
vn -0.7657 -0.6432 0.0000
vn -0.8655 -0.5010 0.0000
vn -0.8648 -0.5006 0.0395
vn -0.7182 -0.6034 0.3466
vn -0.7651 -0.6427 0.0395
vn -0.8648 -0.5006 0.0395
vn -0.8118 -0.4699 0.3467
vn -0.9388 -0.3423 0.0395
vn -0.8813 -0.3213 0.3466
vn -0.8118 -0.4699 0.3467
vn -0.8648 -0.5006 0.0395
vn -0.9395 -0.3426 0.0000
vn -0.9388 -0.3423 0.0395
vn -0.8648 -0.5006 0.0395
vn -0.8655 -0.5010 0.0000
vn -0.9388 -0.3423 0.0395
vn -0.9395 -0.3426 0.0000
vn -0.9848 -0.1736 0.0000
vn -0.9840 -0.1735 0.0395
vn -0.8813 -0.3213 0.3466
vn -0.9388 -0.3423 0.0395
vn -0.9840 -0.1735 0.0395
vn -0.9237 -0.1629 0.3467
vn 0.9445 0.2957 0.1430
vn 0.9312 0.3235 0.1677
vn 0.9710 0.1712 0.1671
vn 0.9741 0.1718 0.1470
vn 0.9339 0.2865 0.2140
vn 0.9445 0.2957 0.1430
vn 0.9741 0.1718 0.1470
vn 0.9584 0.1690 0.2299
vn 0.9445 0.2957 0.1430
vn 0.9339 0.2865 0.2140
vn 0.9093 0.3640 0.2018
vn 0.9150 0.3771 0.1433
vn 0.9312 0.3235 0.1677
vn 0.9445 0.2957 0.1430
vn 0.9150 0.3771 0.1433
vn 0.8414 0.5080 0.1842
vn -0.9999 0.0005 0.0107
vn -0.9861 0.0004 -0.1659
vn -0.9712 -0.1712 -0.1659
vn -0.9848 -0.1736 0.0096
vn -0.9976 0.0028 0.0691
vn -0.9999 0.0005 0.0107
vn -0.9848 -0.1736 0.0096
vn -0.9827 -0.1733 0.0657
vn -0.9999 0.0005 0.0107
vn -0.9976 0.0028 0.0691
vn -0.9817 0.1756 0.0741
vn -0.9846 0.1745 0.0124
vn -0.9861 0.0004 -0.1659
vn -0.9999 0.0005 0.0107
vn -0.9846 0.1745 0.0124
vn -0.9710 0.1719 -0.1659
vn 0.5204 0.6702 0.5292
vn 0.5168 0.3938 0.7602
vn 0.4817 0.3651 0.7967
vn 0.4850 0.6712 0.5606
vn 0.6017 0.7450 0.2881
vn 0.5204 0.6702 0.5292
vn 0.4850 0.6712 0.5606
vn 0.5754 0.7804 0.2447
vn 0.5204 0.6702 0.5292
vn 0.6017 0.7450 0.2881
vn 0.6718 0.6656 0.3250
vn 0.6212 0.6186 0.4812
vn 0.5168 0.3938 0.7602
vn 0.5204 0.6702 0.5292
vn 0.6212 0.6186 0.4812
vn 0.4825 0.3826 0.7879
vn 0.7819 0.5733 0.2448
vn 0.6017 0.7450 0.2881
vn 0.5754 0.7804 0.2447
vn 0.7894 0.5937 0.1560
vn 0.8702 0.4396 0.2225
vn 0.7819 0.5733 0.2448
vn 0.7894 0.5937 0.1560
vn 0.8791 0.4534 0.1469
vn 0.7819 0.5733 0.2448
vn 0.8702 0.4396 0.2225
vn 0.8414 0.5080 0.1842
vn 0.7542 0.6000 0.2669
vn 0.6017 0.7450 0.2881
vn 0.7819 0.5733 0.2448
vn 0.7542 0.6000 0.2669
vn 0.6718 0.6656 0.3250
vn -0.9049 0.1767 -0.3872
vn -0.9728 0.1357 -0.1878
vn -0.9620 -0.1696 -0.2140
vn -0.8918 -0.1572 -0.4243
vn -0.8251 0.1541 -0.5436
vn -0.9049 0.1767 -0.3872
vn -0.8918 -0.1572 -0.4243
vn -0.8074 -0.1424 -0.5726
vn -0.9049 0.1767 -0.3872
vn -0.8251 0.1541 -0.5436
vn -0.7661 0.4678 -0.4408
vn -0.8290 0.4859 -0.2769
vn -0.9728 0.1357 -0.1878
vn -0.9049 0.1767 -0.3872
vn -0.8290 0.4859 -0.2769
vn -0.9187 0.3901 -0.0612
vn -0.1406 0.1103 0.9839
vn -0.7511 -0.1274 0.6478
vn -0.7789 -0.1373 0.6119
vn -0.1332 -0.0235 0.9908
vn 0.1465 0.1962 0.9696
vn -0.1406 0.1103 0.9839
vn -0.1332 -0.0235 0.9908
vn 0.1608 0.0284 0.9866
vn -0.1406 0.1103 0.9839
vn 0.1465 0.1962 0.9696
vn 0.0651 0.5872 0.8068
vn -0.2254 0.5075 0.8316
vn -0.7511 -0.1274 0.6478
vn -0.1406 0.1103 0.9839
vn -0.2254 0.5075 0.8316
vn -0.7622 0.1011 0.6394
vn 0.4523 0.1685 -0.8758
vn 0.7469 0.2958 -0.5955
vn 0.7237 0.1276 -0.6783
vn 0.4357 0.0768 -0.8968
vn 0.3337 0.1216 -0.9348
vn 0.4523 0.1685 -0.8758
vn 0.4357 0.0768 -0.8968
vn 0.3498 0.0617 -0.9348
vn 0.4523 0.1685 -0.8758
vn 0.3337 0.1216 -0.9348
vn 0.3074 0.1778 -0.9348
vn 0.4971 0.2911 -0.8174
vn 0.7469 0.2958 -0.5955
vn 0.4523 0.1685 -0.8758
vn 0.4971 0.2911 -0.8174
vn 0.7698 0.4932 -0.4051
vn -0.2063 0.0001 -0.9785
vn -0.0129 -0.0000 -0.9999
vn -0.0432 -0.0076 -0.9990
vn -0.2110 -0.0372 -0.9768
vn -0.3552 0.0001 -0.9348
vn -0.2063 0.0001 -0.9785
vn -0.2110 -0.0372 -0.9768
vn -0.3498 -0.0617 -0.9348
vn -0.2063 0.0001 -0.9785
vn -0.3552 0.0001 -0.9348
vn -0.3497 0.0619 -0.9348
vn -0.2110 0.0374 -0.9768
vn -0.0129 -0.0000 -0.9999
vn -0.2063 0.0001 -0.9785
vn -0.2110 0.0374 -0.9768
vn -0.0431 0.0077 -0.9990
vn 0.4538 0.0267 0.8907
vn -0.2165 0.1316 0.9674
vn -0.1800 -0.0324 0.9831
vn 0.4462 0.0787 0.8915
vn 0.9752 0.0119 0.2208
vn 0.4538 0.0267 0.8907
vn 0.4462 0.0787 0.8915
vn 0.9596 0.1704 0.2240
vn 0.4538 0.0267 0.8907
vn 0.9752 0.0119 0.2208
vn 0.9658 -0.1422 0.2170
vn 0.2978 -0.0478 0.9534
vn -0.2165 0.1316 0.9674
vn 0.4538 0.0267 0.8907
vn 0.2978 -0.0478 0.9534
vn -0.4958 0.3650 0.7880
vn 0.9997 0.0079 0.0232
vn 0.9752 0.0119 0.2208
vn 0.9596 0.1704 0.2240
vn 0.9843 0.1748 0.0234
vn 1.0000 0.0077 0.0000
vn 0.9997 0.0079 0.0232
vn 0.9843 0.1748 0.0234
vn 0.9846 0.1749 0.0000
vn 0.9997 0.0079 0.0232
vn 1.0000 0.0077 0.0000
vn 0.9895 -0.1444 0.0000
vn 0.9893 -0.1444 0.0228
vn 0.9752 0.0119 0.2208
vn 0.9997 0.0079 0.0232
vn 0.9893 -0.1444 0.0228
vn 0.9658 -0.1422 0.2170
vn -0.9717 -0.2190 0.0886
vn -0.9818 -0.1731 0.0781
vn -0.9107 -0.1606 -0.3807
vn -0.8822 -0.2929 -0.3687
vn -0.9515 -0.2682 0.1506
vn -0.9717 -0.2190 0.0886
vn -0.8822 -0.2929 -0.3687
vn -0.8293 -0.4813 -0.2839
vn -0.9717 -0.2190 0.0886
vn -0.9515 -0.2682 0.1506
vn -0.6107 0.1764 0.7720
vn -0.5562 0.0148 0.8309
vn -0.9818 -0.1731 0.0781
vn -0.9717 -0.2190 0.0886
vn -0.5562 0.0148 0.8309
vn -0.5227 -0.0922 0.8475
vn -0.9332 -0.2434 0.2645
vn -0.9515 -0.2682 0.1506
vn -0.8293 -0.4813 -0.2839
vn -0.7725 -0.6277 -0.0959
vn -0.9352 -0.1358 0.3270
vn -0.9332 -0.2434 0.2645
vn -0.7725 -0.6277 -0.0959
vn -0.7328 -0.6669 0.1350
vn -0.9332 -0.2434 0.2645
vn -0.9352 -0.1358 0.3270
vn -0.7467 0.5068 0.4308
vn -0.6588 0.3723 0.6537
vn -0.9515 -0.2682 0.1506
vn -0.9332 -0.2434 0.2645
vn -0.6588 0.3723 0.6537
vn -0.6107 0.1764 0.7720
vn -0.9547 -0.0252 0.2965
vn -0.9352 -0.1358 0.3270
vn -0.7328 -0.6669 0.1350
vn -0.6938 -0.5997 0.3987
vn -0.9808 0.0051 0.1950
vn -0.9547 -0.0252 0.2965
vn -0.6938 -0.5997 0.3987
vn -0.6817 -0.3557 0.6394
vn -0.9547 -0.0252 0.2965
vn -0.9808 0.0051 0.1950
vn -0.9467 0.2579 -0.1927
vn -0.8696 0.4795 0.1177
vn -0.9352 -0.1358 0.3270
vn -0.9547 -0.0252 0.2965
vn -0.8696 0.4795 0.1177
vn -0.7467 0.5068 0.4308
vn -0.9961 -0.0657 0.0595
vn -0.9808 0.0051 0.1950
vn -0.6817 -0.3557 0.6394
vn -0.7494 -0.1372 0.6478
vn -0.9848 -0.1736 0.0054
vn -0.9961 -0.0657 0.0595
vn -0.7494 -0.1372 0.6478
vn -0.7789 -0.1373 0.6119
vn -0.9961 -0.0657 0.0595
vn -0.9848 -0.1736 0.0054
vn -0.8794 -0.1551 -0.4502
vn -0.9162 0.0006 -0.4007
vn -0.9808 0.0051 0.1950
vn -0.9961 -0.0657 0.0595
vn -0.9162 0.0006 -0.4007
vn -0.9467 0.2579 -0.1927
vn -0.9880 -0.1265 0.0886
vn -0.9859 -0.0734 0.1506
vn -0.9439 0.1687 -0.2839
vn -0.9292 -0.0265 -0.3687
vn -0.9818 -0.1731 0.0781
vn -0.9880 -0.1265 0.0886
vn -0.9292 -0.0265 -0.3687
vn -0.9107 -0.1606 -0.3807
vn -0.9880 -0.1265 0.0886
vn -0.9818 -0.1731 0.0781
vn -0.5227 -0.0922 0.8475
vn -0.5176 -0.2042 0.8309
vn -0.9859 -0.0734 0.1506
vn -0.9880 -0.1265 0.0886
vn -0.5176 -0.2042 0.8309
vn -0.5135 -0.3747 0.7720
vn -0.9601 -0.0904 0.2645
vn -0.9253 -0.1923 0.3270
vn -0.9167 0.3761 0.1349
vn -0.9406 0.3257 -0.0959
vn -0.9859 -0.0734 0.1506
vn -0.9601 -0.0904 0.2645
vn -0.9406 0.3257 -0.0959
vn -0.9439 0.1687 -0.2839
vn -0.9601 -0.0904 0.2645
vn -0.9859 -0.0734 0.1506
vn -0.5135 -0.3747 0.7720
vn -0.4918 -0.5752 0.6537
vn -0.9253 -0.1923 0.3270
vn -0.9601 -0.0904 0.2645
vn -0.4918 -0.5752 0.6537
vn -0.5284 -0.7316 0.4308
vn -0.9058 -0.3028 0.2965
vn -0.9199 -0.3403 0.1950
vn -0.7622 0.1011 0.6394
vn -0.8571 0.3263 0.3987
vn -0.9253 -0.1923 0.3270
vn -0.9058 -0.3028 0.2965
vn -0.8571 0.3263 0.3987
vn -0.9167 0.3761 0.1349
vn -0.9058 -0.3028 0.2965
vn -0.9253 -0.1923 0.3270
vn -0.5284 -0.7316 0.4308
vn -0.6532 -0.7480 0.1177
vn -0.9199 -0.3403 0.1950
vn -0.9058 -0.3028 0.2965
vn -0.6532 -0.7480 0.1177
vn -0.8014 -0.5662 -0.1927
vn -0.9585 -0.2789 0.0595
vn -0.9848 -0.1736 0.0054
vn -0.7789 -0.1373 0.6119
vn -0.7511 -0.1274 0.6478
vn -0.9199 -0.3403 0.1950
vn -0.9585 -0.2789 0.0595
vn -0.7511 -0.1274 0.6478
vn -0.7622 0.1011 0.6394
vn -0.9585 -0.2789 0.0595
vn -0.9199 -0.3403 0.1950
vn -0.8014 -0.5662 -0.1927
vn -0.8607 -0.3140 -0.4007
vn -0.9848 -0.1736 0.0054
vn -0.9585 -0.2789 0.0595
vn -0.8607 -0.3140 -0.4007
vn -0.8794 -0.1551 -0.4502
vn 0.2826 0.2369 0.9295
vn 0.3272 0.0577 0.9432
vn -0.5227 -0.0922 0.8475
vn -0.5562 0.0148 0.8309
vn 0.1699 0.5112 0.8425
vn 0.2826 0.2369 0.9295
vn -0.5562 0.0148 0.8309
vn -0.6107 0.1764 0.7720
vn 0.2826 0.2369 0.9295
vn 0.1699 0.5112 0.8425
vn 0.3239 0.5592 0.7632
vn 0.4353 0.2733 0.8578
vn 0.3272 0.0577 0.9432
vn 0.2826 0.2369 0.9295
vn 0.4353 0.2733 0.8578
vn 0.4795 0.0846 0.8734
vn -0.0152 0.7818 0.6234
vn 0.1699 0.5112 0.8425
vn -0.6107 0.1764 0.7720
vn -0.6588 0.3723 0.6537
vn -0.2455 0.9290 0.2770
vn -0.0152 0.7818 0.6234
vn -0.6588 0.3723 0.6537
vn -0.7467 0.5068 0.4308
vn -0.0152 0.7818 0.6234
vn -0.2455 0.9290 0.2770
vn -0.0791 0.9793 0.1862
vn 0.1392 0.8321 0.5369
vn 0.1699 0.5112 0.8425
vn -0.0152 0.7818 0.6234
vn 0.1392 0.8321 0.5369
vn 0.3239 0.5592 0.7632
vn -0.4928 0.8472 -0.1984
vn -0.2455 0.9290 0.2770
vn -0.7467 0.5068 0.4308
vn -0.8696 0.4795 0.1177
vn -0.6234 0.4449 -0.6430
vn -0.4928 0.8472 -0.1984
vn -0.8696 0.4795 0.1177
vn -0.9467 0.2579 -0.1927
vn -0.4928 0.8472 -0.1984
vn -0.6234 0.4449 -0.6430
vn -0.4211 0.4972 -0.7586
vn -0.2996 0.9059 -0.2992
vn -0.2455 0.9290 0.2770
vn -0.4928 0.8472 -0.1984
vn -0.2996 0.9059 -0.2992
vn -0.0791 0.9793 0.1862
vn -0.5890 0.0567 -0.8062
vn -0.6234 0.4449 -0.6430
vn -0.9467 0.2579 -0.1927
vn -0.9162 0.0006 -0.4007
vn -0.5587 -0.0985 -0.8235
vn -0.5890 0.0567 -0.8062
vn -0.9162 0.0006 -0.4007
vn -0.8794 -0.1551 -0.4502
vn -0.5890 0.0567 -0.8062
vn -0.5587 -0.0985 -0.8235
vn -0.3916 -0.0690 -0.9175
vn -0.4098 0.0803 -0.9086
vn -0.6234 0.4449 -0.6430
vn -0.5890 0.0567 -0.8062
vn -0.4098 0.0803 -0.9086
vn -0.4211 0.4972 -0.7586
vn 0.3466 -0.1259 0.9295
vn 0.3345 -0.4223 0.8425
vn -0.5135 -0.3747 0.7720
vn -0.5176 -0.2042 0.8309
vn 0.3272 0.0577 0.9432
vn 0.3466 -0.1259 0.9295
vn -0.5176 -0.2042 0.8309
vn -0.5227 -0.0922 0.8475
vn 0.3466 -0.1259 0.9295
vn 0.3272 0.0577 0.9432
vn 0.4795 0.0846 0.8734
vn 0.5026 -0.1079 0.8578
vn 0.3345 -0.4223 0.8425
vn 0.3466 -0.1259 0.9295
vn 0.5026 -0.1079 0.8578
vn 0.4956 -0.4146 0.7632
vn 0.2531 -0.7398 0.6234
vn 0.0870 -0.9569 0.2770
vn -0.5284 -0.7316 0.4308
vn -0.4918 -0.5752 0.6537
vn 0.3345 -0.4223 0.8425
vn 0.2531 -0.7398 0.6234
vn -0.4918 -0.5752 0.6537
vn -0.5135 -0.3747 0.7720
vn 0.2531 -0.7398 0.6234
vn 0.3345 -0.4223 0.8425
vn 0.4956 -0.4146 0.7632
vn 0.4154 -0.7343 0.5369
vn 0.0870 -0.9569 0.2770
vn 0.2531 -0.7398 0.6234
vn 0.4154 -0.7343 0.5369
vn 0.2606 -0.9473 0.1862
vn -0.1734 -0.9647 -0.1984
vn -0.4336 -0.6313 -0.6430
vn -0.8014 -0.5662 -0.1927
vn -0.6532 -0.7480 0.1177
vn 0.0870 -0.9569 0.2770
vn -0.1734 -0.9647 -0.1984
vn -0.6532 -0.7480 0.1177
vn -0.5284 -0.7316 0.4308
vn -0.1734 -0.9647 -0.1984
vn 0.0870 -0.9569 0.2770
vn 0.2606 -0.9473 0.1862
vn 0.0283 -0.9538 -0.2992
vn -0.4336 -0.6313 -0.6430
vn -0.1734 -0.9647 -0.1984
vn 0.0283 -0.9538 -0.2992
vn -0.2256 -0.6113 -0.7586
vn -0.5341 -0.2547 -0.8062
vn -0.5587 -0.0985 -0.8235
vn -0.8794 -0.1551 -0.4502
vn -0.8607 -0.3140 -0.4007
vn -0.4336 -0.6313 -0.6430
vn -0.5341 -0.2547 -0.8062
vn -0.8607 -0.3140 -0.4007
vn -0.8014 -0.5662 -0.1927
vn -0.5341 -0.2547 -0.8062
vn -0.4336 -0.6313 -0.6430
vn -0.2256 -0.6113 -0.7586
vn -0.3577 -0.2156 -0.9086
vn -0.5587 -0.0985 -0.8235
vn -0.5341 -0.2547 -0.8062
vn -0.3577 -0.2156 -0.9086
vn -0.3916 -0.0690 -0.9175
vn 0.4315 0.2868 0.8553
vn 0.4353 0.2733 0.8578
vn 0.3239 0.5592 0.7632
vn 0.3120 0.5839 0.7495
vn 0.4298 0.2927 0.8541
vn 0.4315 0.2868 0.8553
vn 0.3120 0.5839 0.7495
vn 0.3138 0.5802 0.7516
vn 0.4315 0.2868 0.8553
vn 0.4298 0.2927 0.8541
vn 0.4796 0.0846 0.8734
vn 0.4796 0.0846 0.8734
vn 0.4353 0.2733 0.8578
vn 0.4315 0.2868 0.8553
vn 0.4796 0.0846 0.8734
vn 0.4795 0.0846 0.8734
vn 0.1227 0.8502 0.5120
vn 0.1392 0.8321 0.5369
vn -0.0791 0.9793 0.1862
vn -0.0859 0.9811 0.1733
vn 0.1281 0.8444 0.5202
vn 0.1227 0.8502 0.5120
vn -0.0859 0.9811 0.1733
vn -0.0660 0.9753 0.2107
vn 0.1227 0.8502 0.5120
vn 0.1281 0.8444 0.5202
vn 0.3138 0.5802 0.7516
vn 0.3120 0.5839 0.7495
vn 0.1392 0.8321 0.5369
vn 0.1227 0.8502 0.5120
vn 0.3120 0.5839 0.7495
vn 0.3239 0.5592 0.7632
vn -0.2929 0.9136 -0.2821
vn -0.2996 0.9059 -0.2992
vn -0.4211 0.4972 -0.7586
vn -0.4192 0.5168 -0.7465
vn -0.2609 0.9440 -0.2021
vn -0.2929 0.9136 -0.2821
vn -0.4192 0.5168 -0.7465
vn -0.4109 0.5824 -0.7013
vn -0.2929 0.9136 -0.2821
vn -0.2609 0.9440 -0.2021
vn -0.0660 0.9753 0.2107
vn -0.0859 0.9811 0.1733
vn -0.2996 0.9059 -0.2992
vn -0.2929 0.9136 -0.2821
vn -0.0859 0.9811 0.1733
vn -0.0791 0.9793 0.1862
vn -0.4099 0.0806 -0.9086
vn -0.4098 0.0803 -0.9086
vn -0.3916 -0.0690 -0.9175
vn -0.3916 -0.0690 -0.9176
vn -0.4105 0.0860 -0.9078
vn -0.4099 0.0806 -0.9086
vn -0.3916 -0.0690 -0.9176
vn -0.3916 -0.0690 -0.9175
vn -0.4099 0.0806 -0.9086
vn -0.4105 0.0860 -0.9078
vn -0.4109 0.5824 -0.7013
vn -0.4192 0.5168 -0.7465
vn -0.4098 0.0803 -0.9086
vn -0.4099 0.0806 -0.9086
vn -0.4192 0.5168 -0.7465
vn -0.4211 0.4972 -0.7586
vn 0.5036 -0.1219 0.8553
vn 0.5026 -0.1079 0.8578
vn 0.4795 0.0846 0.8734
vn 0.4796 0.0846 0.8734
vn 0.5040 -0.1280 0.8541
vn 0.5036 -0.1219 0.8553
vn 0.4796 0.0846 0.8734
vn 0.4796 0.0846 0.8734
vn 0.5036 -0.1219 0.8553
vn 0.5040 -0.1280 0.8541
vn 0.4933 -0.4379 0.7516
vn 0.4929 -0.4420 0.7495
vn 0.5026 -0.1079 0.8578
vn 0.5036 -0.1219 0.8553
vn 0.4929 -0.4420 0.7495
vn 0.4956 -0.4146 0.7632
vn 0.4061 -0.7569 0.5120
vn 0.4154 -0.7343 0.5369
vn 0.4956 -0.4146 0.7632
vn 0.4929 -0.4420 0.7495
vn 0.4092 -0.7496 0.5202
vn 0.4061 -0.7569 0.5120
vn 0.4929 -0.4420 0.7495
vn 0.4933 -0.4379 0.7516
vn 0.4061 -0.7569 0.5120
vn 0.4092 -0.7496 0.5202
vn 0.2715 -0.9391 0.2107
vn 0.2549 -0.9513 0.1733
vn 0.4154 -0.7343 0.5369
vn 0.4061 -0.7569 0.5120
vn 0.2549 -0.9513 0.1733
vn 0.2606 -0.9473 0.1862
vn 0.0372 -0.9587 -0.2821
vn 0.0283 -0.9538 -0.2992
vn 0.2606 -0.9473 0.1862
vn 0.2549 -0.9513 0.1733
vn 0.0777 -0.9763 -0.2021
vn 0.0372 -0.9587 -0.2821
vn 0.2549 -0.9513 0.1733
vn 0.2715 -0.9391 0.2107
vn 0.0372 -0.9587 -0.2821
vn 0.0777 -0.9763 -0.2021
vn -0.1870 -0.6879 -0.7013
vn -0.2172 -0.6290 -0.7465
vn 0.0283 -0.9538 -0.2992
vn 0.0372 -0.9587 -0.2821
vn -0.2172 -0.6290 -0.7465
vn -0.2256 -0.6113 -0.7586
vn -0.3576 -0.2159 -0.9086
vn -0.3577 -0.2156 -0.9086
vn -0.2256 -0.6113 -0.7586
vn -0.2172 -0.6290 -0.7465
vn -0.3563 -0.2212 -0.9078
vn -0.3576 -0.2159 -0.9086
vn -0.2172 -0.6290 -0.7465
vn -0.1870 -0.6879 -0.7013
vn -0.3576 -0.2159 -0.9086
vn -0.3563 -0.2212 -0.9078
vn -0.3916 -0.0690 -0.9175
vn -0.3916 -0.0690 -0.9176
vn -0.3577 -0.2156 -0.9086
vn -0.3576 -0.2159 -0.9086
vn -0.3916 -0.0690 -0.9176
vn -0.3916 -0.0690 -0.9175
vn -0.6667 -0.3158 -0.6751
vn -0.5559 -0.3235 -0.7657
vn -0.4451 -0.6121 -0.6536
vn -0.5707 -0.5870 -0.5742
vn -0.8822 -0.2929 -0.3687
vn -0.6667 -0.3158 -0.6751
vn -0.5707 -0.5870 -0.5742
vn -0.8293 -0.4813 -0.2839
vn -0.6667 -0.3158 -0.6751
vn -0.8822 -0.2929 -0.3687
vn -0.9107 -0.1606 -0.3807
vn -0.7134 -0.1258 -0.6894
vn -0.5559 -0.3235 -0.7657
vn -0.6667 -0.3158 -0.6751
vn -0.7134 -0.1258 -0.6894
vn -0.6099 -0.1075 -0.7852
vn -0.4461 -0.8263 -0.3438
vn -0.2965 -0.8645 -0.4059
vn -0.1159 -0.9926 -0.0350
vn -0.3115 -0.9501 -0.0182
vn -0.7725 -0.6277 -0.0959
vn -0.4461 -0.8263 -0.3438
vn -0.3115 -0.9501 -0.0182
vn -0.7328 -0.6669 0.1350
vn -0.4461 -0.8263 -0.3438
vn -0.7725 -0.6277 -0.0959
vn -0.8293 -0.4813 -0.2839
vn -0.5707 -0.5870 -0.5742
vn -0.2965 -0.8645 -0.4059
vn -0.4461 -0.8263 -0.3438
vn -0.5707 -0.5870 -0.5742
vn -0.4451 -0.6121 -0.6536
vn -0.1330 -0.9045 0.4052
vn 0.1315 -0.9032 0.4085
vn 0.2620 -0.5295 0.8068
vn -0.0382 -0.5540 0.8316
vn -0.6938 -0.5997 0.3987
vn -0.1330 -0.9045 0.4052
vn -0.0382 -0.5540 0.8316
vn -0.6817 -0.3557 0.6394
vn -0.1330 -0.9045 0.4052
vn -0.6938 -0.5997 0.3987
vn -0.7328 -0.6669 0.1350
vn -0.3115 -0.9501 -0.0182
vn 0.1315 -0.9032 0.4085
vn -0.1330 -0.9045 0.4052
vn -0.3115 -0.9501 -0.0182
vn -0.1159 -0.9926 -0.0350
vn 0.1338 -0.1769 0.9751
vn 0.2047 -0.1343 0.9696
vn 0.2620 -0.5295 0.8068
vn 0.1934 -0.5218 0.8308
vn -0.0311 -0.2408 0.9701
vn 0.1338 -0.1769 0.9751
vn 0.1934 -0.5218 0.8308
vn 0.0353 -0.5633 0.8255
vn 0.1338 -0.1769 0.9751
vn -0.0311 -0.2408 0.9701
vn -0.0640 -0.0113 0.9979
vn 0.0911 0.0161 0.9957
vn 0.2047 -0.1343 0.9696
vn 0.1338 -0.1769 0.9751
vn 0.0911 0.0161 0.9957
vn 0.1608 0.0284 0.9866
vn -0.7345 0.0688 -0.6751
vn -0.6330 0.1139 -0.7657
vn -0.6099 -0.1075 -0.7852
vn -0.7134 -0.1258 -0.6894
vn -0.9292 -0.0265 -0.3687
vn -0.7345 0.0688 -0.6751
vn -0.7134 -0.1258 -0.6894
vn -0.9107 -0.1606 -0.3807
vn -0.7345 0.0688 -0.6751
vn -0.9292 -0.0265 -0.3687
vn -0.9439 0.1687 -0.2839
vn -0.7371 0.3564 -0.5742
vn -0.6330 0.1139 -0.7657
vn -0.7345 0.0688 -0.6751
vn -0.7371 0.3564 -0.5742
vn -0.6276 0.4230 -0.6536
vn -0.7018 0.6239 -0.3438
vn -0.5743 0.7109 -0.4059
vn -0.6276 0.4230 -0.6536
vn -0.7371 0.3564 -0.5742
vn -0.9406 0.3257 -0.0959
vn -0.7018 0.6239 -0.3438
vn -0.7371 0.3564 -0.5742
vn -0.9439 0.1687 -0.2839
vn -0.7018 0.6239 -0.3438
vn -0.9406 0.3257 -0.0959
vn -0.9167 0.3761 0.1349
vn -0.6177 0.7862 -0.0182
vn -0.5743 0.7109 -0.4059
vn -0.7018 0.6239 -0.3438
vn -0.6177 0.7862 -0.0182
vn -0.4484 0.8931 -0.0350
vn -0.4344 0.8044 0.4052
vn -0.1854 0.8937 0.4085
vn -0.4484 0.8931 -0.0350
vn -0.6177 0.7862 -0.0182
vn -0.8571 0.3263 0.3987
vn -0.4344 0.8044 0.4052
vn -0.6177 0.7862 -0.0182
vn -0.9167 0.3761 0.1349
vn -0.4344 0.8044 0.4052
vn -0.8571 0.3263 0.3987
vn -0.7622 0.1011 0.6394
vn -0.2254 0.5075 0.8316
vn -0.1854 0.8937 0.4085
vn -0.4344 0.8044 0.4052
vn -0.2254 0.5075 0.8316
vn 0.0651 0.5872 0.8068
vn 0.0656 0.2122 0.9750
vn 0.1465 0.1962 0.9696
vn 0.1608 0.0284 0.9866
vn 0.0911 0.0161 0.9957
vn -0.1097 0.2149 0.9704
vn 0.0656 0.2122 0.9750
vn 0.0911 0.0161 0.9957
vn -0.0640 -0.0113 0.9979
vn 0.0656 0.2122 0.9750
vn -0.1097 0.2149 0.9704
vn -0.1581 0.5403 0.8265
vn 0.0035 0.5566 0.8308
vn 0.1465 0.1962 0.9696
vn 0.0656 0.2122 0.9750
vn 0.0035 0.5566 0.8308
vn 0.0651 0.5872 0.8068
vn 0.7182 -0.4518 0.5292
vn 0.6203 -0.1933 0.7602
vn 0.5843 -0.1945 0.7879
vn 0.7953 -0.3688 0.4812
vn 0.8202 -0.4943 0.2881
vn 0.7182 -0.4518 0.5292
vn 0.7953 -0.3688 0.4812
vn 0.8589 -0.3957 0.3250
vn 0.7182 -0.4518 0.5292
vn 0.8202 -0.4943 0.2881
vn 0.8076 -0.5366 0.2447
vn 0.6853 -0.4648 0.5606
vn 0.6203 -0.1933 0.7602
vn 0.7182 -0.4518 0.5292
vn 0.6853 -0.4648 0.5606
vn 0.5775 -0.1784 0.7967
vn 0.9266 0.3209 0.1962
vn 0.8702 0.4396 0.2225
vn 0.8791 0.4534 0.1469
vn 0.9358 0.3341 0.1122
vn 0.9674 0.1706 0.1874
vn 0.9266 0.3209 0.1962
vn 0.9358 0.3341 0.1122
vn 0.9814 0.1730 0.0834
vn 0.9266 0.3209 0.1962
vn 0.9674 0.1706 0.1874
vn 0.9710 0.1712 0.1671
vn 0.9312 0.3235 0.1677
vn 0.8702 0.4396 0.2225
vn 0.9266 0.3209 0.1962
vn 0.9312 0.3235 0.1677
vn 0.8414 0.5080 0.1842
vn 0.4654 0.1923 0.8639
vn 0.5168 0.3938 0.7602
vn 0.4825 0.3826 0.7879
vn 0.2983 0.1425 0.9438
vn 0.4770 0.0841 0.8749
vn 0.4654 0.1923 0.8639
vn 0.2983 0.1425 0.9438
vn 0.3082 0.0543 0.9498
vn 0.4654 0.1923 0.8639
vn 0.4770 0.0841 0.8749
vn 0.4788 0.0844 0.8739
vn 0.4737 0.1772 0.8627
vn 0.5168 0.3938 0.7602
vn 0.4654 0.1923 0.8639
vn 0.4737 0.1772 0.8627
vn 0.4817 0.3651 0.7967
vn 0.9308 -0.2714 0.2448
vn 0.9681 -0.1155 0.2225
vn 0.9812 -0.1254 0.1469
vn 0.9449 -0.2879 0.1560
vn 0.8202 -0.4943 0.2881
vn 0.9308 -0.2714 0.2448
vn 0.9449 -0.2879 0.1560
vn 0.8076 -0.5366 0.2447
vn 0.9308 -0.2714 0.2448
vn 0.8202 -0.4943 0.2881
vn 0.8589 -0.3957 0.3250
vn 0.9139 -0.3058 0.2669
vn 0.9681 -0.1155 0.2225
vn 0.9308 -0.2714 0.2448
vn 0.9139 -0.3058 0.2669
vn 0.9644 -0.1896 0.1842
vn 0.9538 0.0041 -0.3006
vn 0.9722 -0.1136 -0.2050
vn 0.8921 -0.2002 -0.4051
vn 0.8030 -0.0225 -0.5955
vn 0.9033 0.1593 -0.3984
vn 0.9538 0.0041 -0.3006
vn 0.8030 -0.0225 -0.5955
vn 0.7237 0.1276 -0.6783
vn 0.9538 0.0041 -0.3006
vn 0.9033 0.1593 -0.3984
vn 0.9012 0.1589 -0.4033
vn 0.9444 -0.0130 -0.3286
vn 0.9722 -0.1136 -0.2050
vn 0.9538 0.0041 -0.3006
vn 0.9444 -0.0130 -0.3286
vn 0.9673 -0.1177 -0.2245
vn 0.8013 0.5946 -0.0656
vn 0.8747 0.4393 -0.2050
vn 0.7698 0.4932 -0.4051
vn 0.7756 0.6300 -0.0399
vn 0.7786 0.6189 0.1035
vn 0.8013 0.5946 -0.0656
vn 0.7756 0.6300 -0.0399
vn 0.7675 0.6362 0.0786
vn 0.8013 0.5946 -0.0656
vn 0.7786 0.6189 0.1035
vn 0.7846 0.6026 0.1458
vn 0.8105 0.5826 -0.0609
vn 0.8747 0.4393 -0.2050
vn 0.8013 0.5946 -0.0656
vn 0.8105 0.5826 -0.0609
vn 0.8687 0.4415 -0.2245
vn 0.8683 0.4758 0.1404
vn 0.9150 0.3771 0.1433
vn 0.9093 0.3640 0.2018
vn 0.8674 0.4535 0.2049
vn 0.7786 0.6189 0.1035
vn 0.8683 0.4758 0.1404
vn 0.8674 0.4535 0.2049
vn 0.7846 0.6026 0.1458
vn 0.8683 0.4758 0.1404
vn 0.7786 0.6189 0.1035
vn 0.7675 0.6362 0.0786
vn 0.8112 0.5729 0.1168
vn 0.9150 0.3771 0.1433
vn 0.8683 0.4758 0.1404
vn 0.8112 0.5729 0.1168
vn 0.8414 0.5080 0.1842
vn 0.9786 -0.1501 0.1404
vn 0.9888 -0.0414 0.1433
vn 0.9644 -0.1896 0.1842
vn 0.9583 -0.2609 0.1168
vn 0.9433 -0.3153 0.1035
vn 0.9786 -0.1501 0.1404
vn 0.9583 -0.2609 0.1168
vn 0.9388 -0.3353 0.0786
vn 0.9786 -0.1501 0.1404
vn 0.9433 -0.3153 0.1035
vn 0.9434 -0.2979 0.1458
vn 0.9702 -0.1295 0.2049
vn 0.9888 -0.0414 0.1433
vn 0.9786 -0.1501 0.1404
vn 0.9702 -0.1295 0.2049
vn 0.9789 -0.0310 0.2018
vn 0.8029 -0.1110 -0.5857
vn 0.8585 -0.2633 -0.4401
vn 0.9673 -0.1177 -0.2245
vn 0.9444 -0.0130 -0.3286
vn 0.7498 0.1322 -0.6483
vn 0.8029 -0.1110 -0.5857
vn 0.9444 -0.0130 -0.3286
vn 0.9012 0.1589 -0.4033
vn 0.8029 -0.1110 -0.5857
vn 0.7498 0.1322 -0.6483
vn 0.3846 0.0678 -0.9206
vn 0.4340 -0.2141 -0.8751
vn 0.8585 -0.2633 -0.4401
vn 0.8029 -0.1110 -0.5857
vn 0.4340 -0.2141 -0.8751
vn 0.4991 -0.4485 -0.7414
vn 0.7165 0.3789 -0.5857
vn 0.7498 0.1322 -0.6483
vn 0.9012 0.1589 -0.4033
vn 0.8830 0.3352 -0.3286
vn 0.7166 0.5410 -0.4401
vn 0.7165 0.3789 -0.5857
vn 0.8830 0.3352 -0.3286
vn 0.8687 0.4415 -0.2245
vn 0.7165 0.3789 -0.5857
vn 0.7166 0.5410 -0.4401
vn 0.3156 0.5922 -0.7414
vn 0.3346 0.3497 -0.8751
vn 0.7498 0.1322 -0.6483
vn 0.7165 0.3789 -0.5857
vn 0.3346 0.3497 -0.8751
vn 0.3846 0.0678 -0.9206
vn 0.7158 0.6857 -0.1320
vn 0.7166 0.5410 -0.4401
vn 0.8687 0.4415 -0.2245
vn 0.8105 0.5826 -0.0609
vn 0.6540 0.7132 0.2522
vn 0.7158 0.6857 -0.1320
vn 0.8105 0.5826 -0.0609
vn 0.7846 0.6026 0.1458
vn 0.7158 0.6857 -0.1320
vn 0.6540 0.7132 0.2522
vn 0.2404 0.8948 0.3761
vn 0.3231 0.9024 -0.2850
vn 0.7166 0.5410 -0.4401
vn 0.7158 0.6857 -0.1320
vn 0.3231 0.9024 -0.2850
vn 0.3156 0.5922 -0.7414
vn 0.6628 0.6006 0.4472
vn 0.6540 0.7132 0.2522
vn 0.7846 0.6026 0.1458
vn 0.8674 0.4535 0.2049
vn 0.7120 0.4816 0.5111
vn 0.6628 0.6006 0.4472
vn 0.8674 0.4535 0.2049
vn 0.9093 0.3640 0.2018
vn 0.6628 0.6006 0.4472
vn 0.7120 0.4816 0.5111
vn 0.2337 0.5240 0.8190
vn 0.2054 0.7031 0.6808
vn 0.6540 0.7132 0.2522
vn 0.6628 0.6006 0.4472
vn 0.2054 0.7031 0.6808
vn 0.2404 0.8948 0.3761
vn 0.7492 0.3227 0.5785
vn 0.7120 0.4816 0.5111
vn 0.9093 0.3640 0.2018
vn 0.9339 0.2865 0.2140
vn 0.7708 0.1359 0.6224
vn 0.7492 0.3227 0.5785
vn 0.9339 0.2865 0.2140
vn 0.9584 0.1690 0.2299
vn 0.7492 0.3227 0.5785
vn 0.7708 0.1359 0.6224
vn 0.2974 0.0524 0.9533
vn 0.2710 0.2747 0.9226
vn 0.7120 0.4816 0.5111
vn 0.7492 0.3227 0.5785
vn 0.2710 0.2747 0.9226
vn 0.2337 0.5240 0.8190
vn 0.8144 -0.0470 0.5785
vn 0.7708 0.1359 0.6224
vn 0.9584 0.1690 0.2299
vn 0.9755 0.0502 0.2140
vn 0.8337 -0.2090 0.5111
vn 0.8144 -0.0470 0.5785
vn 0.9755 0.0502 0.2140
vn 0.9789 -0.0310 0.2018
vn 0.8144 -0.0470 0.5785
vn 0.8337 -0.2090 0.5111
vn 0.3988 -0.4125 0.8190
vn 0.3486 -0.1654 0.9226
vn 0.7708 0.1359 0.6224
vn 0.8144 -0.0470 0.5785
vn 0.3486 -0.1654 0.9226
vn 0.2974 0.0524 0.9533
vn 0.8282 -0.3377 0.4472
vn 0.8337 -0.2090 0.5111
vn 0.9789 -0.0310 0.2018
vn 0.9702 -0.1295 0.2049
vn 0.8585 -0.4465 0.2522
vn 0.8282 -0.3377 0.4472
vn 0.9702 -0.1295 0.2049
vn 0.9434 -0.2979 0.1458
vn 0.8282 -0.3377 0.4472
vn 0.8585 -0.4465 0.2522
vn 0.5320 -0.7586 0.3761
vn 0.4335 -0.5905 0.6808
vn 0.8337 -0.2090 0.5111
vn 0.8282 -0.3377 0.4472
vn 0.4335 -0.5905 0.6808
vn 0.3988 -0.4125 0.8190
vn 0.9072 -0.3995 -0.1320
vn 0.8585 -0.4465 0.2522
vn 0.9434 -0.2979 0.1458
vn 0.9609 -0.2703 -0.0609
vn 0.8585 -0.2633 -0.4401
vn 0.9072 -0.3995 -0.1320
vn 0.9609 -0.2703 -0.0609
vn 0.9673 -0.1177 -0.2245
vn 0.9072 -0.3995 -0.1320
vn 0.8585 -0.2633 -0.4401
vn 0.4991 -0.4485 -0.7414
vn 0.6123 -0.7375 -0.2850
vn 0.8585 -0.4465 0.2522
vn 0.9072 -0.3995 -0.1320
vn 0.6123 -0.7375 -0.2850
vn 0.5320 -0.7586 0.3761
vn 0.6249 -0.5085 0.5924
vn 0.4567 -0.2185 0.8624
vn 0.5775 -0.1784 0.7967
vn 0.6853 -0.4648 0.5606
vn 0.7369 -0.6667 0.1116
vn 0.6249 -0.5085 0.5924
vn 0.6853 -0.4648 0.5606
vn 0.8076 -0.5366 0.2447
vn 0.6249 -0.5085 0.5924
vn 0.7369 -0.6667 0.1116
vn 0.4262 -0.8925 -0.1474
vn 0.3848 -0.7483 0.5403
vn 0.4567 -0.2185 0.8624
vn 0.6249 -0.5085 0.5924
vn 0.3848 -0.7483 0.5403
vn 0.2218 -0.3331 0.9165
vn 0.8102 -0.5556 -0.1868
vn 0.7369 -0.6667 0.1116
vn 0.8076 -0.5366 0.2447
vn 0.9449 -0.2879 0.1560
vn 0.8653 -0.3885 -0.3167
vn 0.8102 -0.5556 -0.1868
vn 0.9449 -0.2879 0.1560
vn 0.9812 -0.1254 0.1469
vn 0.8102 -0.5556 -0.1868
vn 0.8653 -0.3885 -0.3167
vn 0.3641 -0.5289 -0.7666
vn 0.3896 -0.7394 -0.5492
vn 0.7369 -0.6667 0.1116
vn 0.8102 -0.5556 -0.1868
vn 0.3896 -0.7394 -0.5492
vn 0.4262 -0.8925 -0.1474
vn 0.8725 -0.1365 -0.4692
vn 0.8653 -0.3885 -0.3167
vn 0.9812 -0.1254 0.1469
vn 0.9937 0.0061 0.1122
vn 0.8221 0.1450 -0.5505
vn 0.8725 -0.1365 -0.4692
vn 0.9937 0.0061 0.1122
vn 0.9814 0.1730 0.0834
vn 0.8725 -0.1365 -0.4692
vn 0.8221 0.1450 -0.5505
vn 0.2597 0.0458 -0.9646
vn 0.3107 -0.2118 -0.9266
vn 0.8653 -0.3885 -0.3167
vn 0.8725 -0.1365 -0.4692
vn 0.3107 -0.2118 -0.9266
vn 0.3641 -0.5289 -0.7666
vn 0.7732 0.4267 -0.4692
vn 0.8221 0.1450 -0.5505
vn 0.9814 0.1730 0.0834
vn 0.9358 0.3341 0.1122
vn 0.6803 0.6610 -0.3167
vn 0.7732 0.4267 -0.4692
vn 0.9358 0.3341 0.1122
vn 0.8791 0.4534 0.1469
vn 0.7732 0.4267 -0.4692
vn 0.6803 0.6610 -0.3167
vn 0.1612 0.6216 -0.7666
vn 0.2195 0.3053 -0.9266
vn 0.8221 0.1450 -0.5505
vn 0.7732 0.4267 -0.4692
vn 0.2195 0.3053 -0.9266
vn 0.2597 0.0458 -0.9646
vn 0.5713 0.7992 -0.1868
vn 0.6803 0.6610 -0.3167
vn 0.8791 0.4534 0.1469
vn 0.7894 0.5937 0.1560
vn 0.4644 0.8785 0.1116
vn 0.5713 0.7992 -0.1868
vn 0.7894 0.5937 0.1560
vn 0.5754 0.7804 0.2447
vn 0.5713 0.7992 -0.1868
vn 0.4644 0.8785 0.1116
vn 0.0952 0.9845 -0.1474
vn 0.1132 0.8280 -0.5492
vn 0.6803 0.6610 -0.3167
vn 0.5713 0.7992 -0.1868
vn 0.1132 0.8280 -0.5492
vn 0.1612 0.6216 -0.7666
vn 0.4133 0.6916 0.5924
vn 0.4644 0.8785 0.1116
vn 0.5754 0.7804 0.2447
vn 0.4850 0.6712 0.5606
vn 0.3544 0.3615 0.8624
vn 0.4133 0.6916 0.5924
vn 0.4850 0.6712 0.5606
vn 0.4817 0.3651 0.7967
vn 0.4133 0.6916 0.5924
vn 0.3544 0.3615 0.8624
vn 0.0945 0.3888 0.9165
vn 0.1056 0.8348 0.5403
vn 0.4644 0.8785 0.1116
vn 0.4133 0.6916 0.5924
vn 0.1056 0.8348 0.5403
vn 0.0952 0.9845 -0.1474
vn 0.3222 0.1512 0.9345
vn 0.3544 0.3615 0.8624
vn 0.4817 0.3651 0.7967
vn 0.4737 0.1772 0.8627
vn 0.3215 0.0567 0.9452
vn 0.3222 0.1512 0.9345
vn 0.4737 0.1772 0.8627
vn 0.4788 0.0844 0.8739
vn 0.3222 0.1512 0.9345
vn 0.3215 0.0567 0.9452
vn 0.1032 0.0182 0.9945
vn 0.0949 0.1185 0.9884
vn 0.3544 0.3615 0.8624
vn 0.3222 0.1512 0.9345
vn 0.0949 0.1185 0.9884
vn 0.0945 0.3888 0.9165
vn 0.3545 -0.0319 0.9345
vn 0.3215 0.0567 0.9452
vn 0.4788 0.0844 0.8739
vn 0.5057 -0.0045 0.8627
vn 0.4567 -0.2185 0.8624
vn 0.3545 -0.0319 0.9345
vn 0.5057 -0.0045 0.8627
vn 0.5775 -0.1784 0.7967
vn 0.3545 -0.0319 0.9345
vn 0.4567 -0.2185 0.8624
vn 0.2218 -0.3331 0.9165
vn 0.1297 -0.0789 0.9884
vn 0.3215 0.0567 0.9452
vn 0.3545 -0.0319 0.9345
vn 0.1297 -0.0789 0.9884
vn 0.1032 0.0182 0.9945
vn 0.3555 -0.8174 0.4533
vn 0.4456 -0.3076 0.8407
vn 0.2726 -0.3451 0.8981
vn 0.2661 -0.8344 0.4827
vn 0.0637 -0.9704 -0.2331
vn 0.3555 -0.8174 0.4533
vn 0.2661 -0.8344 0.4827
vn 0.1155 -0.9633 -0.2424
vn 0.3555 -0.8174 0.4533
vn 0.0637 -0.9704 -0.2331
vn 0.0192 -0.9790 -0.2032
vn 0.4443 -0.7978 0.4075
vn 0.4456 -0.3076 0.8407
vn 0.3555 -0.8174 0.4533
vn 0.4443 -0.7978 0.4075
vn 0.6150 -0.2748 0.7391
vn -0.1409 -0.7831 -0.6057
vn 0.0637 -0.9704 -0.2331
vn 0.1155 -0.9633 -0.2424
vn -0.0186 -0.7688 -0.6392
vn -0.2566 -0.5708 -0.7800
vn -0.1409 -0.7831 -0.6057
vn -0.0186 -0.7688 -0.6392
vn -0.1045 -0.5511 -0.8278
vn -0.1409 -0.7831 -0.6057
vn -0.2566 -0.5708 -0.7800
vn -0.3841 -0.5882 -0.7117
vn -0.2489 -0.7990 -0.5474
vn 0.0637 -0.9704 -0.2331
vn -0.1409 -0.7831 -0.6057
vn -0.2489 -0.7990 -0.5474
vn 0.0192 -0.9790 -0.2032
vn -0.3578 -0.2812 -0.8905
vn -0.2566 -0.5708 -0.7800
vn -0.1045 -0.5511 -0.8278
vn -0.1893 -0.2535 -0.9486
vn -0.4047 -0.0714 -0.9117
vn -0.3578 -0.2812 -0.8905
vn -0.1893 -0.2535 -0.9486
vn -0.2327 -0.0410 -0.9717
vn -0.3578 -0.2812 -0.8905
vn -0.4047 -0.0714 -0.9117
vn -0.5441 -0.0959 -0.8335
vn -0.4952 -0.3022 -0.8145
vn -0.2566 -0.5708 -0.7800
vn -0.3578 -0.2812 -0.8905
vn -0.4952 -0.3022 -0.8145
vn -0.3841 -0.5882 -0.7117
vn -0.4324 0.1418 -0.8905
vn -0.4047 -0.0714 -0.9117
vn -0.2327 -0.0410 -0.9717
vn -0.2646 0.1735 -0.9486
vn -0.4363 0.4486 -0.7800
vn -0.4324 0.1418 -0.8905
vn -0.2646 0.1735 -0.9486
vn -0.2867 0.4822 -0.8278
vn -0.4324 0.1418 -0.8905
vn -0.4363 0.4486 -0.7800
vn -0.5621 0.4214 -0.7117
vn -0.5687 0.1146 -0.8145
vn -0.4047 -0.0714 -0.9117
vn -0.4324 0.1418 -0.8905
vn -0.5687 0.1146 -0.8145
vn -0.5441 -0.0959 -0.8335
vn -0.4002 0.6877 -0.6057
vn -0.4363 0.4486 -0.7800
vn -0.2867 0.4822 -0.8278
vn -0.2804 0.7161 -0.6392
vn -0.2720 0.9336 -0.2331
vn -0.4002 0.6877 -0.6057
vn -0.2804 0.7161 -0.6392
vn -0.2209 0.9447 -0.2424
vn -0.4002 0.6877 -0.6057
vn -0.2720 0.9336 -0.2331
vn -0.3167 0.9265 -0.2032
vn -0.5072 0.6657 -0.5474
vn -0.4363 0.4486 -0.7800
vn -0.4002 0.6877 -0.6057
vn -0.5072 0.6657 -0.5474
vn -0.5621 0.4214 -0.7117
vn 0.0544 0.8897 0.4532
vn -0.2720 0.9336 -0.2331
vn -0.2209 0.9447 -0.2424
vn -0.0353 0.8751 0.4827
vn 0.3136 0.4415 0.8407
vn 0.0544 0.8897 0.4532
vn -0.0353 0.8751 0.4827
vn 0.1381 0.4175 0.8981
vn 0.0544 0.8897 0.4532
vn 0.3136 0.4415 0.8407
vn 0.4839 0.4686 0.7391
vn 0.1447 0.9017 0.4075
vn -0.2720 0.9336 -0.2331
vn 0.0544 0.8897 0.4532
vn 0.1447 0.9017 0.4075
vn -0.3167 0.9265 -0.2032
vn 0.3926 0.1670 0.9044
vn 0.3136 0.4415 0.8407
vn 0.1381 0.4175 0.8981
vn 0.2064 0.1375 0.9688
vn 0.4116 0.0726 0.9085
vn 0.3926 0.1670 0.9044
vn 0.2064 0.1375 0.9688
vn 0.2262 0.0399 0.9733
vn 0.3926 0.1670 0.9044
vn 0.4116 0.0726 0.9085
vn 0.5946 0.1048 0.7972
vn 0.5753 0.1985 0.7935
vn 0.3136 0.4415 0.8407
vn 0.3926 0.1670 0.9044
vn 0.5753 0.1985 0.7935
vn 0.4839 0.4686 0.7391
vn 0.4261 -0.0226 0.9044
vn 0.4116 0.0726 0.9085
vn 0.2262 0.0399 0.9733
vn 0.2410 -0.0586 0.9688
vn 0.4456 -0.3076 0.8407
vn 0.4261 -0.0226 0.9044
vn 0.2410 -0.0586 0.9688
vn 0.2726 -0.3451 0.8981
vn 0.4261 -0.0226 0.9044
vn 0.4456 -0.3076 0.8407
vn 0.6150 -0.2748 0.7391
vn 0.6085 0.0102 0.7935
vn 0.4116 0.0726 0.9085
vn 0.4261 -0.0226 0.9044
vn 0.6085 0.0102 0.7935
vn 0.5946 0.1048 0.7972
vn 0.5467 -0.7694 0.3304
vn 0.7917 -0.2336 0.5645
vn 0.6150 -0.2748 0.7391
vn 0.4443 -0.7978 0.4075
vn -0.0295 -0.9893 -0.1429
vn 0.5467 -0.7694 0.3304
vn 0.4443 -0.7978 0.4075
vn 0.0192 -0.9790 -0.2032
vn 0.5467 -0.7694 0.3304
vn -0.0295 -0.9893 -0.1429
vn -0.0789 -0.9941 -0.0746
vn 0.5956 -0.7759 0.2080
vn 0.7917 -0.2336 0.5645
vn 0.5467 -0.7694 0.3304
vn 0.5956 -0.7759 0.2080
vn 0.9052 -0.2447 0.3476
vn -0.3882 -0.8156 -0.4292
vn -0.0295 -0.9893 -0.1429
vn 0.0192 -0.9790 -0.2032
vn -0.2489 -0.7990 -0.5474
vn -0.5583 -0.6094 -0.5629
vn -0.3882 -0.8156 -0.4292
vn -0.2489 -0.7990 -0.5474
vn -0.3841 -0.5882 -0.7117
vn -0.3882 -0.8156 -0.4292
vn -0.5583 -0.6094 -0.5629
vn -0.6933 -0.6421 -0.3272
vn -0.4885 -0.8371 -0.2462
vn -0.0295 -0.9893 -0.1429
vn -0.3882 -0.8156 -0.4292
vn -0.4885 -0.8371 -0.2462
vn -0.0789 -0.9941 -0.0746
vn -0.6897 -0.3309 -0.6440
vn -0.5583 -0.6094 -0.5629
vn -0.3841 -0.5882 -0.7117
vn -0.4952 -0.3022 -0.8145
vn -0.7430 -0.1310 -0.6564
vn -0.6897 -0.3309 -0.6440
vn -0.4952 -0.3022 -0.8145
vn -0.5441 -0.0959 -0.8335
vn -0.6897 -0.3309 -0.6440
vn -0.7430 -0.1310 -0.6564
vn -0.9096 -0.1604 -0.3834
vn -0.8507 -0.3669 -0.3764
vn -0.5583 -0.6094 -0.5629
vn -0.6897 -0.3309 -0.6440
vn -0.8507 -0.3669 -0.3764
vn -0.6933 -0.6421 -0.3272
vn -0.7613 0.0750 -0.6440
vn -0.7430 -0.1310 -0.6564
vn -0.5441 -0.0959 -0.8335
vn -0.5687 0.1146 -0.8145
vn -0.7331 0.3817 -0.5629
vn -0.7613 0.0750 -0.6440
vn -0.5687 0.1146 -0.8145
vn -0.5621 0.4214 -0.7117
vn -0.7613 0.0750 -0.6440
vn -0.7331 0.3817 -0.5629
vn -0.8711 0.3663 -0.3272
vn -0.9249 0.0538 -0.3764
vn -0.7430 -0.1310 -0.6564
vn -0.7613 0.0750 -0.6440
vn -0.9249 0.0538 -0.3764
vn -0.9096 -0.1604 -0.3834
vn -0.6437 0.6336 -0.4292
vn -0.7331 0.3817 -0.5629
vn -0.5621 0.4214 -0.7117
vn -0.5072 0.6657 -0.5474
vn -0.3661 0.9195 -0.1429
vn -0.6437 0.6336 -0.4292
vn -0.5072 0.6657 -0.5474
vn -0.3167 0.9265 -0.2032
vn -0.6437 0.6336 -0.4292
vn -0.3661 0.9195 -0.1429
vn -0.4141 0.9072 -0.0746
vn -0.7454 0.6195 -0.2462
vn -0.7331 0.3817 -0.5629
vn -0.6437 0.6336 -0.4292
vn -0.7454 0.6195 -0.2462
vn -0.8711 0.3663 -0.3272
vn 0.2506 0.9100 0.3304
vn -0.3661 0.9195 -0.1429
vn -0.3167 0.9265 -0.2032
vn 0.1447 0.9017 0.4075
vn 0.6640 0.4903 0.5645
vn 0.2506 0.9100 0.3304
vn 0.1447 0.9017 0.4075
vn 0.4839 0.4686 0.7391
vn 0.2506 0.9100 0.3304
vn 0.6640 0.4903 0.5645
vn 0.7669 0.5395 0.3476
vn 0.2943 0.9328 0.2080
vn -0.3661 0.9195 -0.1429
vn 0.2506 0.9100 0.3304
vn 0.2943 0.9328 0.2080
vn -0.4141 0.9072 -0.0746
vn 0.7627 0.2287 0.6049
vn 0.6640 0.4903 0.5645
vn 0.4839 0.4686 0.7391
vn 0.5753 0.1985 0.7935
vn 0.7805 0.1376 0.6098
vn 0.7627 0.2287 0.6049
vn 0.5753 0.1985 0.7935
vn 0.5946 0.1048 0.7972
vn 0.7627 0.2287 0.6049
vn 0.7805 0.1376 0.6098
vn 0.9058 0.1597 0.3924
vn 0.8815 0.2773 0.3822
vn 0.6640 0.4903 0.5645
vn 0.7627 0.2287 0.6049
vn 0.8815 0.2773 0.3822
vn 0.7669 0.5395 0.3476
vn 0.7949 0.0459 0.6049
vn 0.7805 0.1376 0.6098
vn 0.5946 0.1048 0.7972
vn 0.6085 0.0102 0.7935
vn 0.7917 -0.2336 0.5645
vn 0.7949 0.0459 0.6049
vn 0.6085 0.0102 0.7935
vn 0.6150 -0.2748 0.7391
vn 0.7949 0.0459 0.6049
vn 0.7917 -0.2336 0.5645
vn 0.9052 -0.2447 0.3476
vn 0.9232 0.0409 0.3822
vn 0.7805 0.1376 0.6098
vn 0.7949 0.0459 0.6049
vn 0.9232 0.0409 0.3822
vn 0.9058 0.1597 0.3924
vn 0.5879 -0.8050 0.0801
vn 0.9431 -0.3131 0.1117
vn 0.9052 -0.2447 0.3476
vn 0.5956 -0.7759 0.2080
vn -0.1279 -0.9918 -0.0075
vn 0.5879 -0.8050 0.0801
vn 0.5956 -0.7759 0.2080
vn -0.0789 -0.9941 -0.0746
vn 0.5879 -0.8050 0.0801
vn -0.1279 -0.9918 -0.0075
vn -0.1615 -0.9787 0.1264
vn 0.5902 -0.7927 -0.1527
vn 0.9431 -0.3131 0.1117
vn 0.5879 -0.8050 0.0801
vn 0.5902 -0.7927 -0.1527
vn 0.9050 -0.3121 -0.2891
vn -0.5411 -0.8375 -0.0762
vn -0.1279 -0.9918 -0.0075
vn -0.0789 -0.9941 -0.0746
vn -0.4885 -0.8371 -0.2462
vn -0.7480 -0.6534 -0.1164
vn -0.5411 -0.8375 -0.0762
vn -0.4885 -0.8371 -0.2462
vn -0.6933 -0.6421 -0.3272
vn -0.5411 -0.8375 -0.0762
vn -0.7480 -0.6534 -0.1164
vn -0.7610 -0.5947 0.2594
vn -0.5878 -0.7726 0.2400
vn -0.1279 -0.9918 -0.0075
vn -0.5411 -0.8375 -0.0762
vn -0.5878 -0.7726 0.2400
vn -0.1615 -0.9787 0.1264
vn -0.9121 -0.3855 -0.1398
vn -0.7480 -0.6534 -0.1164
vn -0.6933 -0.6421 -0.3272
vn -0.8507 -0.3669 -0.3764
vn -0.9747 -0.1719 -0.1432
vn -0.9121 -0.3855 -0.1398
vn -0.8507 -0.3669 -0.3764
vn -0.9096 -0.1604 -0.3834
vn -0.9121 -0.3855 -0.1398
vn -0.9747 -0.1719 -0.1432
vn -0.9467 -0.1669 0.2754
vn -0.8935 -0.3559 0.2737
vn -0.7480 -0.6534 -0.1164
vn -0.9121 -0.3855 -0.1398
vn -0.8935 -0.3559 0.2737
vn -0.7610 -0.5947 0.2594
vn -0.9889 0.0503 -0.1398
vn -0.9747 -0.1719 -0.1432
vn -0.9096 -0.1604 -0.3834
vn -0.9249 0.0538 -0.3764
vn -0.9264 0.3581 -0.1164
vn -0.9889 0.0503 -0.1398
vn -0.9249 0.0538 -0.3764
vn -0.8711 0.3663 -0.3272
vn -0.9889 0.0503 -0.1398
vn -0.9264 0.3581 -0.1164
vn -0.9185 0.2985 0.2594
vn -0.9614 0.0288 0.2737
vn -0.9747 -0.1719 -0.1432
vn -0.9889 0.0503 -0.1398
vn -0.9614 0.0288 0.2737
vn -0.9467 -0.1669 0.2754
vn -0.7949 0.6019 -0.0762
vn -0.9264 0.3581 -0.1164
vn -0.8711 0.3663 -0.3272
vn -0.7454 0.6195 -0.2462
vn -0.4594 0.8882 -0.0075
vn -0.7949 0.6019 -0.0762
vn -0.7454 0.6195 -0.2462
vn -0.4141 0.9072 -0.0746
vn -0.7949 0.6019 -0.0762
vn -0.4594 0.8882 -0.0075
vn -0.4865 0.8645 0.1264
vn -0.8166 0.5249 0.2400
vn -0.9264 0.3581 -0.1164
vn -0.7949 0.6019 -0.0762
vn -0.8166 0.5249 0.2400
vn -0.9185 0.2985 0.2594
vn 0.2771 0.9575 0.0801
vn -0.4594 0.8882 -0.0075
vn -0.4141 0.9072 -0.0746
vn 0.2943 0.9328 0.2080
vn 0.7791 0.6168 0.1117
vn 0.2771 0.9575 0.0801
vn 0.2943 0.9328 0.2080
vn 0.7669 0.5395 0.3476
vn 0.2771 0.9575 0.0801
vn 0.7791 0.6168 0.1117
vn 0.7437 0.6028 -0.2891
vn 0.2835 0.9468 -0.1527
vn -0.4594 0.8882 -0.0075
vn 0.2771 0.9575 0.0801
vn 0.2835 0.9468 -0.1527
vn -0.4865 0.8645 0.1264
vn 0.9233 0.3625 0.1268
vn 0.7791 0.6168 0.1117
vn 0.7669 0.5395 0.3476
vn 0.8815 0.2773 0.3822
vn 0.9756 0.1720 0.1364
vn 0.9233 0.3625 0.1268
vn 0.8815 0.2773 0.3822
vn 0.9058 0.1597 0.3924
vn 0.9233 0.3625 0.1268
vn 0.9756 0.1720 0.1364
vn 0.9316 0.1643 -0.3242
vn 0.8690 0.3777 -0.3195
vn 0.7791 0.6168 0.1117
vn 0.9233 0.3625 0.1268
vn 0.8690 0.3777 -0.3195
vn 0.7437 0.6028 -0.2891
vn 0.9916 -0.0249 0.1268
vn 0.9756 0.1720 0.1364
vn 0.9058 0.1597 0.3924
vn 0.9232 0.0409 0.3822
vn 0.9431 -0.3131 0.1117
vn 0.9916 -0.0249 0.1268
vn 0.9232 0.0409 0.3822
vn 0.9052 -0.2447 0.3476
vn 0.9916 -0.0249 0.1268
vn 0.9431 -0.3131 0.1117
vn 0.9050 -0.3121 -0.2891
vn 0.9458 -0.0577 -0.3195
vn 0.9756 0.1720 0.1364
vn 0.9916 -0.0249 0.1268
vn 0.9458 -0.0577 -0.3195
vn 0.9316 0.1643 -0.3242
vn 0.6913 -0.0791 -0.7182
vn 0.6786 -0.3008 -0.6701
vn 0.4409 -0.4121 -0.7974
vn 0.4524 -0.1632 -0.8767
vn 0.6725 0.1186 -0.7305
vn 0.6913 -0.0791 -0.7182
vn 0.4524 -0.1632 -0.8767
vn 0.4303 0.0759 -0.8995
vn 0.6913 -0.0791 -0.7182
vn 0.6725 0.1186 -0.7305
vn 0.9316 0.1643 -0.3242
vn 0.9458 -0.0577 -0.3195
vn 0.6786 -0.3008 -0.6701
vn 0.6913 -0.0791 -0.7182
vn 0.9458 -0.0577 -0.3195
vn 0.9050 -0.3121 -0.2891
vn 0.6225 0.3108 -0.7182
vn 0.6725 0.1186 -0.7305
vn 0.4303 0.0759 -0.8995
vn 0.3693 0.3081 -0.8767
vn 0.5348 0.5147 -0.6701
vn 0.6225 0.3108 -0.7182
vn 0.3693 0.3081 -0.8767
vn 0.2733 0.5381 -0.7974
vn 0.6225 0.3108 -0.7182
vn 0.5348 0.5147 -0.6701
vn 0.7437 0.6028 -0.2891
vn 0.8690 0.3777 -0.3195
vn 0.6725 0.1186 -0.7305
vn 0.6225 0.3108 -0.7182
vn 0.8690 0.3777 -0.3195
vn 0.9316 0.1643 -0.3242
vn 0.1589 0.9247 -0.3459
vn 0.5348 0.5147 -0.6701
vn 0.2733 0.5381 -0.7974
vn 0.0151 0.9237 -0.3828
vn -0.4424 0.8336 0.3307
vn 0.1589 0.9247 -0.3459
vn 0.0151 0.9237 -0.3828
vn -0.3069 0.8752 0.3740
vn 0.1589 0.9247 -0.3459
vn -0.4424 0.8336 0.3307
vn -0.4865 0.8645 0.1264
vn 0.2835 0.9468 -0.1527
vn 0.5348 0.5147 -0.6701
vn 0.1589 0.9247 -0.3459
vn 0.2835 0.9468 -0.1527
vn 0.7437 0.6028 -0.2891
vn -0.6336 0.4633 0.6196
vn -0.4424 0.8336 0.3307
vn -0.3069 0.8752 0.3740
vn -0.3801 0.5808 0.7199
vn -0.6636 0.2615 0.7009
vn -0.6336 0.4633 0.6196
vn -0.3801 0.5808 0.7199
vn -0.3663 0.3776 0.8504
vn -0.6336 0.4633 0.6196
vn -0.6636 0.2615 0.7009
vn -0.9185 0.2985 0.2594
vn -0.8166 0.5249 0.2400
vn -0.4424 0.8336 0.3307
vn -0.6336 0.4633 0.6196
vn -0.8166 0.5249 0.2400
vn -0.4865 0.8645 0.1264
vn -0.6629 0.0424 0.7475
vn -0.6636 0.2615 0.7009
vn -0.3663 0.3776 0.8504
vn -0.3382 0.1300 0.9320
vn -0.6440 -0.1135 0.7566
vn -0.6629 0.0424 0.7475
vn -0.3382 0.1300 0.9320
vn -0.3094 -0.0546 0.9494
vn -0.6629 0.0424 0.7475
vn -0.6440 -0.1135 0.7566
vn -0.9467 -0.1669 0.2754
vn -0.9614 0.0288 0.2737
vn -0.6636 0.2615 0.7009
vn -0.6629 0.0424 0.7475
vn -0.9614 0.0288 0.2737
vn -0.9185 0.2985 0.2594
vn -0.6084 -0.2665 0.7475
vn -0.6440 -0.1135 0.7566
vn -0.3094 -0.0546 0.9494
vn -0.2734 -0.2378 0.9320
vn -0.5342 -0.4727 0.7009
vn -0.6084 -0.2665 0.7475
vn -0.2734 -0.2378 0.9320
vn -0.2150 -0.4801 0.8504
vn -0.6084 -0.2665 0.7475
vn -0.5342 -0.4727 0.7009
vn -0.7610 -0.5947 0.2594
vn -0.8935 -0.3559 0.2737
vn -0.6440 -0.1135 0.7566
vn -0.6084 -0.2665 0.7475
vn -0.8935 -0.3559 0.2737
vn -0.9467 -0.1669 0.2754
vn -0.4369 -0.6521 0.6196
vn -0.5342 -0.4727 0.7009
vn -0.2150 -0.4801 0.8504
vn -0.1585 -0.6758 0.7199
vn -0.1306 -0.9347 0.3307
vn -0.4369 -0.6521 0.6196
vn -0.1585 -0.6758 0.7199
vn 0.0110 -0.9274 0.3740
vn -0.4369 -0.6521 0.6196
vn -0.1306 -0.9347 0.3307
vn -0.1615 -0.9787 0.1264
vn -0.5878 -0.7726 0.2400
vn -0.5342 -0.4727 0.7009
vn -0.4369 -0.6521 0.6196
vn -0.5878 -0.7726 0.2400
vn -0.7610 -0.5947 0.2594
vn 0.4656 -0.8146 -0.3459
vn -0.1306 -0.9347 0.3307
vn 0.0110 -0.9274 0.3740
vn 0.3301 -0.8628 -0.3828
vn 0.6786 -0.3008 -0.6701
vn 0.4656 -0.8146 -0.3459
vn 0.3301 -0.8628 -0.3828
vn 0.4409 -0.4121 -0.7974
vn 0.4656 -0.8146 -0.3459
vn 0.6786 -0.3008 -0.6701
vn 0.9050 -0.3121 -0.2891
vn 0.5902 -0.7927 -0.1527
vn -0.1306 -0.9347 0.3307
vn 0.4656 -0.8146 -0.3459
vn 0.5902 -0.7927 -0.1527
vn -0.1615 -0.9787 0.1264
vn 0.2719 -0.2313 -0.9341
vn 0.4340 -0.2141 -0.8751
vn 0.3846 0.0678 -0.9206
vn 0.2376 0.0419 -0.9705
vn 0.4524 -0.1632 -0.8767
vn 0.2719 -0.2313 -0.9341
vn 0.2376 0.0419 -0.9705
vn 0.4303 0.0759 -0.8995
vn 0.2719 -0.2313 -0.9341
vn 0.4524 -0.1632 -0.8767
vn 0.4409 -0.4121 -0.7974
vn 0.2912 -0.4881 -0.8228
vn 0.4340 -0.2141 -0.8751
vn 0.2719 -0.2313 -0.9341
vn 0.2912 -0.4881 -0.8228
vn 0.4991 -0.4485 -0.7414
vn 0.1764 0.3104 -0.9341
vn 0.3346 0.3497 -0.8751
vn 0.3156 0.5922 -0.7414
vn 0.1067 0.5582 -0.8228
vn 0.3693 0.3081 -0.8767
vn 0.1764 0.3104 -0.9341
vn 0.1067 0.5582 -0.8228
vn 0.2733 0.5381 -0.7974
vn 0.1764 0.3104 -0.9341
vn 0.3693 0.3081 -0.8767
vn 0.4303 0.0759 -0.8995
vn 0.2376 0.0419 -0.9705
vn 0.3346 0.3497 -0.8751
vn 0.1764 0.3104 -0.9341
vn 0.2376 0.0419 -0.9705
vn 0.3846 0.0678 -0.9206
vn -0.0162 0.9252 -0.3792
vn 0.3231 0.9024 -0.2850
vn 0.2404 0.8948 0.3761
vn -0.1401 0.9176 0.3719
vn 0.0151 0.9237 -0.3828
vn -0.0162 0.9252 -0.3792
vn -0.1401 0.9176 0.3719
vn -0.3069 0.8752 0.3740
vn -0.0162 0.9252 -0.3792
vn 0.0151 0.9237 -0.3828
vn 0.2733 0.5381 -0.7974
vn 0.1067 0.5582 -0.8228
vn 0.3231 0.9024 -0.2850
vn -0.0162 0.9252 -0.3792
vn 0.1067 0.5582 -0.8228
vn 0.3156 0.5922 -0.7414
vn -0.1533 0.6730 0.7236
vn 0.2054 0.7031 0.6808
vn 0.2337 0.5240 0.8190
vn -0.1261 0.4691 0.8741
vn -0.3801 0.5808 0.7199
vn -0.1533 0.6730 0.7236
vn -0.1261 0.4691 0.8741
vn -0.3663 0.3776 0.8504
vn -0.1533 0.6730 0.7236
vn -0.3801 0.5808 0.7199
vn -0.3069 0.8752 0.3740
vn -0.1401 0.9176 0.3719
vn 0.2054 0.7031 0.6808
vn -0.1533 0.6730 0.7236
vn -0.1401 0.9176 0.3719
vn 0.2404 0.8948 0.3761
vn -0.0877 0.2003 0.9758
vn 0.2710 0.2747 0.9226
vn 0.2974 0.0524 0.9533
vn -0.0553 -0.0097 0.9984
vn -0.3382 0.1300 0.9320
vn -0.0877 0.2003 0.9758
vn -0.0553 -0.0097 0.9984
vn -0.3094 -0.0546 0.9494
vn -0.0877 0.2003 0.9758
vn -0.3382 0.1300 0.9320
vn -0.3663 0.3776 0.8504
vn -0.1261 0.4691 0.8741
vn 0.2710 0.2747 0.9226
vn -0.0877 0.2003 0.9758
vn -0.1261 0.4691 0.8741
vn 0.2337 0.5240 0.8190
vn -0.0139 -0.2183 0.9758
vn 0.3486 -0.1654 0.9226
vn 0.3988 -0.4125 0.8190
vn 0.0419 -0.4840 0.8741
vn -0.2734 -0.2378 0.9320
vn -0.0139 -0.2183 0.9758
vn 0.0419 -0.4840 0.8741
vn -0.2150 -0.4801 0.8504
vn -0.0139 -0.2183 0.9758
vn -0.2734 -0.2378 0.9320
vn -0.3094 -0.0546 0.9494
vn -0.0553 -0.0097 0.9984
vn 0.3486 -0.1654 0.9226
vn -0.0139 -0.2183 0.9758
vn -0.0553 -0.0097 0.9984
vn 0.2974 0.0524 0.9533
vn 0.0861 -0.6848 0.7236
vn 0.4335 -0.5905 0.6808
vn 0.5320 -0.7586 0.3761
vn 0.1822 -0.9102 0.3719
vn -0.1585 -0.6758 0.7199
vn 0.0861 -0.6848 0.7236
vn 0.1822 -0.9102 0.3719
vn 0.0110 -0.9274 0.3740
vn 0.0861 -0.6848 0.7236
vn -0.1585 -0.6758 0.7199
vn -0.2150 -0.4801 0.8504
vn 0.0419 -0.4840 0.8741
vn 0.4335 -0.5905 0.6808
vn 0.0861 -0.6848 0.7236
vn 0.0419 -0.4840 0.8741
vn 0.3988 -0.4125 0.8190
vn 0.3012 -0.8749 -0.3792
vn 0.6123 -0.7375 -0.2850
vn 0.4991 -0.4485 -0.7414
vn 0.2912 -0.4881 -0.8228
vn 0.3301 -0.8628 -0.3828
vn 0.3012 -0.8749 -0.3792
vn 0.2912 -0.4881 -0.8228
vn 0.4409 -0.4121 -0.7974
vn 0.3012 -0.8749 -0.3792
vn 0.3301 -0.8628 -0.3828
vn 0.0110 -0.9274 0.3740
vn 0.1822 -0.9102 0.3719
vn 0.6123 -0.7375 -0.2850
vn 0.3012 -0.8749 -0.3792
vn 0.1822 -0.9102 0.3719
vn 0.5320 -0.7586 0.3761
vn 0.2201 -0.8446 0.4881
vn 0.3848 -0.7483 0.5403
vn 0.4262 -0.8925 -0.1474
vn 0.2008 -0.9503 -0.2380
vn 0.2661 -0.8344 0.4827
vn 0.2201 -0.8446 0.4881
vn 0.2008 -0.9503 -0.2380
vn 0.1155 -0.9633 -0.2424
vn 0.2201 -0.8446 0.4881
vn 0.2661 -0.8344 0.4827
vn 0.2726 -0.3451 0.8981
vn 0.1399 -0.3770 0.9156
vn 0.3848 -0.7483 0.5403
vn 0.2201 -0.8446 0.4881
vn 0.1399 -0.3770 0.9156
vn 0.2218 -0.3331 0.9165
vn 0.1418 -0.7584 -0.6362
vn 0.3896 -0.7394 -0.5492
vn 0.3641 -0.5289 -0.7666
vn 0.0958 -0.5371 -0.8381
vn -0.0186 -0.7688 -0.6392
vn 0.1418 -0.7584 -0.6362
vn 0.0958 -0.5371 -0.8381
vn -0.1045 -0.5511 -0.8278
vn 0.1418 -0.7584 -0.6362
vn -0.0186 -0.7688 -0.6392
vn 0.1155 -0.9633 -0.2424
vn 0.2008 -0.9503 -0.2380
vn 0.3896 -0.7394 -0.5492
vn 0.1418 -0.7584 -0.6362
vn 0.2008 -0.9503 -0.2380
vn 0.4262 -0.8925 -0.1474
vn 0.0334 -0.2271 -0.9733
vn 0.3107 -0.2118 -0.9266
vn 0.2597 0.0458 -0.9646
vn -0.0087 -0.0015 -1.0000
vn -0.1893 -0.2535 -0.9486
vn 0.0334 -0.2271 -0.9733
vn -0.0087 -0.0015 -1.0000
vn -0.2327 -0.0410 -0.9717
vn 0.0334 -0.2271 -0.9733
vn -0.1893 -0.2535 -0.9486
vn -0.1045 -0.5511 -0.8278
vn 0.0958 -0.5371 -0.8381
vn 0.3107 -0.2118 -0.9266
vn 0.0334 -0.2271 -0.9733
vn 0.0958 -0.5371 -0.8381
vn 0.3641 -0.5289 -0.7666
vn -0.0463 0.2248 -0.9733
vn 0.2195 0.3053 -0.9266
vn 0.1612 0.6216 -0.7666
vn -0.0937 0.5374 -0.8381
vn -0.2646 0.1735 -0.9486
vn -0.0463 0.2248 -0.9733
vn -0.0937 0.5374 -0.8381
vn -0.2867 0.4822 -0.8278
vn -0.0463 0.2248 -0.9733
vn -0.2646 0.1735 -0.9486
vn -0.2327 -0.0410 -0.9717
vn -0.0087 -0.0015 -1.0000
vn 0.2195 0.3053 -0.9266
vn -0.0463 0.2248 -0.9733
vn -0.0087 -0.0015 -1.0000
vn 0.2597 0.0458 -0.9646
vn -0.1261 0.7612 -0.6362
vn 0.1132 0.8280 -0.5492
vn 0.0952 0.9845 -0.1474
vn -0.1363 0.9616 -0.2380
vn -0.2804 0.7161 -0.6392
vn -0.1261 0.7612 -0.6362
vn -0.1363 0.9616 -0.2380
vn -0.2209 0.9447 -0.2424
vn -0.1261 0.7612 -0.6362
vn -0.2804 0.7161 -0.6392
vn -0.2867 0.4822 -0.8278
vn -0.0937 0.5374 -0.8381
vn 0.1132 0.8280 -0.5492
vn -0.1261 0.7612 -0.6362
vn -0.0937 0.5374 -0.8381
vn 0.1612 0.6216 -0.7666
vn -0.0821 0.8689 0.4881
vn 0.1056 0.8348 0.5403
vn 0.0945 0.3888 0.9165
vn 0.0025 0.4021 0.9156
vn -0.0353 0.8751 0.4827
vn -0.0821 0.8689 0.4881
vn 0.0025 0.4021 0.9156
vn 0.1381 0.4175 0.8981
vn -0.0821 0.8689 0.4881
vn -0.0353 0.8751 0.4827
vn -0.2209 0.9447 -0.2424
vn -0.1363 0.9616 -0.2380
vn 0.1056 0.8348 0.5403
vn -0.0821 0.8689 0.4881
vn -0.1363 0.9616 -0.2380
vn 0.0952 0.9845 -0.1474
vn 0.0518 0.1136 0.9922
vn 0.0949 0.1185 0.9884
vn 0.1032 0.0182 0.9945
vn 0.0702 0.0124 0.9975
vn 0.2064 0.1375 0.9688
vn 0.0518 0.1136 0.9922
vn 0.0702 0.0124 0.9975
vn 0.2262 0.0399 0.9733
vn 0.0518 0.1136 0.9922
vn 0.2064 0.1375 0.9688
vn 0.1381 0.4175 0.8981
vn 0.0025 0.4021 0.9156
vn 0.0949 0.1185 0.9884
vn 0.0518 0.1136 0.9922
vn 0.0025 0.4021 0.9156
vn 0.0945 0.3888 0.9165
vn 0.0876 -0.0891 0.9922
vn 0.1297 -0.0789 0.9884
vn 0.2218 -0.3331 0.9165
vn 0.1399 -0.3770 0.9156
vn 0.2410 -0.0586 0.9688
vn 0.0876 -0.0891 0.9922
vn 0.1399 -0.3770 0.9156
vn 0.2726 -0.3451 0.8981
vn 0.0876 -0.0891 0.9922
vn 0.2410 -0.0586 0.9688
vn 0.2262 0.0399 0.9733
vn 0.0702 0.0124 0.9975
vn 0.1297 -0.0789 0.9884
vn 0.0876 -0.0891 0.9922
vn 0.0702 0.0124 0.9975
vn 0.1032 0.0182 0.9945
vn 0.9343 0.3401 0.1066
vn 0.9323 0.3393 -0.1252
vn 0.8593 0.4960 -0.1247
vn 0.8611 0.4972 0.1067
vn 0.7102 0.2585 0.6549
vn 0.9343 0.3401 0.1066
vn 0.8611 0.4972 0.1067
vn 0.6545 0.3779 0.6548
vn 0.9343 0.3401 0.1066
vn 0.7102 0.2585 0.6549
vn 0.7444 0.1313 0.6547
vn 0.9792 0.1727 0.1065
vn 0.9323 0.3393 -0.1252
vn 0.9343 0.3401 0.1066
vn 0.9792 0.1727 0.1065
vn 0.9770 0.1723 -0.1254
vn 0.7617 0.6391 0.1068
vn 0.7602 0.6377 -0.1242
vn 0.6379 0.7601 -0.1238
vn 0.6391 0.7617 0.1068
vn 0.5789 0.4857 0.6550
vn 0.7617 0.6391 0.1068
vn 0.6391 0.7617 0.1068
vn 0.4858 0.5789 0.6549
vn 0.7617 0.6391 0.1068
vn 0.5789 0.4857 0.6550
vn 0.6545 0.3779 0.6548
vn 0.8611 0.4972 0.1067
vn 0.7602 0.6377 -0.1242
vn 0.7617 0.6391 0.1068
vn 0.8611 0.4972 0.1067
vn 0.8593 0.4960 -0.1247
vn 0.4971 0.8611 0.1069
vn 0.4962 0.8594 -0.1236
vn 0.3394 0.9325 -0.1234
vn 0.3400 0.9343 0.1070
vn 0.3778 0.6543 0.6551
vn 0.4971 0.8611 0.1069
vn 0.3400 0.9343 0.1070
vn 0.2584 0.7100 0.6551
vn 0.4971 0.8611 0.1069
vn 0.3778 0.6543 0.6551
vn 0.4858 0.5789 0.6549
vn 0.6391 0.7617 0.1068
vn 0.4962 0.8594 -0.1236
vn 0.4971 0.8611 0.1069
vn 0.6391 0.7617 0.1068
vn 0.6379 0.7601 -0.1238
vn 0.1726 0.9792 0.1071
vn 0.1723 0.9773 -0.1232
vn -0.0000 0.9924 -0.1233
vn -0.0000 0.9943 0.1071
vn 0.1312 0.7439 0.6553
vn 0.1726 0.9792 0.1071
vn -0.0000 0.9943 0.1071
vn -0.0000 0.7554 0.6553
vn 0.1726 0.9792 0.1071
vn 0.1312 0.7439 0.6553
vn 0.2584 0.7100 0.6551
vn 0.3400 0.9343 0.1070
vn 0.1723 0.9773 -0.1232
vn 0.1726 0.9792 0.1071
vn 0.3400 0.9343 0.1070
vn 0.3394 0.9325 -0.1234
vn -0.1727 0.9791 0.1071
vn -0.1724 0.9772 -0.1236
vn -0.3394 0.9324 -0.1241
vn -0.3401 0.9343 0.1070
vn -0.1311 0.7438 0.6555
vn -0.1727 0.9791 0.1071
vn -0.3401 0.9343 0.1070
vn -0.2583 0.7097 0.6554
vn -0.1727 0.9791 0.1071
vn -0.1311 0.7438 0.6555
vn -0.0000 0.7554 0.6553
vn -0.0000 0.9943 0.1071
vn -0.1724 0.9772 -0.1236
vn -0.1727 0.9791 0.1071
vn -0.0000 0.9943 0.1071
vn -0.0000 0.9924 -0.1233
vn -0.4972 0.8610 0.1070
vn -0.4962 0.8592 -0.1245
vn -0.6382 0.7595 -0.1259
vn -0.6392 0.7616 0.1067
vn -0.3774 0.6540 0.6557
vn -0.4972 0.8610 0.1070
vn -0.6392 0.7616 0.1067
vn -0.4853 0.5787 0.6554
vn -0.4972 0.8610 0.1070
vn -0.3774 0.6540 0.6557
vn -0.2583 0.7097 0.6554
vn -0.3401 0.9343 0.1070
vn -0.4962 0.8592 -0.1245
vn -0.4972 0.8610 0.1070
vn -0.3401 0.9343 0.1070
vn -0.3394 0.9324 -0.1241
vn -0.7682 0.6314 0.1058
vn -0.7665 0.6290 -0.1298
vn -0.8773 0.4610 -0.1335
vn -0.8801 0.4632 0.1042
vn -0.5835 0.4806 0.6547
vn -0.7682 0.6314 0.1058
vn -0.8801 0.4632 0.1042
vn -0.6696 0.3551 0.6523
vn -0.7682 0.6314 0.1058
vn -0.5835 0.4806 0.6547
vn -0.4853 0.5787 0.6554
vn -0.6392 0.7616 0.1067
vn -0.7665 0.6290 -0.1298
vn -0.7682 0.6314 0.1058
vn -0.6392 0.7616 0.1067
vn -0.6382 0.7595 -0.1259
vn -0.9504 0.2940 0.1016
vn -0.9468 0.2931 -0.1328
vn -0.9778 0.1639 -0.1304
vn -0.9813 0.1643 0.0998
vn -0.7263 0.2284 0.6483
vn -0.9504 0.2940 0.1016
vn -0.9813 0.1643 0.0998
vn -0.7536 0.1279 0.6448
vn -0.9504 0.2940 0.1016
vn -0.7263 0.2284 0.6483
vn -0.6696 0.3551 0.6523
vn -0.8801 0.4632 0.1042
vn -0.9468 0.2931 -0.1328
vn -0.9504 0.2940 0.1016
vn -0.8801 0.4632 0.1042
vn -0.8773 0.4610 -0.1335
vn -0.9948 0.0241 0.0994
vn -0.9913 0.0234 -0.1292
vn -0.9791 -0.1581 -0.1276
vn -0.9825 -0.1583 0.0986
vn -0.7653 0.0178 0.6434
vn -0.9948 0.0241 0.0994
vn -0.9825 -0.1583 0.0986
vn -0.7556 -0.1239 0.6432
vn -0.9948 0.0241 0.0994
vn -0.7653 0.0178 0.6434
vn -0.7536 0.1279 0.6448
vn -0.9813 0.1643 0.0998
vn -0.9913 0.0234 -0.1292
vn -0.9948 0.0241 0.0994
vn -0.9813 0.1643 0.0998
vn -0.9778 0.1639 -0.1304
vn -0.9355 -0.3389 0.0997
vn -0.9333 -0.3373 -0.1233
vn -0.8587 -0.4986 -0.1183
vn -0.8601 -0.4998 0.1021
vn -0.7182 -0.2631 0.6442
vn -0.9355 -0.3389 0.0997
vn -0.8601 -0.4998 0.1021
vn -0.6600 -0.3854 0.6449
vn -0.9355 -0.3389 0.0997
vn -0.7182 -0.2631 0.6442
vn -0.7556 -0.1239 0.6432
vn -0.9825 -0.1583 0.0986
vn -0.9333 -0.3373 -0.1233
vn -0.9355 -0.3389 0.0997
vn -0.9825 -0.1583 0.0986
vn -0.9791 -0.1581 -0.1276
vn -0.7640 -0.6371 0.1022
vn -0.7627 -0.6365 -0.1149
vn -0.6583 -0.7440 -0.1149
vn -0.6593 -0.7449 0.1019
vn -0.5867 -0.4893 0.6453
vn -0.7640 -0.6371 0.1022
vn -0.6593 -0.7449 0.1019
vn -0.5051 -0.5719 0.6464
vn -0.7640 -0.6371 0.1022
vn -0.5867 -0.4893 0.6453
vn -0.6600 -0.3854 0.6449
vn -0.8601 -0.4998 0.1021
vn -0.7627 -0.6365 -0.1149
vn -0.7640 -0.6371 0.1022
vn -0.8601 -0.4998 0.1021
vn -0.8587 -0.4986 -0.1183
vn -0.5303 -0.8414 0.1039
vn -0.5298 -0.8398 -0.1182
vn -0.3611 -0.9245 -0.1217
vn -0.3614 -0.9263 0.1062
vn -0.4039 -0.6444 0.6493
vn -0.5303 -0.8414 0.1039
vn -0.3614 -0.9263 0.1062
vn -0.2742 -0.7062 0.6528
vn -0.5303 -0.8414 0.1039
vn -0.4039 -0.6444 0.6493
vn -0.5051 -0.5719 0.6464
vn -0.6593 -0.7449 0.1019
vn -0.5298 -0.8398 -0.1182
vn -0.5303 -0.8414 0.1039
vn -0.6593 -0.7449 0.1019
vn -0.6583 -0.7440 -0.1149
vn -0.1774 -0.9783 0.1070
vn -0.1770 -0.9765 -0.1230
vn 0.0004 -0.9923 -0.1242
vn -0.0000 -0.9943 0.1069
vn -0.1345 -0.7435 0.6550
vn -0.1774 -0.9783 0.1070
vn -0.0000 -0.9943 0.1069
vn -0.0000 -0.7554 0.6553
vn -0.1774 -0.9783 0.1070
vn -0.1345 -0.7435 0.6550
vn -0.2742 -0.7062 0.6528
vn -0.3614 -0.9263 0.1062
vn -0.1770 -0.9765 -0.1230
vn -0.1774 -0.9783 0.1070
vn -0.3614 -0.9263 0.1062
vn -0.3611 -0.9245 -0.1217
vn 0.1726 -0.9792 0.1065
vn 0.1727 -0.9768 -0.1268
vn 0.3392 -0.9319 -0.1283
vn 0.3400 -0.9344 0.1062
vn 0.1312 -0.7439 0.6553
vn 0.1726 -0.9792 0.1065
vn 0.3400 -0.9344 0.1062
vn 0.2584 -0.7100 0.6551
vn 0.1726 -0.9792 0.1065
vn 0.1312 -0.7439 0.6553
vn -0.0000 -0.7554 0.6553
vn -0.0000 -0.9943 0.1069
vn 0.1727 -0.9768 -0.1268
vn 0.1726 -0.9792 0.1065
vn -0.0000 -0.9943 0.1069
vn 0.0004 -0.9923 -0.1242
vn 0.4971 -0.8611 0.1064
vn 0.4957 -0.8592 -0.1267
vn 0.6376 -0.7602 -0.1248
vn 0.6391 -0.7617 0.1067
vn 0.3778 -0.6543 0.6551
vn 0.4971 -0.8611 0.1064
vn 0.6391 -0.7617 0.1067
vn 0.4857 -0.5789 0.6549
vn 0.4971 -0.8611 0.1064
vn 0.3778 -0.6543 0.6551
vn 0.2584 -0.7100 0.6551
vn 0.3400 -0.9344 0.1062
vn 0.4957 -0.8592 -0.1267
vn 0.4971 -0.8611 0.1064
vn 0.3400 -0.9344 0.1062
vn 0.3392 -0.9319 -0.1283
vn 0.7617 -0.6391 0.1067
vn 0.7601 -0.6378 -0.1246
vn 0.8593 -0.4961 -0.1249
vn 0.8611 -0.4972 0.1066
vn 0.5789 -0.4857 0.6550
vn 0.7617 -0.6391 0.1067
vn 0.8611 -0.4972 0.1066
vn 0.6545 -0.3779 0.6548
vn 0.7617 -0.6391 0.1067
vn 0.5789 -0.4857 0.6550
vn 0.4857 -0.5789 0.6549
vn 0.6391 -0.7617 0.1067
vn 0.7601 -0.6378 -0.1246
vn 0.7617 -0.6391 0.1067
vn 0.6391 -0.7617 0.1067
vn 0.6376 -0.7602 -0.1248
vn 0.9343 -0.3401 0.1066
vn 0.9323 -0.3394 -0.1247
vn 0.9771 -0.1723 -0.1247
vn 0.9792 -0.1727 0.1066
vn 0.7102 -0.2585 0.6549
vn 0.9343 -0.3401 0.1066
vn 0.9792 -0.1727 0.1066
vn 0.7444 -0.1313 0.6547
vn 0.9343 -0.3401 0.1066
vn 0.7102 -0.2585 0.6549
vn 0.6545 -0.3779 0.6548
vn 0.8611 -0.4972 0.1066
vn 0.9323 -0.3394 -0.1247
vn 0.9343 -0.3401 0.1066
vn 0.8611 -0.4972 0.1066
vn 0.8593 -0.4961 -0.1249
vn 0.9943 0.0000 0.1066
vn 0.9922 0.0001 -0.1250
vn 0.9770 0.1723 -0.1254
vn 0.9792 0.1727 0.1065
vn 0.7558 -0.0000 0.6548
vn 0.9943 0.0000 0.1066
vn 0.9792 0.1727 0.1065
vn 0.7444 0.1313 0.6547
vn 0.9943 0.0000 0.1066
vn 0.7558 -0.0000 0.6548
vn 0.7444 -0.1313 0.6547
vn 0.9792 -0.1727 0.1066
vn 0.9922 0.0001 -0.1250
vn 0.9943 0.0000 0.1066
vn 0.9792 -0.1727 0.1066
vn 0.9771 -0.1723 -0.1247
vn -0.0000 -0.0001 1.0000
vn 0.0787 0.0286 0.9965
vn 0.1855 0.1071 0.9768
vn 0.0641 0.0538 0.9965
vn 0.0418 0.0724 0.9965
vn -0.0000 -0.0001 1.0000
vn 0.0641 0.0538 0.9965
vn 0.1377 0.1640 0.9768
vn -0.0000 -0.0001 1.0000
vn 0.0418 0.0724 0.9965
vn 0.0732 0.2011 0.9768
vn 0.0145 0.0823 0.9965
vn -0.0145 0.0822 0.9965
vn -0.0000 -0.0001 1.0000
vn 0.0145 0.0823 0.9965
vn 0.0001 0.2139 0.9769
vn -0.0000 -0.0001 1.0000
vn -0.0145 0.0822 0.9965
vn -0.0731 0.2009 0.9769
vn -0.0422 0.0717 0.9965
vn -0.0623 0.0550 0.9965
vn -0.0000 -0.0001 1.0000
vn -0.0422 0.0717 0.9965
vn -0.1362 0.1654 0.9768
vn -0.0000 -0.0001 1.0000
vn -0.0623 0.0550 0.9965
vn -0.1852 0.1087 0.9767
vn -0.0794 0.0305 0.9964
vn -0.0848 -0.0015 0.9964
vn -0.0000 -0.0001 1.0000
vn -0.0794 0.0305 0.9964
vn -0.2146 0.0403 0.9759
vn -0.0000 -0.0001 1.0000
vn -0.0848 -0.0015 0.9964
vn -0.2132 -0.0433 0.9760
vn -0.0790 -0.0315 0.9964
vn -0.0643 -0.0561 0.9964
vn -0.0000 -0.0001 1.0000
vn -0.0790 -0.0315 0.9964
vn -0.1858 -0.1157 0.9757
vn -0.0000 -0.0001 1.0000
vn -0.0643 -0.0561 0.9964
vn -0.1413 -0.1665 0.9759
vn -0.0423 -0.0722 0.9965
vn -0.0152 -0.0820 0.9965
vn -0.0000 -0.0001 1.0000
vn -0.0423 -0.0722 0.9965
vn -0.0746 -0.2013 0.9767
vn -0.0000 -0.0001 1.0000
vn -0.0152 -0.0820 0.9965
vn 0.0001 -0.2139 0.9768
vn 0.0145 -0.0823 0.9965
vn 0.0418 -0.0725 0.9965
vn -0.0000 -0.0001 1.0000
vn 0.0145 -0.0823 0.9965
vn 0.0733 -0.2011 0.9768
vn -0.0000 -0.0001 1.0000
vn 0.0418 -0.0725 0.9965
vn 0.1377 -0.1640 0.9768
vn 0.0641 -0.0538 0.9965
vn 0.0787 -0.0286 0.9965
vn -0.0000 -0.0001 1.0000
vn 0.0641 -0.0538 0.9965
vn 0.1855 -0.1071 0.9768
vn -0.0000 -0.0001 1.0000
vn 0.0787 -0.0286 0.9965
vn 0.2110 -0.0372 0.9768
vn 0.0837 0.0000 0.9965
vn 0.0787 0.0286 0.9965
vn -0.0000 -0.0001 1.0000
vn 0.0837 0.0000 0.9965
vn 0.2110 0.0372 0.9768
vn 0.9383 0.3411 -0.0572
vn 0.9323 0.3393 -0.1252
vn 0.9770 0.1723 -0.1254
vn 0.9832 0.1734 -0.0579
vn 0.9399 0.3412 -0.0162
vn 0.9383 0.3411 -0.0572
vn 0.9832 0.1734 -0.0579
vn 0.9847 0.1735 -0.0172
vn 0.9383 0.3411 -0.0572
vn 0.9399 0.3412 -0.0162
vn 0.8664 0.4991 -0.0143
vn 0.8649 0.4988 -0.0558
vn 0.9323 0.3393 -0.1252
vn 0.9383 0.3411 -0.0572
vn 0.8649 0.4988 -0.0558
vn 0.8593 0.4960 -0.1247
vn 0.7652 0.6415 -0.0545
vn 0.7602 0.6377 -0.1242
vn 0.8593 0.4960 -0.1247
vn 0.8649 0.4988 -0.0558
vn 0.7666 0.6420 -0.0124
vn 0.7652 0.6415 -0.0545
vn 0.8649 0.4988 -0.0558
vn 0.8664 0.4991 -0.0143
vn 0.7652 0.6415 -0.0545
vn 0.7666 0.6420 -0.0124
vn 0.6433 0.7655 -0.0109
vn 0.6421 0.7648 -0.0534
vn 0.7602 0.6377 -0.1242
vn 0.7652 0.6415 -0.0545
vn 0.6421 0.7648 -0.0534
vn 0.6379 0.7601 -0.1238
vn 0.4995 0.8647 -0.0526
vn 0.4962 0.8594 -0.1236
vn 0.6379 0.7601 -0.1238
vn 0.6421 0.7648 -0.0534
vn 0.5004 0.8657 -0.0098
vn 0.4995 0.8647 -0.0526
vn 0.6421 0.7648 -0.0534
vn 0.6433 0.7655 -0.0109
vn 0.4995 0.8647 -0.0526
vn 0.5004 0.8657 -0.0098
vn 0.3424 0.9395 -0.0089
vn 0.3417 0.9384 -0.0520
vn 0.4962 0.8594 -0.1236
vn 0.4995 0.8647 -0.0526
vn 0.3417 0.9384 -0.0520
vn 0.3394 0.9325 -0.1234
vn 0.1735 0.9835 -0.0515
vn 0.1723 0.9773 -0.1232
vn 0.3394 0.9325 -0.1234
vn 0.3417 0.9384 -0.0520
vn 0.1738 0.9847 -0.0082
vn 0.1735 0.9835 -0.0515
vn 0.3417 0.9384 -0.0520
vn 0.3424 0.9395 -0.0089
vn 0.1735 0.9835 -0.0515
vn 0.1738 0.9847 -0.0082
vn -0.0002 1.0000 -0.0083
vn -0.0001 0.9987 -0.0516
vn 0.1723 0.9773 -0.1232
vn 0.1735 0.9835 -0.0515
vn -0.0001 0.9987 -0.0516
vn -0.0000 0.9924 -0.1233
vn -0.1737 0.9834 -0.0525
vn -0.1724 0.9772 -0.1236
vn -0.0000 0.9924 -0.1233
vn -0.0001 0.9987 -0.0516
vn -0.1741 0.9847 -0.0096
vn -0.1737 0.9834 -0.0525
vn -0.0001 0.9987 -0.0516
vn -0.0002 1.0000 -0.0083
vn -0.1737 0.9834 -0.0525
vn -0.1741 0.9847 -0.0096
vn -0.3425 0.9394 -0.0111
vn -0.3418 0.9382 -0.0536
vn -0.1724 0.9772 -0.1236
vn -0.1737 0.9834 -0.0525
vn -0.3418 0.9382 -0.0536
vn -0.3394 0.9324 -0.1241
vn -0.4998 0.8644 -0.0547
vn -0.4962 0.8592 -0.1245
vn -0.3394 0.9324 -0.1241
vn -0.3418 0.9382 -0.0536
vn -0.5011 0.8653 -0.0125
vn -0.4998 0.8644 -0.0547
vn -0.3418 0.9382 -0.0536
vn -0.3425 0.9394 -0.0111
vn -0.4998 0.8644 -0.0547
vn -0.5011 0.8653 -0.0125
vn -0.6456 0.7635 -0.0175
vn -0.6433 0.7634 -0.0583
vn -0.4962 0.8592 -0.1245
vn -0.4998 0.8644 -0.0547
vn -0.6433 0.7634 -0.0583
vn -0.6382 0.7595 -0.1259
vn -0.7727 0.6311 -0.0682
vn -0.7665 0.6290 -0.1298
vn -0.6382 0.7595 -0.1259
vn -0.6433 0.7634 -0.0583
vn -0.7756 0.6305 -0.0311
vn -0.7727 0.6311 -0.0682
vn -0.6433 0.7634 -0.0583
vn -0.6456 0.7635 -0.0175
vn -0.7727 0.6311 -0.0682
vn -0.7756 0.6305 -0.0311
vn -0.8856 0.4621 -0.0457
vn -0.8831 0.4625 -0.0788
vn -0.7665 0.6290 -0.1298
vn -0.7727 0.6311 -0.0682
vn -0.8831 0.4625 -0.0788
vn -0.8773 0.4610 -0.1335
vn -0.9520 0.2948 -0.0822
vn -0.9468 0.2931 -0.1328
vn -0.8773 0.4610 -0.1335
vn -0.8831 0.4625 -0.0788
vn -0.9540 0.2952 -0.0516
vn -0.9520 0.2948 -0.0822
vn -0.8831 0.4625 -0.0788
vn -0.8856 0.4621 -0.0457
vn -0.9520 0.2948 -0.0822
vn -0.9540 0.2952 -0.0516
vn -0.9846 0.1675 -0.0491
vn -0.9829 0.1658 -0.0797
vn -0.9468 0.2931 -0.1328
vn -0.9520 0.2948 -0.0822
vn -0.9829 0.1658 -0.0797
vn -0.9778 0.1639 -0.1304
vn -0.9971 0.0253 -0.0722
vn -0.9913 0.0234 -0.1292
vn -0.9778 0.1639 -0.1304
vn -0.9829 0.1658 -0.0797
vn -0.9989 0.0275 -0.0378
vn -0.9971 0.0253 -0.0722
vn -0.9829 0.1658 -0.0797
vn -0.9846 0.1675 -0.0491
vn -0.9971 0.0253 -0.0722
vn -0.9989 0.0275 -0.0378
vn -0.9876 -0.1556 -0.0220
vn -0.9856 -0.1571 -0.0617
vn -0.9913 0.0234 -0.1292
vn -0.9971 0.0253 -0.0722
vn -0.9856 -0.1571 -0.0617
vn -0.9791 -0.1581 -0.1276
vn -0.9399 -0.3376 -0.0515
vn -0.9333 -0.3373 -0.1233
vn -0.9791 -0.1581 -0.1276
vn -0.9856 -0.1571 -0.0617
vn -0.9416 -0.3366 -0.0082
vn -0.9399 -0.3376 -0.0515
vn -0.9856 -0.1571 -0.0617
vn -0.9876 -0.1556 -0.0220
vn -0.9399 -0.3376 -0.0515
vn -0.9416 -0.3366 -0.0082
vn -0.8666 -0.4989 0.0045
vn -0.8650 -0.5000 -0.0417
vn -0.9333 -0.3373 -0.1233
vn -0.9399 -0.3376 -0.0515
vn -0.8650 -0.5000 -0.0417
vn -0.8587 -0.4986 -0.1183
vn -0.7681 -0.6396 -0.0322
vn -0.7627 -0.6365 -0.1149
vn -0.8587 -0.4986 -0.1183
vn -0.8650 -0.5000 -0.0417
vn -0.7693 -0.6386 0.0176
vn -0.7681 -0.6396 -0.0322
vn -0.8650 -0.5000 -0.0417
vn -0.8666 -0.4989 0.0045
vn -0.7681 -0.6396 -0.0322
vn -0.7693 -0.6386 0.0176
vn -0.6617 -0.7494 0.0222
vn -0.6619 -0.7490 -0.0293
vn -0.7627 -0.6365 -0.1149
vn -0.7681 -0.6396 -0.0322
vn -0.6619 -0.7490 -0.0293
vn -0.6583 -0.7440 -0.1149
vn -0.5317 -0.8461 -0.0374
vn -0.5298 -0.8398 -0.1182
vn -0.6583 -0.7440 -0.1149
vn -0.6619 -0.7490 -0.0293
vn -0.5300 -0.8479 0.0113
vn -0.5317 -0.8461 -0.0374
vn -0.6619 -0.7490 -0.0293
vn -0.6617 -0.7494 0.0222
vn -0.5317 -0.8461 -0.0374
vn -0.5300 -0.8479 0.0113
vn -0.3603 -0.9328 -0.0018
vn -0.3621 -0.9310 -0.0469
vn -0.5298 -0.8398 -0.1182
vn -0.5317 -0.8461 -0.0374
vn -0.3621 -0.9310 -0.0469
vn -0.3611 -0.9245 -0.1217
vn -0.1772 -0.9829 -0.0507
vn -0.1770 -0.9765 -0.1230
vn -0.3611 -0.9245 -0.1217
vn -0.3621 -0.9310 -0.0469
vn -0.1758 -0.9844 -0.0070
vn -0.1772 -0.9829 -0.0507
vn -0.3621 -0.9310 -0.0469
vn -0.3603 -0.9328 -0.0018
vn -0.1772 -0.9829 -0.0507
vn -0.1758 -0.9844 -0.0070
vn 0.0040 -0.9999 -0.0115
vn 0.0017 -0.9985 -0.0539
vn -0.1770 -0.9765 -0.1230
vn -0.1772 -0.9829 -0.0507
vn 0.0017 -0.9985 -0.0539
vn 0.0004 -0.9923 -0.1242
vn 0.1752 -0.9826 -0.0611
vn 0.1727 -0.9768 -0.1268
vn 0.0004 -0.9923 -0.1242
vn 0.0017 -0.9985 -0.0539
vn 0.1780 -0.9838 -0.0214
vn 0.1752 -0.9826 -0.0611
vn 0.0017 -0.9985 -0.0539
vn 0.0040 -0.9999 -0.0115
vn 0.1752 -0.9826 -0.0611
vn 0.1780 -0.9838 -0.0214
vn 0.3429 -0.9390 -0.0275
vn 0.3414 -0.9376 -0.0655
vn 0.1727 -0.9768 -0.1268
vn 0.1752 -0.9826 -0.0611
vn 0.3414 -0.9376 -0.0655
vn 0.3392 -0.9319 -0.1283
vn 0.4979 -0.8651 -0.0610
vn 0.4957 -0.8592 -0.1267
vn 0.3392 -0.9319 -0.1283
vn 0.3414 -0.9376 -0.0655
vn 0.4980 -0.8669 -0.0214
vn 0.4979 -0.8651 -0.0610
vn 0.3414 -0.9376 -0.0655
vn 0.3429 -0.9390 -0.0275
vn 0.4979 -0.8651 -0.0610
vn 0.4980 -0.8669 -0.0214
vn 0.6414 -0.7671 -0.0142
vn 0.6412 -0.7654 -0.0558
vn 0.4957 -0.8592 -0.1267
vn 0.4979 -0.8651 -0.0610
vn 0.6412 -0.7654 -0.0558
vn 0.6376 -0.7602 -0.1248
vn 0.7649 -0.6418 -0.0554
vn 0.7601 -0.6378 -0.1246
vn 0.6376 -0.7602 -0.1248
vn 0.6412 -0.7654 -0.0558
vn 0.7658 -0.6430 -0.0136
vn 0.7649 -0.6418 -0.0554
vn 0.6412 -0.7654 -0.0558
vn 0.6414 -0.7671 -0.0142
vn 0.7649 -0.6418 -0.0554
vn 0.7658 -0.6430 -0.0136
vn 0.8658 -0.5002 -0.0148
vn 0.8647 -0.4992 -0.0562
vn 0.7601 -0.6378 -0.1246
vn 0.7649 -0.6418 -0.0554
vn 0.8647 -0.4992 -0.0562
vn 0.8593 -0.4961 -0.1249
vn 0.9382 -0.3416 -0.0560
vn 0.9323 -0.3394 -0.1247
vn 0.8593 -0.4961 -0.1249
vn 0.8647 -0.4992 -0.0562
vn 0.9394 -0.3424 -0.0145
vn 0.9382 -0.3416 -0.0560
vn 0.8647 -0.4992 -0.0562
vn 0.8658 -0.5002 -0.0148
vn 0.9382 -0.3416 -0.0560
vn 0.9394 -0.3424 -0.0145
vn 0.9847 -0.1736 -0.0142
vn 0.9833 -0.1733 -0.0558
vn 0.9323 -0.3394 -0.1247
vn 0.9382 -0.3416 -0.0560
vn 0.9833 -0.1733 -0.0558
vn 0.9771 -0.1723 -0.1247
vn 0.9984 0.0003 -0.0569
vn 0.9922 0.0001 -0.1250
vn 0.9771 -0.1723 -0.1247
vn 0.9833 -0.1733 -0.0558
vn 0.9999 0.0004 -0.0158
vn 0.9984 0.0003 -0.0569
vn 0.9833 -0.1733 -0.0558
vn 0.9847 -0.1736 -0.0142
vn 0.9984 0.0003 -0.0569
vn 0.9999 0.0004 -0.0158
vn 0.9847 0.1735 -0.0172
vn 0.9832 0.1734 -0.0579
vn 0.9922 0.0001 -0.1250
vn 0.9984 0.0003 -0.0569
vn 0.9832 0.1734 -0.0579
vn 0.9770 0.1723 -0.1254
vn 0.3232 0.1176 0.9390
vn 0.3532 0.0623 0.9335
vn 0.7444 0.1313 0.6547
vn 0.7102 0.2585 0.6549
vn 0.3105 0.1793 0.9335
vn 0.3232 0.1176 0.9390
vn 0.7102 0.2585 0.6549
vn 0.6545 0.3779 0.6548
vn 0.3232 0.1176 0.9390
vn 0.3105 0.1793 0.9335
vn 0.1855 0.1071 0.9768
vn 0.0787 0.0286 0.9965
vn 0.3532 0.0623 0.9335
vn 0.3232 0.1176 0.9390
vn 0.0787 0.0286 0.9965
vn 0.2110 0.0372 0.9768
vn 0.2634 0.2210 0.9390
vn 0.3105 0.1793 0.9335
vn 0.6545 0.3779 0.6548
vn 0.5789 0.4857 0.6550
vn 0.2304 0.2746 0.9335
vn 0.2634 0.2210 0.9390
vn 0.5789 0.4857 0.6550
vn 0.4858 0.5789 0.6549
vn 0.2634 0.2210 0.9390
vn 0.2304 0.2746 0.9335
vn 0.1377 0.1640 0.9768
vn 0.0641 0.0538 0.9965
vn 0.3105 0.1793 0.9335
vn 0.2634 0.2210 0.9390
vn 0.0641 0.0538 0.9965
vn 0.1855 0.1071 0.9768
vn 0.1719 0.2976 0.9391
vn 0.2304 0.2746 0.9335
vn 0.4858 0.5789 0.6549
vn 0.3778 0.6543 0.6551
vn 0.1226 0.3367 0.9336
vn 0.1719 0.2976 0.9391
vn 0.3778 0.6543 0.6551
vn 0.2584 0.7100 0.6551
vn 0.1719 0.2976 0.9391
vn 0.1226 0.3367 0.9336
vn 0.0732 0.2011 0.9768
vn 0.0418 0.0724 0.9965
vn 0.2304 0.2746 0.9335
vn 0.1719 0.2976 0.9391
vn 0.0418 0.0724 0.9965
vn 0.1377 0.1640 0.9768
vn 0.0597 0.3383 0.9392
vn 0.1226 0.3367 0.9336
vn 0.2584 0.7100 0.6551
vn 0.1312 0.7439 0.6553
vn 0.0000 0.3581 0.9337
vn 0.0597 0.3383 0.9392
vn 0.1312 0.7439 0.6553
vn -0.0000 0.7554 0.6553
vn 0.0597 0.3383 0.9392
vn 0.0000 0.3581 0.9337
vn 0.0001 0.2139 0.9769
vn 0.0145 0.0823 0.9965
vn 0.1226 0.3367 0.9336
vn 0.0597 0.3383 0.9392
vn 0.0145 0.0823 0.9965
vn 0.0732 0.2011 0.9768
vn -0.0596 0.3381 0.9392
vn 0.0000 0.3581 0.9337
vn -0.0000 0.7554 0.6553
vn -0.1311 0.7438 0.6555
vn -0.1224 0.3363 0.9338
vn -0.0596 0.3381 0.9392
vn -0.1311 0.7438 0.6555
vn -0.2583 0.7097 0.6554
vn -0.0596 0.3381 0.9392
vn -0.1224 0.3363 0.9338
vn -0.0731 0.2009 0.9769
vn -0.0145 0.0822 0.9965
vn 0.0000 0.3581 0.9337
vn -0.0596 0.3381 0.9392
vn -0.0145 0.0822 0.9965
vn 0.0001 0.2139 0.9769
vn -0.1713 0.2973 0.9393
vn -0.1224 0.3363 0.9338
vn -0.2583 0.7097 0.6554
vn -0.3774 0.6540 0.6557
vn -0.2296 0.2746 0.9337
vn -0.1713 0.2973 0.9393
vn -0.3774 0.6540 0.6557
vn -0.4853 0.5787 0.6554
vn -0.1713 0.2973 0.9393
vn -0.2296 0.2746 0.9337
vn -0.1362 0.1654 0.9768
vn -0.0422 0.0717 0.9965
vn -0.1224 0.3363 0.9338
vn -0.1713 0.2973 0.9393
vn -0.0422 0.0717 0.9965
vn -0.0731 0.2009 0.9769
vn -0.2643 0.2195 0.9391
vn -0.2296 0.2746 0.9337
vn -0.4853 0.5787 0.6554
vn -0.5835 0.4806 0.6547
vn -0.3153 0.1734 0.9330
vn -0.2643 0.2195 0.9391
vn -0.5835 0.4806 0.6547
vn -0.6696 0.3551 0.6523
vn -0.2643 0.2195 0.9391
vn -0.3153 0.1734 0.9330
vn -0.1852 0.1087 0.9767
vn -0.0623 0.0550 0.9965
vn -0.2296 0.2746 0.9337
vn -0.2643 0.2195 0.9391
vn -0.0623 0.0550 0.9965
vn -0.1362 0.1654 0.9768
vn -0.3310 0.1123 0.9369
vn -0.3153 0.1734 0.9330
vn -0.6696 0.3551 0.6523
vn -0.7263 0.2284 0.6483
vn -0.3633 0.0646 0.9294
vn -0.3310 0.1123 0.9369
vn -0.7263 0.2284 0.6483
vn -0.7536 0.1279 0.6448
vn -0.3310 0.1123 0.9369
vn -0.3633 0.0646 0.9294
vn -0.2146 0.0403 0.9759
vn -0.0794 0.0305 0.9964
vn -0.3153 0.1734 0.9330
vn -0.3310 0.1123 0.9369
vn -0.0794 0.0305 0.9964
vn -0.1852 0.1087 0.9767
vn -0.3534 0.0050 0.9354
vn -0.3633 0.0646 0.9294
vn -0.7536 0.1279 0.6448
vn -0.7653 0.0178 0.6434
vn -0.3619 -0.0639 0.9300
vn -0.3534 0.0050 0.9354
vn -0.7653 0.0178 0.6434
vn -0.7556 -0.1239 0.6432
vn -0.3534 0.0050 0.9354
vn -0.3619 -0.0639 0.9300
vn -0.2132 -0.0433 0.9760
vn -0.0848 -0.0015 0.9964
vn -0.3633 0.0646 0.9294
vn -0.3534 0.0050 0.9354
vn -0.0848 -0.0015 0.9964
vn -0.2146 0.0403 0.9759
vn -0.3294 -0.1249 0.9359
vn -0.3619 -0.0639 0.9300
vn -0.7556 -0.1239 0.6432
vn -0.7182 -0.2631 0.6442
vn -0.3160 -0.1876 0.9300
vn -0.3294 -0.1249 0.9359
vn -0.7182 -0.2631 0.6442
vn -0.6600 -0.3854 0.6449
vn -0.3294 -0.1249 0.9359
vn -0.3160 -0.1876 0.9300
vn -0.1858 -0.1157 0.9757
vn -0.0790 -0.0315 0.9964
vn -0.3619 -0.0639 0.9300
vn -0.3294 -0.1249 0.9359
vn -0.0790 -0.0315 0.9964
vn -0.2132 -0.0433 0.9760
vn -0.2696 -0.2264 0.9360
vn -0.3160 -0.1876 0.9300
vn -0.6600 -0.3854 0.6449
vn -0.5867 -0.4893 0.6453
vn -0.2407 -0.2761 0.9305
vn -0.2696 -0.2264 0.9360
vn -0.5867 -0.4893 0.6453
vn -0.5051 -0.5719 0.6464
vn -0.2696 -0.2264 0.9360
vn -0.2407 -0.2761 0.9305
vn -0.1413 -0.1665 0.9759
vn -0.0643 -0.0561 0.9964
vn -0.3160 -0.1876 0.9300
vn -0.2696 -0.2264 0.9360
vn -0.0643 -0.0561 0.9964
vn -0.1858 -0.1157 0.9757
vn -0.1820 -0.2967 0.9375
vn -0.2407 -0.2761 0.9305
vn -0.5051 -0.5719 0.6464
vn -0.4039 -0.6444 0.6493
vn -0.1280 -0.3361 0.9331
vn -0.1820 -0.2967 0.9375
vn -0.4039 -0.6444 0.6493
vn -0.2742 -0.7062 0.6528
vn -0.1820 -0.2967 0.9375
vn -0.1280 -0.3361 0.9331
vn -0.0746 -0.2013 0.9767
vn -0.0423 -0.0722 0.9965
vn -0.2407 -0.2761 0.9305
vn -0.1820 -0.2967 0.9375
vn -0.0423 -0.0722 0.9965
vn -0.1413 -0.1665 0.9759
vn -0.0606 -0.3381 0.9391
vn -0.1280 -0.3361 0.9331
vn -0.2742 -0.7062 0.6528
vn -0.1345 -0.7435 0.6550
vn 0.0000 -0.3581 0.9337
vn -0.0606 -0.3381 0.9391
vn -0.1345 -0.7435 0.6550
vn -0.0000 -0.7554 0.6553
vn -0.0606 -0.3381 0.9391
vn 0.0000 -0.3581 0.9337
vn 0.0001 -0.2139 0.9768
vn -0.0152 -0.0820 0.9965
vn -0.1280 -0.3361 0.9331
vn -0.0606 -0.3381 0.9391
vn -0.0152 -0.0820 0.9965
vn -0.0746 -0.2013 0.9767
vn 0.0597 -0.3383 0.9392
vn 0.0000 -0.3581 0.9337
vn -0.0000 -0.7554 0.6553
vn 0.1312 -0.7439 0.6553
vn 0.1225 -0.3367 0.9336
vn 0.0597 -0.3383 0.9392
vn 0.1312 -0.7439 0.6553
vn 0.2584 -0.7100 0.6551
vn 0.0597 -0.3383 0.9392
vn 0.1225 -0.3367 0.9336
vn 0.0733 -0.2011 0.9768
vn 0.0145 -0.0823 0.9965
vn 0.0000 -0.3581 0.9337
vn 0.0597 -0.3383 0.9392
vn 0.0145 -0.0823 0.9965
vn 0.0001 -0.2139 0.9768
vn 0.1718 -0.2976 0.9391
vn 0.1225 -0.3367 0.9336
vn 0.2584 -0.7100 0.6551
vn 0.3778 -0.6543 0.6551
vn 0.2304 -0.2746 0.9336
vn 0.1718 -0.2976 0.9391
vn 0.3778 -0.6543 0.6551
vn 0.4857 -0.5789 0.6549
vn 0.1718 -0.2976 0.9391
vn 0.2304 -0.2746 0.9336
vn 0.1377 -0.1640 0.9768
vn 0.0418 -0.0725 0.9965
vn 0.1225 -0.3367 0.9336
vn 0.1718 -0.2976 0.9391
vn 0.0418 -0.0725 0.9965
vn 0.0733 -0.2011 0.9768
vn 0.2634 -0.2210 0.9390
vn 0.2304 -0.2746 0.9336
vn 0.4857 -0.5789 0.6549
vn 0.5789 -0.4857 0.6550
vn 0.3105 -0.1793 0.9335
vn 0.2634 -0.2210 0.9390
vn 0.5789 -0.4857 0.6550
vn 0.6545 -0.3779 0.6548
vn 0.2634 -0.2210 0.9390
vn 0.3105 -0.1793 0.9335
vn 0.1855 -0.1071 0.9768
vn 0.0641 -0.0538 0.9965
vn 0.2304 -0.2746 0.9336
vn 0.2634 -0.2210 0.9390
vn 0.0641 -0.0538 0.9965
vn 0.1377 -0.1640 0.9768
vn 0.3232 -0.1176 0.9390
vn 0.3105 -0.1793 0.9335
vn 0.6545 -0.3779 0.6548
vn 0.7102 -0.2585 0.6549
vn 0.3532 -0.0623 0.9335
vn 0.3232 -0.1176 0.9390
vn 0.7102 -0.2585 0.6549
vn 0.7444 -0.1313 0.6547
vn 0.3232 -0.1176 0.9390
vn 0.3532 -0.0623 0.9335
vn 0.2110 -0.0372 0.9768
vn 0.0787 -0.0286 0.9965
vn 0.3105 -0.1793 0.9335
vn 0.3232 -0.1176 0.9390
vn 0.0787 -0.0286 0.9965
vn 0.1855 -0.1071 0.9768
vn 0.3439 0.0000 0.9390
vn 0.3532 -0.0623 0.9335
vn 0.7444 -0.1313 0.6547
vn 0.7558 -0.0000 0.6548
vn 0.3532 0.0623 0.9335
vn 0.3439 0.0000 0.9390
vn 0.7558 -0.0000 0.6548
vn 0.7444 0.1313 0.6547
vn 0.3439 0.0000 0.9390
vn 0.3532 0.0623 0.9335
vn 0.2110 0.0372 0.9768
vn 0.0837 0.0000 0.9965
vn 0.3532 -0.0623 0.9335
vn 0.3439 0.0000 0.9390
vn 0.0837 0.0000 0.9965
vn 0.2110 -0.0372 0.9768
# 5168 vertex normals

vt 0.0368 0.4663 -0.2439
vt 0.0437 0.4132 -0.2439
vt 0.0542 0.3608 -0.2439
vt 0.0669 0.3090 -0.2363
vt 0.0820 0.2580 -0.1982
vt 0.1007 0.2085 -0.2363
vt 0.1229 0.1608 -0.2439
vt 0.1470 0.1136 -0.2439
vt 0.3070 0.4897 -0.2439
vt 0.2995 0.4519 -0.2439
vt 0.3020 0.4157 -0.2439
vt 0.3061 0.3783 -0.2439
vt 0.3153 0.3423 -0.2439
vt 0.3284 0.3080 -0.2439
vt 0.3449 0.2758 -0.2439
vt 0.3638 0.2451 -0.2439
vt 0.0961 0.4715 -0.2439
vt 0.1641 0.4805 -0.2439
vt 0.2385 0.4772 -0.2439
vt 0.1029 0.4226 -0.2439
vt 0.1700 0.4341 -0.2439
vt 0.2385 0.4445 -0.2439
vt 0.1119 0.3737 -0.2439
vt 0.1786 0.3892 -0.2439
vt 0.2452 0.4043 -0.2439
vt 0.1185 0.3237 -0.2439
vt 0.1895 0.3448 -0.2439
vt 0.2560 0.3643 -0.2439
vt 0.1243 0.2727 -0.2439
vt 0.2030 0.3012 -0.2439
vt 0.2732 0.3270 -0.2439
vt 0.1366 0.2232 -0.2439
vt 0.2199 0.2588 -0.2439
vt 0.2936 0.2920 -0.2439
vt 0.1576 0.1767 -0.2439
vt 0.2407 0.2178 -0.2439
vt 0.3174 0.2596 -0.2439
vt 0.1786 0.1350 -0.2439
vt 0.2655 0.1752 -0.2439
vt 0.3373 0.2300 -0.2439
vt 0.6585 0.4574 -0.5914
vt 0.6664 0.4699 -0.5914
vt 0.6711 0.4838 -0.5914
vt 0.6890 0.4205 -0.5729
vt 0.7080 0.4465 -0.4805
vt 0.7178 0.4772 -0.5729
vt 0.4570 0.1268 -0.2413
vt 0.4773 0.0918 -0.2413
vt 0.5084 0.0658 -0.2279
vt 0.5465 0.0517 -0.1609
vt 0.5870 0.0517 -0.2279
vt 0.6250 0.0658 -0.2413
vt 0.6562 0.0918 -0.2413
vt 0.6765 0.1268 -0.2413
vt 0.1359 0.1101 -0.2439
vt 0.1114 0.1556 -0.2439
vt 0.0889 0.2037 -0.2439
vt 0.0689 0.2534 0.2439
vt 0.0518 0.3047 -0.2439
vt 0.0378 0.3571 -0.2439
vt 0.0270 0.4106 -0.2439
vt 0.0198 0.4650 -0.2439
vt 0.3189 0.4885 -0.2439
vt 0.3181 0.4527 -0.2439
vt 0.3194 0.4174 -0.2439
vt 0.3232 0.3814 -0.2439
vt 0.3296 0.3465 -0.2439
vt 0.3403 0.3131 -0.2439
vt 0.3549 0.2818 -0.2439
vt 0.3726 0.2527 -0.2439
vt 0.3613 0.4876 -0.2439
vt 0.3602 0.4506 -0.2439
vt 0.3570 0.4150 -0.2439
vt 0.3535 0.3821 -0.2439
vt 0.3554 0.3513 -0.2439
vt 0.3639 0.3219 -0.2439
vt 0.3771 0.2936 -0.2439
vt 0.3936 0.2666 -0.2439
vt 0.3860 0.2196 -0.2439
vt 0.0920 0.5194 -0.2439
vt 0.2907 0.1366 -0.2439
vt 0.1654 0.1076 -0.2439
vt 0.1418 0.5194 -0.2439
vt 0.6648 0.4155 -0.5914
vt 0.0173 0.5194 -0.2439
vt 0.3185 0.5188 -0.2439
vt 0.3897 0.2246 -0.2439
vt 0.4120 0.2408 -0.2439
vt 0.0960 0.5673 -0.2439
vt 0.1641 0.5584 -0.2439
vt 0.1028 0.6162 -0.2439
vt 0.1699 0.6048 -0.2439
vt 0.1118 0.6651 -0.2439
vt 0.1785 0.6496 -0.2439
vt 0.1184 0.7151 -0.2439
vt 0.1894 0.6940 -0.2439
vt 0.1241 0.7661 -0.2439
vt 0.2029 0.7376 -0.2439
vt 0.1364 0.8156 -0.2439
vt 0.2198 0.7800 -0.2439
vt 0.1575 0.8621 -0.2439
vt 0.2406 0.8210 -0.2439
vt 0.1785 0.9038 -0.2439
vt 0.2654 0.8637 -0.2439
vt 0.4570 0.2059 -0.2413
vt 0.4773 0.2408 -0.2413
vt 0.5084 0.2669 -0.2279
vt 0.5465 0.2810 -0.1609
vt 0.5870 0.2810 -0.2279
vt 0.6250 0.2669 -0.2413
vt 0.6562 0.2408 -0.2413
vt 0.6765 0.2059 -0.2413
vt 0.6833 0.1663 -0.2413
vt 0.4501 0.1663 -0.2413
vt 0.2384 0.5943 -0.2439
vt 0.2995 0.5870 -0.2439
vt 0.3070 0.5491 -0.2439
vt 0.2385 0.5616 -0.2439
vt 0.0367 0.5725 -0.2439
vt 0.0437 0.6256 -0.2439
vt 0.2451 0.6346 -0.2439
vt 0.3019 0.6231 -0.2439
vt 0.0541 0.6780 -0.2439
vt 0.2559 0.6746 -0.2439
vt 0.3060 0.6605 -0.2439
vt 0.0668 0.7298 -0.2363
vt 0.2731 0.7118 -0.2439
vt 0.3152 0.6966 -0.2439
vt 0.0819 0.7808 -0.1982
vt 0.2935 0.7468 -0.2439
vt 0.3283 0.7309 -0.2439
vt 0.1006 0.8303 -0.2363
vt 0.3172 0.7792 -0.2439
vt 0.3447 0.7631 -0.2439
vt 0.1228 0.8780 -0.2439
vt 0.3372 0.8088 -0.2439
vt 0.3637 0.7937 -0.2439
vt 0.1469 0.9252 -0.2439
vt 0.1614 0.0648 -0.2439
vt 0.7082 0.5596 -0.4805
vt 0.6893 0.5856 -0.5729
vt 0.7179 0.5289 -0.5729
vt 0.7804 0.5021 -0.5914
vt 0.7182 0.5030 -0.5914
vt 0.6586 0.5489 -0.5914
vt 0.6469 0.4466 -0.5914
vt 0.6665 0.5364 -0.5914
vt 0.6712 0.5224 -0.5914
vt 0.1113 0.8831 -0.2439
vt 0.1357 0.9287 -0.2439
vt 0.0888 0.8351 -0.2439
vt 0.0688 0.7854 0.2439
vt 0.0517 0.7341 -0.2439
vt 0.0377 0.6817 -0.2439
vt 0.0269 0.6282 -0.2439
vt 0.0198 0.5738 -0.2439
vt 0.0343 0.5194 -0.2439
vt 0.4257 0.1663 -0.2413
vt 0.3181 0.5862 -0.2439
vt 0.3189 0.5502 -0.2439
vt 0.3193 0.6214 -0.2439
vt 0.3232 0.6574 -0.2439
vt 0.3295 0.6924 -0.2439
vt 0.3402 0.7257 -0.2439
vt 0.3548 0.7571 -0.2439
vt 0.3725 0.7861 -0.2439
vt 0.3602 0.5883 -0.2439
vt 0.3612 0.5511 -0.2439
vt 0.3570 0.6238 -0.2439
vt 0.3534 0.6568 -0.2439
vt 0.3553 0.6875 -0.2439
vt 0.3638 0.7169 -0.2439
vt 0.3770 0.7452 -0.2439
vt 0.3935 0.7722 -0.2439
vt 0.3641 0.2332 -0.2439
vt 0.6715 0.5031 -0.5914
vt 0.3614 0.5188 -0.2439
vt 0.6537 0.4609 -0.5914
vt 0.6595 0.4722 -0.5914
vt 0.6629 0.4852 -0.5914
vt 0.6539 0.5454 -0.5914
vt 0.6461 0.4510 -0.5914
vt 0.6596 0.5340 -0.5914
vt 0.6629 0.5210 -0.5914
vt 0.6631 0.5031 -0.5914
vt 0.6032 0.4698 -0.5914
vt 0.6115 0.4800 -0.5914
vt 0.6193 0.4902 -0.5914
vt 0.6033 0.5366 -0.5914
vt 0.5988 0.4586 -0.5914
vt 0.6116 0.5264 -0.5914
vt 0.6193 0.5161 -0.5914
vt 0.6214 0.5032 -0.5914
vt 0.6438 0.4641 -0.5914
vt 0.6490 0.4749 -0.5914
vt 0.6527 0.4867 -0.5914
vt 0.6440 0.5421 -0.5914
vt 0.6443 0.4527 -0.5914
vt 0.6491 0.5314 -0.5914
vt 0.6528 0.5196 -0.5914
vt 0.6534 0.5031 -0.5914
vt 0.6644 0.4511 -0.5914
vt 0.6750 0.4654 -0.5914
vt 0.6802 0.4824 -0.5914
vt 0.6475 0.4444 -0.5914
vt 0.6645 0.5551 -0.5914
vt 0.6751 0.5408 -0.5914
vt 0.6803 0.5238 -0.5914
vt 0.6814 0.5031 -0.5914
vt 0.1645 0.0657 -0.2439
vt 0.1652 0.9312 -0.2439
vt 0.1776 0.9185 -0.2439
vt 0.2148 0.9269 -0.2439
vt 0.2283 0.0970 -0.2439
vt 0.2149 0.1119 -0.2439
vt 0.1777 0.1203 -0.2439
vt 0.3519 0.2264 -0.2439
vt 0.3449 0.1974 -0.2439
vt 0.3519 0.1830 -0.2439
vt 0.3447 0.8414 -0.2439
vt 0.3518 0.8124 -0.2439
vt 0.3640 0.8056 -0.2439
vt 0.3820 0.2149 -0.2439
vt 0.8511 0.7689 -0.3040
vt 0.8536 0.7901 -0.3040
vt 0.8496 0.8112 -0.3040
vt 0.8429 0.8223 -0.3040
vt 0.8326 0.8379 -0.3040
vt 0.8297 0.8481 -0.3040
vt 0.8360 0.7414 -0.3040
vt 0.8453 0.7576 -0.3040
vt 0.5779 0.7622 -0.3040
vt 0.5826 0.7509 -0.3040
vt 0.5902 0.7350 -0.3040
vt 0.5918 0.7243 -0.3040
vt 0.5864 0.8245 -0.3040
vt 0.5802 0.8081 -0.3040
vt 0.5764 0.7965 -0.3040
vt 0.5759 0.7793 -0.3040
vt 0.6299 0.7651 -0.3040
vt 0.6311 0.7544 -0.3040
vt 0.6324 0.7383 -0.3040
vt 0.6337 0.7267 -0.3040
vt 0.6288 0.8250 -0.3040
vt 0.6289 0.8089 -0.3040
vt 0.6286 0.7980 -0.3040
vt 0.6287 0.7816 -0.3040
vt 0.6876 0.7674 -0.3040
vt 0.6867 0.7570 -0.3040
vt 0.6845 0.7412 -0.3040
vt 0.6770 0.7295 -0.3040
vt 0.6811 0.8267 -0.3040
vt 0.6845 0.8112 -0.3040
vt 0.6862 0.8009 -0.3040
vt 0.6868 0.7842 -0.3040
vt 0.7750 0.7696 -0.3040
vt 0.7751 0.7601 -0.3040
vt 0.7748 0.7444 -0.3040
vt 0.7761 0.8430 -0.3040
vt 0.7715 0.8311 -0.3040
vt 0.7730 0.8157 -0.3040
vt 0.7736 0.8065 -0.3040
vt 0.7739 0.7881 -0.3040
vt 0.8871 0.7639 -0.2945
vt 0.8878 0.7912 -0.3040
vt 0.8851 0.8185 -0.2945
vt 0.8787 0.8340 -0.2470
vt 0.8652 0.8513 -0.2945
vt 0.8580 0.8613 -0.3040
vt 0.8694 0.7300 -0.2945
vt 0.8818 0.7480 -0.2470
vt 0.5438 0.7575 -0.3040
vt 0.5514 0.7441 -0.3040
vt 0.5649 0.7284 -0.3040
vt 0.5713 0.7178 -0.3040
vt 0.5606 0.8289 -0.3040
vt 0.5485 0.8120 -0.3040
vt 0.5420 0.7979 -0.3040
vt 0.5419 0.7776 -0.3040
vt 0.9592 0.1985 -0.6752
vt 0.9338 0.2210 -0.6752
vt 0.9104 0.2410 -0.6752
vt 0.8837 0.2544 -0.6752
vt 0.8544 0.2593 -0.6752
vt 0.8252 0.2550 -0.6752
vt 0.7987 0.2417 -0.6752
vt 0.7778 0.2207 -0.6752
vt 0.7650 0.1359 -0.6752
vt 0.7791 0.1085 -0.6752
vt 0.7993 0.0877 -0.6752
vt 0.8256 0.0746 -0.6752
vt 0.8549 0.0704 -0.6752
vt 0.8840 0.0754 -0.6752
vt 0.9108 0.0888 -0.6752
vt 0.9341 0.1089 -0.6752
vt 0.7647 0.1935 -0.6752
vt 0.7600 0.1658 -0.6752
vt 0.9809 0.2278 -0.6752
vt 0.9549 0.2510 -0.6752
vt 0.9254 0.2725 -0.6752
vt 0.8906 0.2877 -0.6752
vt 0.8522 0.2927 -0.5064
vt 0.8134 0.2860 0.3376
vt 0.7783 0.2676 -0.5064
vt 0.7506 0.2390 -0.6752
vt 0.7337 0.1261 -0.6752
vt 0.7518 0.0897 -0.6752
vt 0.7790 0.0617 -0.5064
vt 0.8140 0.0435 0.3376
vt 0.8528 0.0369 -0.5064
vt 0.8912 0.0421 -0.6752
vt 0.9258 0.0573 -0.6752
vt 0.9552 0.0790 -0.6752
vt 0.7330 0.2030 -0.6752
vt 0.7273 0.1660 -0.6752
vt 0.9767 0.2217 -0.6752
vt 0.9497 0.2430 -0.6752
vt 0.9216 0.2644 -0.6752
vt 0.8888 0.2792 -0.6752
vt 0.8526 0.2843 -0.6541
vt 0.8162 0.2782 -0.5486
vt 0.7833 0.2611 -0.6541
vt 0.7573 0.2343 -0.6752
vt 0.7416 0.1286 -0.6752
vt 0.7587 0.0945 -0.6752
vt 0.7840 0.0683 -0.6541
vt 0.8168 0.0513 -0.5486
vt 0.8532 0.0453 -0.6541
vt 0.8893 0.0505 -0.6752
vt 0.9220 0.0655 -0.6752
vt 0.9501 0.0870 -0.6752
vt 0.7409 0.2006 -0.6752
vt 0.7355 0.1660 -0.6752
vt 0.9111 0.1649 -0.6752
vt 0.9036 0.1897 -0.6752
vt 0.8907 0.2038 -0.6752
vt 0.8754 0.2134 -0.6752
vt 0.8583 0.2178 -0.6752
vt 0.8408 0.2164 -0.6752
vt 0.8249 0.2095 -0.6752
vt 0.8121 0.1979 -0.6752
vt 0.8035 0.1820 -0.6752
vt 0.8005 0.1648 -0.6752
vt 0.8038 0.1474 -0.6752
vt 0.8124 0.1318 -0.6752
vt 0.8250 0.1201 -0.6752
vt 0.8409 0.1132 -0.6752
vt 0.8584 0.1119 -0.6752
vt 0.8755 0.1163 -0.6752
vt 0.8908 0.1259 -0.6752
vt 0.9037 0.1401 -0.6752
vt 0.9074 0.7544 -0.3040
vt 0.5283 0.7511 -0.3040
vt 0.9062 0.7919 -0.3040
vt 0.9047 0.8293 -0.3040
vt 0.9022 0.8403 0.3040
vt 0.8794 0.8643 -0.3040
vt 0.8639 0.8740 -0.3040
vt 0.8842 0.7179 -0.3040
vt 0.9057 0.7432 0.3040
vt 0.5352 0.7408 -0.3040
vt 0.5552 0.7227 -0.3040
vt 0.5655 0.7123 -0.3040
vt 0.5503 0.8337 -0.3040
vt 0.5321 0.8137 -0.3040
vt 0.5261 0.8029 -0.3040
vt 0.5286 0.7771 -0.3040
vt 0.7866 0.4750 -0.5914
vt 0.7250 0.3474 -0.5914
vt 0.7552 0.4158 0.5914
vt 0.4336 0.1185 -0.2413
vt 0.4583 0.0760 -0.2413
vt 0.4962 0.0448 -0.2413
vt 0.5420 0.0272 0.2413
vt 0.5914 0.0272 -0.2413
vt 0.6373 0.0448 -0.2413
vt 0.6751 0.0760 -0.2413
vt 0.6998 0.1185 -0.2413
vt 0.6783 0.3256 -0.5914
vt 0.6786 0.6806 -0.5914
vt 0.6652 0.5907 -0.5914
vt 0.7078 0.1663 -0.2413
vt 0.7253 0.6587 -0.5914
vt 0.7868 0.5308 -0.5914
vt 0.7555 0.5902 0.5914
vt 0.3063 0.5186 -0.2439
vt 0.6471 0.5597 -0.5914
vt 0.4583 0.2567 -0.2413
vt 0.4336 0.2142 -0.2413
vt 0.4962 0.2879 -0.2413
vt 0.5420 0.3055 0.2413
vt 0.5914 0.3055 -0.2413
vt 0.6373 0.2879 -0.2413
vt 0.6751 0.2567 -0.2413
vt 0.6998 0.2142 -0.2413
vt 0.1518 0.0632 -0.2439
vt 0.6463 0.5553 -0.5914
vt 0.5989 0.5477 -0.5914
vt 0.6445 0.5536 -0.5914
vt 0.6477 0.5619 -0.5914
vt 0.8338 0.7311 -0.3040
vt 0.5871 0.8354 -0.3040
vt 0.6291 0.8366 -0.3040
vt 0.6726 0.8378 -0.3040
vt 0.7802 0.7331 -0.3040
vt 0.8628 0.7196 -0.3040
vt 0.5659 0.8399 -0.3040
vt 0.8694 0.7073 -0.3040
vt 0.5597 0.8449 -0.3040
vt 0.3859 0.8193 -0.2439
vt 0.2906 0.9022 -0.2439
vt 0.3896 0.8142 -0.2439
vt 0.4119 0.7981 -0.2439
vt 0.1613 0.9740 -0.2439
vt 0.1644 0.9731 -0.2439
vt 0.2282 0.9418 -0.2439
vt 0.3518 0.8558 -0.2439
vt 0.3819 0.8239 -0.2439
vt 0.1517 0.9756 -0.2439
vt 0.9593 0.1315 -0.6752
vt 0.9812 0.1023 -0.6752
vt 0.9769 0.1084 -0.6752
vt 0.1236 0.4976 -0.2439
vt 0.1329 0.4520 -0.2439
vt 0.1406 0.4048 -0.2439
vt 0.1492 0.3577 -0.2439
vt 0.1571 0.3100 -0.2439
vt 0.1677 0.2626 -0.2439
vt 0.1849 0.2172 -0.2439
vt 0.2074 0.1733 -0.2439
vt 0.2725 0.4664 -0.2439
vt 0.2023 0.4595 -0.2439
vt 0.0658 0.4428 -0.2439
vt 0.2747 0.4302 -0.2439
vt 0.2075 0.4184 -0.2439
vt 0.0744 0.3918 -0.2439
vt 0.2805 0.3915 -0.2439
vt 0.2175 0.3757 -0.2439
vt 0.0841 0.3408 -0.2439
vt 0.2909 0.3540 -0.2439
vt 0.2319 0.3348 -0.2439
vt 0.0931 0.2893 -0.2439
vt 0.3064 0.3188 -0.2439
vt 0.2503 0.2958 -0.2439
vt 0.1050 0.2383 -0.2439
vt 0.3256 0.2860 -0.2439
vt 0.2718 0.2588 -0.2439
vt 0.1236 0.1896 -0.2439
vt 0.3457 0.2546 -0.2439
vt 0.2944 0.2224 -0.2439
vt 0.1471 0.1430 -0.2439
vt 0.1655 0.1169 -0.2439
vt 0.7191 0.4087 -0.2957
vt 0.7412 0.4540 -0.2957
vt 0.7491 0.4895 -0.5914
vt 0.6657 0.4345 -0.5914
vt 0.6825 0.4482 -0.5914
vt 0.6928 0.4687 -0.5914
vt 0.1280 0.1347 -0.2439
vt 0.1045 0.1815 -0.2439
vt 0.0833 0.2302 -0.1220
vt 0.0648 0.2804 -0.1220
vt 0.0493 0.3320 -0.2439
vt 0.0370 0.3847 -0.2439
vt 0.0280 0.4383 -0.2439
vt 0.0231 0.4924 -0.2439
vt 0.4342 0.1432 -0.2413
vt 0.4500 0.0996 -0.2413
vt 0.4802 0.0639 -0.2413
vt 0.5207 0.0403 -0.1207
vt 0.5667 0.0319 -0.1207
vt 0.6127 0.0403 -0.2413
vt 0.6532 0.0639 -0.2413
vt 0.6834 0.0996 -0.2413
vt 0.3102 0.4711 -0.2439
vt 0.3108 0.4352 -0.2439
vt 0.3137 0.3992 -0.2439
vt 0.3192 0.3627 -0.2439
vt 0.3286 0.3277 -0.2439
vt 0.3418 0.2946 -0.2439
vt 0.3584 0.2636 -0.2439
vt 0.3776 0.2354 -0.2439
vt 0.3371 0.4703 -0.2439
vt 0.3361 0.4339 -0.2439
vt 0.3361 0.3990 -0.2439
vt 0.3384 0.3651 -0.2439
vt 0.3454 0.3327 -0.2439
vt 0.3574 0.3019 -0.2439
vt 0.3731 0.2728 -0.2439
vt 0.3913 0.2457 -0.2439
vt 0.2496 0.1306 -0.2439
vt 0.0610 0.4939 -0.2439
vt 0.3742 0.2286 -0.2439
vt 0.3130 0.1735 -0.2439
vt 0.6892 0.3782 -0.5914
vt 0.6746 0.4928 -0.5914
vt 0.1484 0.0879 -0.2439
vt 0.6992 0.1432 -0.2413
vt 0.3101 0.5042 -0.2439
vt 0.3375 0.5039 -0.2439
vt 0.1236 0.5412 -0.2439
vt 0.1328 0.5868 -0.2439
vt 0.1405 0.6340 -0.2439
vt 0.1492 0.6811 -0.2439
vt 0.1570 0.7288 -0.2439
vt 0.1675 0.7762 -0.2439
vt 0.1848 0.8216 -0.2439
vt 0.2073 0.8655 -0.2439
vt 0.5667 0.1663 -0.2413
vt 0.2725 0.5724 -0.2439
vt 0.2023 0.5794 -0.2439
vt 0.0658 0.5960 -0.2439
vt 0.2747 0.6087 -0.2439
vt 0.2074 0.6204 -0.2439
vt 0.0744 0.6470 -0.2439
vt 0.2804 0.6473 -0.2439
vt 0.2174 0.6631 -0.2439
vt 0.0840 0.6980 -0.2439
vt 0.2908 0.6848 -0.2439
vt 0.2318 0.7040 -0.2439
vt 0.0930 0.7495 -0.2439
vt 0.3063 0.7201 -0.2439
vt 0.2502 0.7430 -0.2439
vt 0.1049 0.8005 -0.2439
vt 0.3255 0.7528 -0.2439
vt 0.2717 0.7801 -0.2439
vt 0.1235 0.8492 -0.2439
vt 0.3456 0.7843 -0.2439
vt 0.2943 0.8165 -0.2439
vt 0.1470 0.8958 -0.2439
vt 0.1588 0.9509 -0.2439
vt 0.7194 0.5974 -0.2957
vt 0.7413 0.5520 -0.2957
vt 0.7491 0.5160 -0.5914
vt 0.6660 0.5717 -0.5914
vt 0.6827 0.5580 -0.5914
vt 0.6929 0.5374 -0.5914
vt 0.1279 0.9041 -0.2439
vt 0.1044 0.8573 -0.2439
vt 0.0832 0.8086 -0.1220
vt 0.0647 0.7584 -0.1220
vt 0.0492 0.7068 -0.2439
vt 0.0369 0.6541 -0.2439
vt 0.0280 0.6005 -0.2439
vt 0.0231 0.5464 -0.2439
vt 0.4342 0.1895 -0.2413
vt 0.4500 0.2331 -0.2413
vt 0.4802 0.2688 -0.2413
vt 0.5207 0.2923 -0.1207
vt 0.5667 0.3008 -0.1207
vt 0.6127 0.2923 -0.2413
vt 0.6532 0.2688 -0.2413
vt 0.6834 0.2331 -0.2413
vt 0.3102 0.5677 -0.2439
vt 0.3108 0.6036 -0.2439
vt 0.3136 0.6396 -0.2439
vt 0.3191 0.6761 -0.2439
vt 0.3285 0.7111 -0.2439
vt 0.3417 0.7443 -0.2439
vt 0.3583 0.7752 -0.2439
vt 0.3775 0.8034 -0.2439
vt 0.3371 0.5686 -0.2439
vt 0.3361 0.6049 -0.2439
vt 0.3360 0.6399 -0.2439
vt 0.3383 0.6738 -0.2439
vt 0.3453 0.7061 -0.2439
vt 0.3573 0.7370 -0.2439
vt 0.3730 0.7661 -0.2439
vt 0.3912 0.7931 -0.2439
vt 0.2495 0.9082 -0.2439
vt 0.0610 0.5449 -0.2439
vt 0.3565 0.8046 -0.2439
vt 0.3266 0.8309 -0.2439
vt 0.6895 0.6279 -0.5914
vt 0.6747 0.5134 -0.5914
vt 0.1483 0.9509 -0.2439
vt 0.6992 0.1895 -0.2413
vt 0.3101 0.5339 -0.2439
vt 0.3375 0.5342 -0.2439
vt 0.6516 0.4538 -0.5914
vt 0.6600 0.4649 -0.5914
vt 0.6655 0.4773 -0.5914
vt 0.6674 0.4934 -0.5914
vt 0.6517 0.5524 -0.5914
vt 0.6601 0.5413 -0.5914
vt 0.6656 0.5289 -0.5914
vt 0.6675 0.5129 -0.5914
vt 0.6483 0.4571 -0.5914
vt 0.6541 0.4678 -0.5914
vt 0.6583 0.4791 -0.5914
vt 0.6599 0.4941 -0.5914
vt 0.6485 0.5492 -0.5914
vt 0.6542 0.5385 -0.5914
vt 0.6584 0.5271 -0.5914
vt 0.6600 0.5122 -0.5914
vt 0.6237 0.4613 -0.5914
vt 0.6292 0.4720 -0.5914
vt 0.6357 0.4824 -0.5914
vt 0.6391 0.4954 -0.5914
vt 0.6238 0.5451 -0.5914
vt 0.6293 0.5343 -0.5914
vt 0.6357 0.5239 -0.5914
vt 0.6391 0.5109 -0.5914
vt 0.6539 0.4504 -0.5914
vt 0.6651 0.4620 -0.5914
vt 0.6719 0.4755 -0.5914
vt 0.6959 0.4916 -0.5914
vt 0.6541 0.5558 -0.5914
vt 0.6652 0.5443 -0.5914
vt 0.6720 0.5307 -0.5914
vt 0.6959 0.5146 -0.5914
vt 0.3566 0.2343 -0.2439
vt 0.3129 0.8653 -0.2439
vt 0.3741 0.8103 -0.2439
vt 0.3267 0.2079 -0.2439
vt 0.1590 0.0879 -0.2439
vt 0.1654 0.9219 -0.2439
vt 0.2077 0.9050 -0.2439
vt 0.2078 0.1338 -0.2439
vt 0.8981 0.7749 -0.3040
vt 0.8969 0.8082 -0.3040
vt 0.8939 0.8310 -0.1520
vt 0.8825 0.8480 -0.1520
vt 0.8670 0.8632 -0.3040
vt 0.8719 0.7182 -0.3040
vt 0.8864 0.7343 -0.1520
vt 0.8968 0.7519 -0.1520
vt 0.5379 0.7481 -0.3040
vt 0.5506 0.7337 -0.3040
vt 0.5640 0.7199 -0.3040
vt 0.5589 0.8372 -0.3040
vt 0.5468 0.8223 -0.3040
vt 0.5354 0.8068 -0.3040
vt 0.5330 0.7891 -0.3040
vt 0.5340 0.7655 -0.3040
vt 0.6041 0.7584 -0.3040
vt 0.6079 0.7451 -0.3040
vt 0.6116 0.7307 -0.3040
vt 0.6074 0.8306 -0.3040
vt 0.6050 0.8160 -0.3040
vt 0.6022 0.8024 -0.3040
vt 0.6010 0.7892 -0.3040
vt 0.6018 0.7715 -0.3040
vt 0.6563 0.7610 -0.3040
vt 0.6553 0.7478 -0.3040
vt 0.6549 0.7334 -0.3040
vt 0.6509 0.8319 -0.3040
vt 0.6525 0.8176 -0.3040
vt 0.6546 0.8045 -0.3040
vt 0.6552 0.7916 -0.3040
vt 0.6559 0.7739 -0.3040
vt 0.7297 0.7637 -0.3040
vt 0.7291 0.7513 -0.3040
vt 0.7286 0.7368 -0.3040
vt 0.7248 0.8349 -0.3040
vt 0.7264 0.8206 -0.3040
vt 0.7279 0.8085 -0.3040
vt 0.7281 0.7957 -0.3040
vt 0.7289 0.7767 -0.3040
vt 0.8177 0.7786 -0.3040
vt 0.8169 0.8000 -0.3040
vt 0.8140 0.8138 -0.3040
vt 0.8093 0.8259 -0.3040
vt 0.8045 0.8401 -0.3040
vt 0.8083 0.7376 -0.3040
vt 0.8120 0.7522 -0.3040
vt 0.8158 0.7646 -0.3040
vt 0.8746 0.7778 -0.3040
vt 0.8737 0.8036 -0.3040
vt 0.8683 0.8218 -0.3040
vt 0.8580 0.8363 -0.3040
vt 0.8474 0.8501 -0.3040
vt 0.8515 0.7302 -0.3040
vt 0.8612 0.7445 -0.3040
vt 0.8705 0.7595 -0.3040
vt 0.5607 0.7536 -0.3040
vt 0.5700 0.7397 -0.3040
vt 0.5789 0.7260 -0.3040
vt 0.5743 0.8325 -0.3040
vt 0.5667 0.8181 -0.3040
vt 0.5585 0.8034 -0.3040
vt 0.5559 0.7881 -0.3040
vt 0.5567 0.7685 -0.3040
vt 0.9560 0.2223 -0.6752
vt 0.9309 0.2453 -0.6752
vt 0.9024 0.2635 -0.6752
vt 0.8701 0.2733 -0.6752
vt 0.8362 0.2731 -0.6752
vt 0.8037 0.2625 -0.6752
vt 0.7762 0.2423 -0.6752
vt 0.7565 0.2138 -0.6752
vt 0.7464 0.1821 -0.6752
vt 0.7465 0.1488 -0.6752
vt 0.7576 0.1150 -0.6752
vt 0.7773 0.0869 -0.6752
vt 0.8043 0.0669 -0.6752
vt 0.8367 0.0564 -0.6752
vt 0.8706 0.0564 -0.6752
vt 0.9028 0.0664 -0.6752
vt 0.9312 0.0846 -0.6752
vt 0.9562 0.1077 -0.6752
vt 0.8538 0.1648 -0.6752
vt 0.9661 0.2364 -0.6752
vt 0.9391 0.2592 -0.6752
vt 0.9076 0.2781 -0.6752
vt 0.8714 0.2884 -0.6752
vt 0.8332 0.2879 -0.3376
vt 0.7966 0.2756 -0.3376
vt 0.7655 0.2524 -0.6752
vt 0.7431 0.2201 -0.6752
vt 0.7316 0.1843 -0.6752
vt 0.7320 0.1466 -0.6752
vt 0.7442 0.1085 -0.6752
vt 0.7665 0.0767 -0.6752
vt 0.7972 0.0539 -0.3376
vt 0.8338 0.0417 -0.3376
vt 0.8720 0.0413 -0.6752
vt 0.9080 0.0518 -0.6752
vt 0.9394 0.0707 -0.6752
vt 0.9664 0.0936 -0.6752
vt 0.9268 0.1927 -0.6752
vt 0.9102 0.2126 -0.6752
vt 0.8909 0.2274 -0.6752
vt 0.8688 0.2358 -0.6752
vt 0.8454 0.2370 -0.6752
vt 0.8229 0.2307 -0.6752
vt 0.8038 0.2177 -0.6752
vt 0.7898 0.1987 -0.6752
vt 0.7821 0.1765 -0.6752
vt 0.7824 0.1534 -0.6752
vt 0.7904 0.1306 -0.6752
vt 0.8043 0.1118 -0.6752
vt 0.8232 0.0988 -0.6752
vt 0.8457 0.0926 -0.6752
vt 0.8690 0.0939 -0.6752
vt 0.8911 0.1024 -0.6752
vt 0.9104 0.1172 -0.6752
vt 0.9269 0.1371 -0.6752
vt 0.0349 0.4928 -0.2439
vt 0.0629 0.4684 -0.2439
vt 0.7835 0.4885 -0.5914
vt 0.0397 0.4397 -0.2439
vt 0.0697 0.4173 -0.2439
vt 0.2993 0.4700 -0.2439
vt 0.0486 0.3869 -0.2439
vt 0.0794 0.3664 -0.2439
vt 0.3005 0.4339 -0.2439
vt 0.0603 0.3348 -0.2439
vt 0.0886 0.3151 -0.2439
vt 0.3036 0.3970 -0.2439
vt 0.0741 0.2833 -0.2134
vt 0.0983 0.2636 -0.2439
vt 0.3101 0.3601 -0.2439
vt 0.0909 0.2330 -0.2134
vt 0.1134 0.2136 -0.2439
vt 0.3214 0.3249 -0.2439
vt 0.1114 0.1844 -0.2439
vt 0.1351 0.1662 -0.2439
vt 0.3363 0.2916 -0.2439
vt 0.1350 0.1377 -0.2439
vt 0.1579 0.1249 -0.2439
vt 0.3538 0.2604 -0.2439
vt 0.1290 0.4753 -0.2439
vt 0.1363 0.4283 -0.2439
vt 0.2041 0.4395 -0.2439
vt 0.2730 0.4488 -0.2439
vt 0.1451 0.3814 -0.2439
vt 0.2121 0.3969 -0.2439
vt 0.2774 0.4109 -0.2439
vt 0.1532 0.3340 -0.2439
vt 0.2240 0.3550 -0.2439
vt 0.2847 0.3724 -0.2439
vt 0.1617 0.2862 -0.2439
vt 0.2408 0.3151 -0.2439
vt 0.2983 0.3362 -0.2439
vt 0.1753 0.2396 -0.2439
vt 0.2605 0.2769 -0.2439
vt 0.3154 0.3020 -0.2439
vt 0.1958 0.1952 -0.2439
vt 0.2834 0.2407 -0.2439
vt 0.3359 0.2704 -0.2439
vt 0.2135 0.1526 -0.2439
vt 0.3078 0.2095 -0.2439
vt 0.3532 0.2416 -0.2439
vt 0.2377 0.4623 -0.2439
vt 0.1671 0.4565 -0.2439
vt 0.0992 0.4471 -0.2439
vt 0.2412 0.4248 -0.2439
vt 0.1739 0.4116 -0.2439
vt 0.1074 0.3982 -0.2439
vt 0.2499 0.3840 -0.2439
vt 0.1837 0.3669 -0.2439
vt 0.1155 0.3489 -0.2439
vt 0.2640 0.3453 -0.2439
vt 0.1959 0.3229 -0.2439
vt 0.1210 0.2982 -0.2439
vt 0.2830 0.3092 -0.2439
vt 0.2110 0.2799 -0.2439
vt 0.1293 0.2476 -0.2439
vt 0.3055 0.2757 -0.2439
vt 0.2299 0.2382 -0.2439
vt 0.1463 0.1997 -0.2439
vt 0.3280 0.2430 -0.2439
vt 0.2519 0.1975 -0.2439
vt 0.1695 0.1538 -0.2439
vt 0.1813 0.1243 -0.2439
vt 0.7401 0.3816 0.0000
vt 0.7709 0.4454 0.0000
vt 0.6530 0.4520 -0.5914
vt 0.6629 0.4634 -0.5914
vt 0.6693 0.4764 -0.5914
vt 0.7055 0.3897 -0.5175
vt 0.7308 0.4315 -0.1479
vt 0.7480 0.4741 -0.5175
vt 0.6747 0.4402 -0.5914
vt 0.6887 0.4579 -0.5914
vt 0.6950 0.4802 -0.5914
vt 0.6771 0.4131 -0.5914
vt 0.6995 0.4321 -0.5175
vt 0.7142 0.4620 -0.5175
vt 0.4812 0.1174 -0.2413
vt 0.5034 0.0913 -0.2413
vt 0.5330 0.0740 -0.2111
vt 0.5667 0.0679 -0.2111
vt 0.6004 0.0740 -0.2413
vt 0.6301 0.0913 -0.2413
vt 0.6522 0.1174 -0.2413
vt 0.6638 0.1494 -0.2413
vt 0.1392 0.1115 -0.2439
vt 0.1160 0.1578 -0.2439
vt 0.0936 0.2056 -0.2134
vt 0.0737 0.2551 -0.0610
vt 0.0567 0.3061 -0.2134
vt 0.0428 0.3582 -0.2439
vt 0.0320 0.4114 -0.2439
vt 0.0250 0.4653 -0.2439
vt 0.4401 0.1207 -0.2413
vt 0.4635 0.0804 -0.2413
vt 0.4995 0.0505 -0.2111
vt 0.5433 0.0340 -0.0603
vt 0.5901 0.0340 -0.2111
vt 0.6340 0.0505 -0.2413
vt 0.6699 0.0804 -0.2413
vt 0.6933 0.1207 -0.2413
vt 0.1438 0.0867 -0.2439
vt 0.1236 0.1329 -0.2439
vt 0.1002 0.1797 -0.2439
vt 0.0789 0.2285 0.0000
vt 0.0604 0.2790 0.0000
vt 0.0448 0.3309 -0.2439
vt 0.0324 0.3839 -0.2439
vt 0.0234 0.4378 -0.2439
vt 0.3104 0.4887 -0.2439
vt 0.3102 0.4529 -0.2439
vt 0.3120 0.4175 -0.2439
vt 0.3160 0.3808 -0.2439
vt 0.3233 0.3450 -0.2439
vt 0.3348 0.3109 -0.2439
vt 0.3497 0.2788 -0.2439
vt 0.3677 0.2492 -0.2439
vt 0.3187 0.5041 -0.2439
vt 0.3185 0.4709 -0.2439
vt 0.3184 0.4350 -0.2439
vt 0.3210 0.3994 -0.2439
vt 0.3260 0.3638 -0.2439
vt 0.3344 0.3296 -0.2439
vt 0.3472 0.2972 -0.2439
vt 0.3634 0.2669 -0.2439
vt 0.3375 0.4881 -0.2439
vt 0.3366 0.4518 -0.2439
vt 0.3359 0.4164 -0.2439
vt 0.3368 0.3818 -0.2439
vt 0.3412 0.3487 -0.2439
vt 0.3509 0.3171 -0.2439
vt 0.3648 0.2871 -0.2439
vt 0.3820 0.2590 -0.2439
vt 0.3614 0.5037 -0.2439
vt 0.3609 0.4694 -0.2439
vt 0.3589 0.4325 -0.2439
vt 0.3549 0.3982 -0.2439
vt 0.3536 0.3665 -0.2439
vt 0.3590 0.3365 -0.2439
vt 0.3700 0.3076 -0.2439
vt 0.3850 0.2800 -0.2439
vt 0.1534 0.0885 -0.2439
vt 0.3756 0.2326 -0.2439
vt 0.0933 0.4955 -0.2439
vt 0.3453 0.2249 -0.2439
vt 0.2794 0.1544 -0.2439
vt 0.7016 0.3365 -0.5914
vt 0.6716 0.4930 -0.5914
vt 0.7186 0.4906 -0.5914
vt 0.4696 0.1494 -0.2413
vt 0.0186 0.4922 -0.2439
vt 0.3822 0.2392 -0.2439
vt 0.4027 0.2536 -0.2439
vt 0.1205 0.5194 -0.2439
vt 0.2595 0.1168 -0.2439
vt 0.0604 0.5194 -0.2439
vt 0.3840 0.2172 -0.2439
vt 0.1629 0.0652 -0.2439
vt 0.6716 0.3705 -0.5914
vt 0.6472 0.4455 -0.5914
vt 0.0225 0.5194 -0.2439
vt 0.3099 0.5188 -0.2439
vt 0.3878 0.2221 -0.2439
vt 0.3374 0.5188 -0.2439
vt 0.4009 0.2327 -0.2439
vt 0.1290 0.5635 -0.2439
vt 0.7020 0.6696 -0.5914
vt 0.0933 0.5433 -0.2439
vt 0.1362 0.6105 -0.2439
vt 0.1671 0.5823 -0.2439
vt 0.0991 0.5917 -0.2439
vt 0.1450 0.6574 -0.2439
vt 0.1738 0.6272 -0.2439
vt 0.1074 0.6406 -0.2439
vt 0.1531 0.7048 -0.2439
vt 0.1836 0.6719 -0.2439
vt 0.1154 0.6899 -0.2439
vt 0.1615 0.7526 -0.2439
vt 0.1958 0.7159 -0.2439
vt 0.1209 0.7406 -0.2439
vt 0.1752 0.7992 -0.2439
vt 0.2109 0.7590 -0.2439
vt 0.1292 0.7912 -0.2439
vt 0.1957 0.8436 -0.2439
vt 0.2298 0.8006 -0.2439
vt 0.1462 0.8391 -0.2439
vt 0.2133 0.8862 -0.2439
vt 0.2518 0.8413 -0.2439
vt 0.1694 0.8850 -0.2439
vt 0.4812 0.2153 -0.2413
vt 0.5034 0.2414 -0.2413
vt 0.5330 0.2587 -0.2111
vt 0.5667 0.2648 -0.2111
vt 0.6004 0.2587 -0.2413
vt 0.6301 0.2414 -0.2413
vt 0.6522 0.2153 -0.2413
vt 0.6638 0.1833 -0.2413
vt 0.4696 0.1833 -0.2413
vt 0.2729 0.5900 -0.2439
vt 0.2992 0.5689 -0.2439
vt 0.7711 0.5605 0.0000
vt 0.2376 0.5765 -0.2439
vt 0.2040 0.5993 -0.2439
vt 0.7404 0.6244 0.0000
vt 0.0628 0.5704 -0.2439
vt 0.0397 0.5991 -0.2439
vt 0.0697 0.6215 -0.2439
vt 0.2773 0.6279 -0.2439
vt 0.3005 0.6050 -0.2439
vt 0.2411 0.6140 -0.2439
vt 0.2120 0.6419 -0.2439
vt 0.0485 0.6519 -0.2439
vt 0.0794 0.6724 -0.2439
vt 0.2847 0.6664 -0.2439
vt 0.3035 0.6418 -0.2439
vt 0.2498 0.6548 -0.2439
vt 0.2239 0.6839 -0.2439
vt 0.0602 0.7040 -0.2439
vt 0.0885 0.7237 -0.2439
vt 0.2982 0.7027 -0.2439
vt 0.3100 0.6788 -0.2439
vt 0.2639 0.6935 -0.2439
vt 0.2407 0.7237 -0.2439
vt 0.0740 0.7555 -0.2134
vt 0.0982 0.7752 -0.2439
vt 0.3153 0.7369 -0.2439
vt 0.3213 0.7140 -0.2439
vt 0.2829 0.7297 -0.2439
vt 0.2604 0.7619 -0.2439
vt 0.0908 0.8058 -0.2134
vt 0.1132 0.8252 -0.2439
vt 0.3358 0.7685 -0.2439
vt 0.3362 0.7472 -0.2439
vt 0.3054 0.7631 -0.2439
vt 0.2833 0.7981 -0.2439
vt 0.1113 0.8544 -0.2439
vt 0.1349 0.8726 -0.2439
vt 0.3531 0.7973 -0.2439
vt 0.3537 0.7785 -0.2439
vt 0.3279 0.7958 -0.2439
vt 0.3077 0.8293 -0.2439
vt 0.1348 0.9011 -0.2439
vt 0.1577 0.9139 -0.2439
vt 0.1532 0.9503 -0.2439
vt 0.1812 0.9145 -0.2439
vt 0.7310 0.5746 -0.1479
vt 0.6997 0.5740 -0.5175
vt 0.7058 0.6165 -0.5175
vt 0.7481 0.5317 -0.5175
vt 0.7143 0.5441 -0.5175
vt 0.7836 0.5164 -0.5914
vt 0.7482 0.5027 -0.5914
vt 0.7186 0.5155 -0.5914
vt 0.6602 0.5504 -0.5914
vt 0.6531 0.5543 -0.5914
vt 0.6774 0.5930 -0.5914
vt 0.6691 0.5376 -0.5914
vt 0.6630 0.5428 -0.5914
vt 0.6739 0.5229 -0.5914
vt 0.6693 0.5299 -0.5914
vt 0.1159 0.8810 -0.2439
vt 0.1235 0.9059 -0.2439
vt 0.1391 0.9273 -0.2439
vt 0.0935 0.8332 -0.2134
vt 0.1001 0.8591 -0.2439
vt 0.0736 0.7837 -0.0610
vt 0.0788 0.8103 0.0000
vt 0.0566 0.7327 -0.2134
vt 0.0603 0.7598 0.0000
vt 0.0427 0.6805 -0.2439
vt 0.0447 0.7079 -0.2439
vt 0.0320 0.6274 -0.2439
vt 0.0323 0.6549 -0.2439
vt 0.0250 0.5734 -0.2439
vt 0.0234 0.6010 -0.2439
vt 0.0349 0.5459 -0.2439
vt 0.0185 0.5466 -0.2439
vt 0.4401 0.2119 -0.2413
vt 0.4323 0.1663 -0.2413
vt 0.1437 0.9521 -0.2439
vt 0.4635 0.2523 -0.2413
vt 0.4995 0.2822 -0.2111
vt 0.5433 0.2987 -0.0603
vt 0.5901 0.2987 -0.2111
vt 0.6340 0.2822 -0.2413
vt 0.6699 0.2523 -0.2413
vt 0.6933 0.2119 -0.2413
vt 0.3102 0.5860 -0.2439
vt 0.3185 0.5679 -0.2439
vt 0.3104 0.5500 -0.2439
vt 0.3119 0.6213 -0.2439
vt 0.3184 0.6039 -0.2439
vt 0.3159 0.6581 -0.2439
vt 0.3209 0.6394 -0.2439
vt 0.3232 0.6938 -0.2439
vt 0.3259 0.6751 -0.2439
vt 0.3347 0.7280 -0.2439
vt 0.3343 0.7093 -0.2439
vt 0.3496 0.7601 -0.2439
vt 0.3471 0.7417 -0.2439
vt 0.3676 0.7897 -0.2439
vt 0.3633 0.7719 -0.2439
vt 0.3755 0.8063 -0.2439
vt 0.3821 0.7997 -0.2439
vt 0.3365 0.5871 -0.2439
vt 0.3609 0.5694 -0.2439
vt 0.3375 0.5506 -0.2439
vt 0.3359 0.6224 -0.2439
vt 0.3588 0.6064 -0.2439
vt 0.3367 0.6570 -0.2439
vt 0.3549 0.6406 -0.2439
vt 0.3411 0.6901 -0.2439
vt 0.3535 0.6724 -0.2439
vt 0.3508 0.7218 -0.2439
vt 0.3589 0.7024 -0.2439
vt 0.3647 0.7517 -0.2439
vt 0.3699 0.7312 -0.2439
vt 0.3819 0.7799 -0.2439
vt 0.3849 0.7589 -0.2439
vt 0.4026 0.7852 -0.2439
vt 0.2793 0.8844 -0.2439
vt 0.3451 0.8140 -0.2439
vt 0.3212 0.8790 -0.2439
vt 0.6716 0.5132 -0.5914
vt 0.6747 0.5031 -0.5914
vt 0.1565 0.9748 -0.2439
vt 0.7012 0.1663 -0.2413
vt 0.3187 0.5340 -0.2439
vt 0.3614 0.5344 -0.2439
vt 0.6562 0.4591 -0.5914
vt 0.6631 0.4710 -0.5914
vt 0.6671 0.4845 -0.5914
vt 0.6564 0.5471 -0.5914
vt 0.6467 0.5575 -0.5914
vt 0.6632 0.5352 -0.5914
vt 0.6671 0.5218 -0.5914
vt 0.6673 0.5031 -0.5914
vt 0.6500 0.4557 -0.5914
vt 0.6569 0.4664 -0.5914
vt 0.6616 0.4783 -0.5914
vt 0.6632 0.4938 -0.5914
vt 0.6501 0.5506 -0.5914
vt 0.6570 0.5398 -0.5914
vt 0.6617 0.5280 -0.5914
vt 0.6632 0.5125 -0.5914
vt 0.6513 0.4624 -0.5914
vt 0.6564 0.4733 -0.5914
vt 0.6596 0.4858 -0.5914
vt 0.6514 0.5439 -0.5914
vt 0.6454 0.5545 -0.5914
vt 0.6565 0.5329 -0.5914
vt 0.6596 0.5204 -0.5914
vt 0.6599 0.5031 -0.5914
vt 0.6007 0.4643 -0.5914
vt 0.6071 0.4750 -0.5914
vt 0.6159 0.4849 -0.5914
vt 0.6210 0.4964 -0.5914
vt 0.6008 0.5421 -0.5914
vt 0.6072 0.5314 -0.5914
vt 0.6159 0.5215 -0.5914
vt 0.6210 0.5099 -0.5914
vt 0.6261 0.4668 -0.5914
vt 0.6326 0.4772 -0.5914
vt 0.6380 0.4882 -0.5914
vt 0.6262 0.5396 -0.5914
vt 0.6217 0.5507 -0.5914
vt 0.6326 0.5291 -0.5914
vt 0.6380 0.5180 -0.5914
vt 0.6393 0.5031 -0.5914
vt 0.6413 0.4587 -0.5914
vt 0.6465 0.4695 -0.5914
vt 0.6512 0.4804 -0.5914
vt 0.6533 0.4945 -0.5914
vt 0.6414 0.5476 -0.5914
vt 0.6466 0.5368 -0.5914
vt 0.6513 0.5259 -0.5914
vt 0.6534 0.5117 -0.5914
vt 0.6601 0.4558 -0.5914
vt 0.6690 0.4687 -0.5914
vt 0.6739 0.4833 -0.5914
vt 0.6562 0.4299 -0.5914
vt 0.6749 0.5660 -0.5914
vt 0.6889 0.5483 -0.5914
vt 0.6951 0.5260 -0.5914
vt 0.6959 0.5031 -0.5914
vt 0.6573 0.4458 -0.5914
vt 0.6703 0.4578 -0.5914
vt 0.6782 0.4734 -0.5914
vt 0.6812 0.4924 -0.5914
vt 0.6575 0.5605 -0.5914
vt 0.6705 0.5484 -0.5914
vt 0.6783 0.5328 -0.5914
vt 0.6812 0.5138 -0.5914
vt 0.3649 0.2357 -0.2439
vt 0.3121 0.8499 -0.2439
vt 0.3648 0.8032 -0.2439
vt 0.3123 0.1889 -0.2439
vt 0.1586 0.1065 -0.2439
vt 0.1585 0.9323 -0.2439
vt 0.2341 0.9005 -0.2439
vt 0.2342 0.1383 -0.2439
vt 0.9068 0.7732 -0.3040
vt 0.9055 0.8106 -0.3040
vt 0.9035 0.8348 0.0000
vt 0.8908 0.8523 0.0000
vt 0.8716 0.8692 -0.3040
vt 0.8768 0.7126 -0.3040
vt 0.8950 0.7305 0.0000
vt 0.9066 0.7488 0.0000
vt 0.5318 0.7460 -0.3040
vt 0.5452 0.7318 -0.3040
vt 0.5603 0.7175 -0.3040
vt 0.5550 0.8393 -0.3040
vt 0.5412 0.8237 -0.3040
vt 0.5291 0.8083 -0.3040
vt 0.5273 0.7900 -0.3040
vt 0.5285 0.7641 -0.3040
vt 0.8530 0.7786 -0.3040
vt 0.8522 0.8016 -0.3040
vt 0.8467 0.8170 -0.3040
vt 0.8377 0.8300 -0.3040
vt 0.8291 0.8440 -0.3040
vt 0.8330 0.7351 -0.3040
vt 0.8406 0.7496 -0.3040
vt 0.8486 0.7630 -0.3040
vt 0.8979 0.7608 -0.2660
vt 0.8977 0.7916 -0.3040
vt 0.8957 0.8222 -0.2660
vt 0.8901 0.8384 -0.0760
vt 0.8739 0.8572 -0.2660
vt 0.8610 0.8677 -0.3040
vt 0.8784 0.7247 -0.2660
vt 0.8934 0.7444 -0.0760
vt 0.5798 0.7565 -0.3040
vt 0.5865 0.7431 -0.3040
vt 0.5927 0.7289 -0.3040
vt 0.5883 0.8308 -0.3040
vt 0.5834 0.8162 -0.3040
vt 0.5779 0.8022 -0.3040
vt 0.5758 0.7884 -0.3040
vt 0.5766 0.7701 -0.3040
vt 0.5351 0.7552 -0.3040
vt 0.5430 0.7417 -0.3040
vt 0.5584 0.7258 -0.3040
vt 0.5684 0.7151 -0.3040
vt 0.5539 0.8308 -0.3040
vt 0.5399 0.8136 -0.3040
vt 0.5332 0.7994 -0.3040
vt 0.5336 0.7773 -0.3040
vt 0.6305 0.7598 -0.3040
vt 0.6318 0.7464 -0.3040
vt 0.6332 0.7320 -0.3040
vt 0.6290 0.8313 -0.3040
vt 0.6288 0.8168 -0.3040
vt 0.6287 0.8034 -0.3040
vt 0.6285 0.7904 -0.3040
vt 0.6293 0.7728 -0.3040
vt 0.6028 0.7638 -0.3040
vt 0.6057 0.7530 -0.3040
vt 0.6101 0.7370 -0.3040
vt 0.6128 0.7255 -0.3040
vt 0.6064 0.8243 -0.3040
vt 0.6034 0.8080 -0.3040
vt 0.6014 0.7970 -0.3040
vt 0.6012 0.7804 -0.3040
vt 0.6874 0.7622 -0.3040
vt 0.6855 0.7493 -0.3040
vt 0.6843 0.7350 -0.3040
vt 0.6803 0.8329 -0.3040
vt 0.6827 0.8187 -0.3040
vt 0.6856 0.8061 -0.3040
vt 0.6865 0.7932 -0.3040
vt 0.6873 0.7752 -0.3040
vt 0.6563 0.7663 -0.3040
vt 0.6560 0.7556 -0.3040
vt 0.6548 0.7396 -0.3040
vt 0.6554 0.7281 -0.3040
vt 0.6513 0.8256 -0.3040
vt 0.6538 0.8098 -0.3040
vt 0.6549 0.7992 -0.3040
vt 0.6554 0.7827 -0.3040
vt 0.7751 0.7647 -0.3040
vt 0.7750 0.7526 -0.3040
vt 0.7745 0.7380 -0.3040
vt 0.7707 0.8375 -0.3040
vt 0.7723 0.8231 -0.3040
vt 0.7734 0.8112 -0.3040
vt 0.7737 0.7982 -0.3040
vt 0.7744 0.7780 -0.3040
vt 0.7295 0.7687 -0.3040
vt 0.7295 0.7589 -0.3040
vt 0.7288 0.7432 -0.3040
vt 0.7286 0.7313 -0.3040
vt 0.7254 0.8286 -0.3040
vt 0.7274 0.8132 -0.3040
vt 0.7281 0.8036 -0.3040
vt 0.7283 0.7862 -0.3040
vt 0.8170 0.7698 -0.3040
vt 0.8178 0.7893 -0.3040
vt 0.8155 0.8087 -0.3040
vt 0.8120 0.8184 -0.3040
vt 0.8065 0.8339 -0.3040
vt 0.8029 0.8455 -0.3040
vt 0.8099 0.7440 -0.3040
vt 0.8142 0.7598 -0.3040
vt 0.8730 0.7668 -0.3040
vt 0.8750 0.7908 -0.3040
vt 0.8712 0.8146 -0.3040
vt 0.8641 0.8280 -0.3040
vt 0.8518 0.8443 -0.3040
vt 0.8439 0.8547 -0.3040
vt 0.8556 0.7362 -0.3040
vt 0.8668 0.7531 -0.3040
vt 0.8879 0.7765 -0.3040
vt 0.8868 0.8059 -0.3040
vt 0.8827 0.8268 -0.2660
vt 0.8722 0.8429 -0.2660
vt 0.8598 0.8570 -0.3040
vt 0.8643 0.7241 -0.3040
vt 0.8759 0.7388 -0.2660
vt 0.8853 0.7554 -0.2660
vt 0.5581 0.7599 -0.3040
vt 0.5646 0.7476 -0.3040
vt 0.5753 0.7318 -0.3040
vt 0.5815 0.7211 -0.3040
vt 0.5713 0.8264 -0.3040
vt 0.5619 0.8097 -0.3040
vt 0.5565 0.7969 -0.3040
vt 0.5561 0.7783 -0.3040
vt 0.5467 0.7505 -0.3040
vt 0.5582 0.7361 -0.3040
vt 0.5695 0.7227 -0.3040
vt 0.5647 0.8350 -0.3040
vt 0.5545 0.8205 -0.3040
vt 0.5443 0.8051 -0.3040
vt 0.5415 0.7884 -0.3040
vt 0.5424 0.7669 -0.3040
vt 0.9790 0.1053 -0.6752
vt 0.9530 0.2480 -0.6752
vt 0.9240 0.2695 -0.6752
vt 0.8900 0.2845 -0.6752
vt 0.8523 0.2896 -0.5908
vt 0.8144 0.2832 -0.1688
vt 0.7801 0.2652 -0.5908
vt 0.7531 0.2372 -0.6752
vt 0.7366 0.1270 -0.6752
vt 0.7543 0.0915 -0.6752
vt 0.7808 0.0642 -0.5908
vt 0.8150 0.0463 -0.1688
vt 0.8529 0.0400 -0.5908
vt 0.8905 0.0452 -0.6752
vt 0.9245 0.0604 -0.6752
vt 0.9533 0.0820 -0.6752
vt 0.7359 0.2021 -0.6752
vt 0.7303 0.1660 -0.6752
vt 0.9446 0.2094 -0.6752
vt 0.9225 0.2317 -0.6752
vt 0.8974 0.2487 -0.6752
vt 0.8692 0.2580 -0.6752
vt 0.8396 0.2583 -0.6752
vt 0.8114 0.2494 -0.6752
vt 0.7873 0.2321 -0.6752
vt 0.7702 0.2075 -0.6752
vt 0.7612 0.1798 -0.6752
vt 0.7613 0.1509 -0.6752
vt 0.7711 0.1216 -0.6752
vt 0.7884 0.0972 -0.6752
vt 0.8119 0.0801 -0.6752
vt 0.8401 0.0713 -0.6752
vt 0.8696 0.0717 -0.6752
vt 0.8978 0.0811 -0.6752
vt 0.9228 0.0982 -0.6752
vt 0.9448 0.1206 -0.6752
vt 0.9681 0.2395 -0.6752
vt 0.9407 0.2622 -0.6752
vt 0.9086 0.2812 -0.6752
vt 0.8717 0.2916 -0.6752
vt 0.8326 0.2909 0.0000
vt 0.7951 0.2782 0.0000
vt 0.7633 0.2545 -0.6752
vt 0.7404 0.2215 -0.6752
vt 0.7286 0.1847 -0.6752
vt 0.7290 0.1461 -0.6752
vt 0.7415 0.1071 -0.6752
vt 0.7643 0.0746 -0.6752
vt 0.7958 0.0513 0.0000
vt 0.8332 0.0387 0.0000
vt 0.8722 0.0381 -0.6752
vt 0.9091 0.0487 -0.6752
vt 0.9411 0.0677 -0.6752
vt 0.9684 0.0906 -0.6752
vt 0.9681 0.1199 -0.6752
vt 0.9437 0.2342 -0.6752
vt 0.9172 0.2553 -0.6752
vt 0.8866 0.2696 -0.6752
vt 0.8531 0.2746 -0.6752
vt 0.8195 0.2691 -0.6752
vt 0.7892 0.2535 -0.6752
vt 0.7652 0.2289 -0.6752
vt 0.7507 0.1315 -0.6752
vt 0.7666 0.1000 -0.6752
vt 0.7899 0.0759 -0.6752
vt 0.8201 0.0604 -0.6752
vt 0.8536 0.0551 -0.6752
vt 0.8871 0.0602 -0.6752
vt 0.9176 0.0746 -0.6752
vt 0.9440 0.0958 -0.6752
vt 0.7503 0.1978 -0.6752
vt 0.7451 0.1660 -0.6752
vt 0.9626 0.2314 -0.6752
vt 0.9362 0.2542 -0.6752
vt 0.9058 0.2729 -0.6752
vt 0.8709 0.2831 -0.6752
vt 0.8342 0.2827 -0.5908
vt 0.7991 0.2710 -0.5908
vt 0.7693 0.2488 -0.6752
vt 0.7478 0.2179 -0.6752
vt 0.7368 0.1835 -0.6752
vt 0.7371 0.1474 -0.6752
vt 0.7489 0.1108 -0.6752
vt 0.7703 0.0803 -0.6752
vt 0.7997 0.0585 -0.5908
vt 0.8348 0.0469 -0.5908
vt 0.8715 0.0466 -0.6752
vt 0.9062 0.0569 -0.6752
vt 0.9366 0.0757 -0.6752
vt 0.9628 0.0987 -0.6752
vt 0.8980 0.1765 -0.6752
vt 0.8890 0.1897 -0.6752
vt 0.8779 0.1994 -0.6752
vt 0.8650 0.2053 -0.6752
vt 0.8510 0.2067 -0.6752
vt 0.8374 0.2035 -0.6752
vt 0.8259 0.1963 -0.6752
vt 0.8171 0.1852 -0.6752
vt 0.8121 0.1716 -0.6752
vt 0.8124 0.1577 -0.6752
vt 0.8174 0.1444 -0.6752
vt 0.8259 0.1334 -0.6752
vt 0.8375 0.1261 -0.6752
vt 0.8511 0.1229 -0.6752
vt 0.8650 0.1243 -0.6752
vt 0.8780 0.1302 -0.6752
vt 0.8891 0.1400 -0.6752
vt 0.8981 0.1532 -0.6752
vt 0.9346 0.1482 -0.6752
vt 0.9188 0.2032 -0.6752
vt 0.9010 0.2207 -0.6752
vt 0.8801 0.2325 -0.6752
vt 0.8572 0.2374 -0.6752
vt 0.8339 0.2348 -0.6752
vt 0.8128 0.2250 -0.6752
vt 0.7961 0.2090 -0.6752
vt 0.7850 0.1876 -0.6752
vt 0.7812 0.1651 -0.6752
vt 0.7855 0.1418 -0.6752
vt 0.7968 0.1205 -0.6752
vt 0.8131 0.1045 -0.6752
vt 0.8342 0.0948 -0.6752
vt 0.8574 0.0923 -0.6752
vt 0.8803 0.0972 -0.6752
vt 0.9011 0.1091 -0.6752
vt 0.9190 0.1266 -0.6752
vt 0.3067 0.5042 -0.2439
vt 0.2013 0.4788 -0.2439
vt 0.2728 0.4835 -0.2439
vt 0.4297 0.1424 -0.2413
vt 0.4460 0.0972 -0.2413
vt 0.4773 0.0604 -0.2413
vt 0.5191 0.0360 0.0000
vt 0.5667 0.0272 0.0000
vt 0.6143 0.0360 -0.2413
vt 0.6562 0.0604 -0.2413
vt 0.6875 0.0972 -0.2413
vt 0.1529 0.4999 -0.2439
vt 0.7038 0.1424 -0.2413
vt 0.2594 0.9220 -0.2439
vt 0.3839 0.8216 -0.2439
vt 0.1628 0.9736 -0.2439
vt 0.6719 0.6356 -0.5914
vt 0.6474 0.5608 -0.5914
vt 0.3877 0.8168 -0.2439
vt 0.4008 0.8062 -0.2439
vt 0.1529 0.5389 -0.2439
vt 0.2727 0.5554 -0.2439
vt 0.2013 0.5600 -0.2439
vt 0.3066 0.5339 -0.2439
vt 0.4460 0.2354 -0.2413
vt 0.4773 0.2723 -0.2413
vt 0.5191 0.2967 0.0000
vt 0.5667 0.3055 0.0000
vt 0.6143 0.2967 -0.2413
vt 0.6562 0.2723 -0.2413
vt 0.6875 0.2354 -0.2413
vt 0.7038 0.1903 -0.2413
vt 0.4297 0.1903 -0.2413
vt 0.3213 0.1598 -0.2439
vt 0.1566 0.0640 -0.2439
vt 0.6465 0.4488 -0.5914
vt 0.6452 0.4518 -0.5914
vt 0.6216 0.4557 -0.5914
vt 0.6564 0.5763 -0.5914
vt 0.1649 0.0867 -0.2439
vt 0.1648 0.9521 -0.2439
vt 0.1714 0.9249 -0.2439
vt 0.1962 0.9227 -0.2439
vt 0.2215 0.9344 -0.2439
vt 0.2216 0.1045 -0.2439
vt 0.1963 0.1161 -0.2439
vt 0.1715 0.1139 -0.2439
vt 0.3580 0.2298 -0.2439
vt 0.3484 0.2119 -0.2439
vt 0.3484 0.1902 -0.2439
vt 0.3483 0.8486 -0.2439
vt 0.3483 0.8269 -0.2439
vt 0.3579 0.8090 -0.2439
vt 0.3730 0.8148 -0.2439
vt 0.3731 0.2241 -0.2439
vt 0.8661 0.7134 -0.3040
vt 0.5628 0.8424 -0.3040
vt 0.6081 0.8360 -0.3040
vt 0.6508 0.8372 -0.3040
vt 0.7243 0.8404 -0.3040
vt 0.8070 0.7321 -0.3040
vt 0.8483 0.7253 -0.3040
vt 0.5765 0.8376 -0.3040
vt 0.9788 0.2248 -0.6752
vt 0.9679 0.2101 -0.6752
vt 0.9345 0.1817 -0.6752
# 1472 texture coords

o Obj3d66_1048808_7_648
g Obj3d66_1048808_7_648
usemtl Standardmaterial
f 352/423/1 816/887/2 17/17/3 692/763/4 
f 819/1418/5 352/423/6 692/763/7 18/18/8 
f 352/423/9 819/1418/10 83/83/11 826/897/12 
f 816/887/13 352/423/14 826/897/15 80/80/16 
f 353/424/17 716/787/18 20/20/19 693/764/20 
f 715/786/21 353/424/22 693/764/23 21/21/24 
f 353/424/25 715/786/26 18/18/27 692/763/28 
f 716/787/29 353/424/30 692/763/31 17/17/32 
f 354/425/33 719/790/34 23/23/35 696/767/36 
f 718/789/37 354/425/38 696/767/39 24/24/40 
f 354/425/41 718/789/42 21/21/43 693/764/44 
f 719/790/45 354/425/46 693/764/47 20/20/48 
f 355/426/49 722/793/50 26/26/51 699/770/52 
f 721/792/53 355/426/54 699/770/55 27/27/56 
f 355/426/57 721/792/58 24/24/59 696/767/60 
f 722/793/61 355/426/62 696/767/63 23/23/64 
f 356/427/65 725/796/66 29/29/67 702/773/68 
f 724/795/69 356/427/70 702/773/71 30/30/72 
f 356/427/73 724/795/74 27/27/75 699/770/76 
f 725/796/77 356/427/78 699/770/79 26/26/80 
f 357/428/81 728/799/82 32/32/83 705/776/84 
f 727/798/85 357/428/86 705/776/87 33/33/88 
f 357/428/89 727/798/90 30/30/91 702/773/92 
f 728/799/93 357/428/94 702/773/95 29/29/96 
f 358/429/97 731/802/98 35/35/99 708/779/100 
f 730/801/101 358/429/102 708/779/103 36/36/104 
f 358/429/105 730/801/106 33/33/107 705/776/108 
f 731/802/109 358/429/110 705/776/111 32/32/112 
f 359/430/113 734/805/114 38/38/115 711/782/116 
f 733/804/117 359/430/118 711/782/119 39/39/120 
f 359/430/121 733/804/122 36/36/123 708/779/124 
f 734/805/125 359/430/126 708/779/127 35/35/128 
f 360/431/129 714/785/130 22/22/131 695/766/132 
f 673/744/133 360/431/134 695/766/135 10/10/136 
f 360/431/137 673/744/138 9/9/139 737/1409/140 
f 714/785/141 360/431/142 737/1409/143 19/19/144 
f 361/432/145 715/786/146 21/21/147 694/765/148 
f 714/785/149 361/432/150 694/765/151 22/22/152 
f 361/432/153 714/785/154 19/19/155 736/1408/156 
f 715/786/157 361/432/158 736/1408/159 18/18/160 
f 362/433/161 716/787/162 17/17/163 669/740/164 
f 671/742/165 362/433/166 669/740/167 1/1/168 
f 362/433/169 671/742/170 2/2/171 672/743/172 
f 716/787/173 362/433/174 672/743/175 20/20/176 
f 363/434/177 717/788/178 25/25/179 698/769/180 
f 676/747/181 363/434/182 698/769/183 11/11/184 
f 363/434/185 676/747/186 10/10/187 695/766/188 
f 717/788/189 363/434/190 695/766/191 22/22/192 
f 364/435/193 718/789/194 24/24/195 697/768/196 
f 717/788/197 364/435/198 697/768/199 25/25/200 
f 364/435/201 717/788/202 22/22/203 694/765/204 
f 718/789/205 364/435/206 694/765/207 21/21/208 
f 365/436/209 719/790/210 20/20/211 672/743/212 
f 674/745/213 365/436/214 672/743/215 2/2/216 
f 365/436/217 674/745/218 3/3/219 675/746/220 
f 719/790/221 365/436/222 675/746/223 23/23/224 
f 366/437/225 720/791/226 28/28/227 701/772/228 
f 679/750/229 366/437/230 701/772/231 12/12/232 
f 366/437/233 679/750/234 11/11/235 698/769/236 
f 720/791/237 366/437/238 698/769/239 25/25/240 
f 367/438/241 721/792/242 27/27/243 700/771/244 
f 720/791/245 367/438/246 700/771/247 28/28/248 
f 367/438/249 720/791/250 25/25/251 697/768/252 
f 721/792/253 367/438/254 697/768/255 24/24/256 
f 368/439/257 722/793/258 23/23/259 675/746/260 
f 677/748/261 368/439/262 675/746/263 3/3/264 
f 368/439/265 677/748/266 4/4/267 678/749/268 
f 722/793/269 368/439/270 678/749/271 26/26/272 
f 369/440/273 723/794/274 31/31/275 704/775/276 
f 682/753/277 369/440/278 704/775/279 13/13/280 
f 369/440/281 682/753/282 12/12/283 701/772/284 
f 723/794/285 369/440/286 701/772/287 28/28/288 
f 370/441/289 724/795/290 30/30/291 703/774/292 
f 723/794/293 370/441/294 703/774/295 31/31/296 
f 370/441/297 723/794/298 28/28/299 700/771/300 
f 724/795/301 370/441/302 700/771/303 27/27/304 
f 371/442/305 725/796/306 26/26/307 678/749/308 
f 680/751/309 371/442/310 678/749/311 4/4/312 
f 371/442/313 680/751/314 5/5/315 681/752/316 
f 725/796/317 371/442/318 681/752/319 29/29/320 
f 372/443/321 726/797/322 34/34/323 707/778/324 
f 685/756/325 372/443/326 707/778/327 14/14/328 
f 372/443/329 685/756/330 13/13/331 704/775/332 
f 726/797/333 372/443/334 704/775/335 31/31/336 
f 373/444/337 727/798/338 33/33/339 706/777/340 
f 726/797/341 373/444/342 706/777/343 34/34/344 
f 373/444/345 726/797/346 31/31/347 703/774/348 
f 727/798/349 373/444/350 703/774/351 30/30/352 
f 374/445/353 728/799/354 29/29/355 681/752/356 
f 683/754/357 374/445/358 681/752/359 5/5/360 
f 374/445/361 683/754/362 6/6/363 684/755/364 
f 728/799/365 374/445/366 684/755/367 32/32/368 
f 375/446/369 729/800/370 37/37/371 710/781/372 
f 688/759/373 375/446/374 710/781/375 15/15/376 
f 375/446/377 688/759/378 14/14/379 707/778/380 
f 729/800/381 375/446/382 707/778/383 34/34/384 
f 376/447/385 730/801/386 36/36/387 709/780/388 
f 729/800/389 376/447/390 709/780/391 37/37/392 
f 376/447/393 729/800/394 34/34/395 706/777/396 
f 730/801/397 376/447/398 706/777/399 33/33/400 
f 377/448/401 731/802/402 32/32/403 684/755/404 
f 686/757/405 377/448/406 684/755/407 6/6/408 
f 377/448/409 686/757/410 7/7/411 687/758/412 
f 731/802/413 377/448/414 687/758/415 35/35/416 
f 378/449/417 732/803/418 40/40/419 713/784/420 
f 691/762/421 378/449/422 713/784/423 16/16/424 
f 378/449/425 691/762/426 15/15/427 710/781/428 
f 732/803/429 378/449/430 710/781/431 37/37/432 
f 379/450/433 733/804/434 39/39/435 712/783/436 
f 732/803/437 379/450/438 712/783/439 40/40/440 
f 379/450/441 732/803/442 37/37/443 709/780/444 
f 733/804/445 379/450/446 709/780/447 36/36/448 
f 380/451/449 734/805/450 35/35/451 687/758/452 
f 689/760/453 380/451/454 687/758/455 7/7/456 
f 380/451/457 689/760/458 8/8/459 690/761/460 
f 734/805/461 380/451/462 690/761/463 38/38/464 
f 381/452/465 735/806/466 38/38/467 690/761/468 
f 1070/1141/469 381/452/470 690/761/471 8/8/472 
f 381/452/473 1070/1141/474 82/82/475 1081/1453/476 
f 735/806/477 381/452/478 1081/1453/479 216/216/480 
f 382/453/481 741/812/482 18/369/483 736/807/484 
f 742/813/485 382/453/486 736/807/487 19/370/488 
f 382/453/489 742/813/490 45/45/491 748/819/492 
f 741/812/493 382/453/494 748/819/495 44/44/496 
f 383/454/497 742/813/498 19/370/499 737/808/500 
f 743/814/501 383/454/502 737/808/503 9/368/504 
f 383/454/505 743/814/506 46/46/507 749/820/508 
f 742/813/509 383/454/510 749/820/511 45/45/512 
f 384/455/513 743/814/514 9/368/515 670/741/516 
f 924/995/517 384/455/518 670/741/519 143/143/520 
f 384/455/521 924/995/522 144/144/523 821/892/524 
f 743/814/525 384/455/526 821/892/527 46/46/528 
f 385/456/529 747/818/530 44/44/531 744/815/532 
f 1058/1129/533 385/456/534 744/815/535 202/202/536 
f 385/456/537 1058/1129/538 205/205/539 1053/1124/540 
f 747/818/541 385/456/542 1053/1124/543 84/84/544 
f 386/457/545 748/819/546 45/45/547 745/816/548 
f 1059/1130/549 386/457/550 745/816/551 203/203/552 
f 386/457/553 1059/1130/554 202/202/555 744/815/556 
f 748/819/557 386/457/558 744/815/559 44/44/560 
f 387/458/561 749/820/562 46/46/563 746/817/564 
f 1060/1131/565 387/458/566 746/817/567 204/204/568 
f 387/458/569 1060/1131/570 203/203/571 745/816/572 
f 749/820/573 387/458/574 745/816/575 45/45/576 
f 388/459/577 758/829/578 8/8/579 689/760/580 
f 759/830/581 388/459/582 689/760/583 7/7/584 
f 388/459/585 759/830/586 56/56/587 775/846/588 
f 758/829/589 388/459/590 775/846/591 55/55/592 
f 389/460/593 759/830/594 7/7/595 686/757/596 
f 760/831/597 389/460/598 686/757/599 6/6/600 
f 389/460/601 760/831/602 57/57/603 776/847/604 
f 759/830/605 389/460/606 776/847/607 56/56/608 
f 390/461/609 760/831/610 6/6/611 683/754/612 
f 761/832/613 390/461/614 683/754/615 5/5/616 
f 390/461/617 761/832/618 58/58/619 777/848/620 
f 760/831/621 390/461/622 777/848/623 57/57/624 
f 391/462/625 761/832/626 5/5/627 680/751/628 
f 762/833/629 391/462/630 680/751/631 4/4/632 
f 391/462/633 762/833/634 59/59/635 778/849/636 
f 761/832/637 391/462/638 778/849/639 58/58/640 
f 392/463/641 762/833/642 4/4/643 677/748/644 
f 763/834/645 392/463/646 677/748/647 3/3/648 
f 392/463/649 763/834/650 60/60/651 779/850/652 
f 762/833/653 392/463/654 779/850/655 59/59/656 
f 393/464/657 763/834/658 3/3/659 674/745/660 
f 764/835/661 393/464/662 674/745/663 2/2/664 
f 393/464/665 764/835/666 61/61/667 780/851/668 
f 763/834/669 393/464/670 780/851/671 60/60/672 
f 394/465/673 764/835/674 2/2/675 671/742/676 
f 765/836/677 394/465/678 671/742/679 1/1/680 
f 394/465/681 765/836/682 62/62/683 781/852/684 
f 764/835/685 394/465/686 781/852/687 61/61/688 
f 395/466/689 765/836/690 1/1/691 668/739/692 
f 833/904/693 395/466/694 668/739/695 157/157/696 
f 395/466/697 833/904/698 85/85/699 823/894/700 
f 765/836/701 395/466/702 823/894/703 62/62/704 
f 396/467/705 774/1410/706 55/371/707 766/837/708 
f 822/893/709 396/467/710 766/837/711 47/47/712 
f 396/467/713 822/893/714 114/114/715 951/1022/716 
f 774/1410/717 396/467/718 951/1022/719 158/158/720 
f 397/468/721 775/1411/722 56/372/723 767/838/724 
f 750/821/725 397/468/726 767/838/727 48/48/728 
f 397/468/729 750/821/730 47/47/731 766/837/732 
f 775/1411/733 397/468/734 766/837/735 55/371/736 
f 398/469/737 776/1412/738 57/373/739 768/839/740 
f 751/822/741 398/469/742 768/839/743 49/49/744 
f 398/469/745 751/822/746 48/48/747 767/838/748 
f 776/1412/749 398/469/750 767/838/751 56/372/752 
f 399/470/753 777/1413/754 58/374/755 769/840/756 
f 752/823/757 399/470/758 769/840/759 50/50/760 
f 399/470/761 752/823/762 49/49/763 768/839/764 
f 777/1413/765 399/470/766 768/839/767 57/373/768 
f 400/471/769 778/1414/770 59/375/771 770/841/772 
f 753/824/773 400/471/774 770/841/775 51/51/776 
f 400/471/777 753/824/778 50/50/779 769/840/780 
f 778/1414/781 400/471/782 769/840/783 58/374/784 
f 401/472/785 779/1415/786 60/376/787 771/842/788 
f 754/825/789 401/472/790 771/842/791 52/52/792 
f 401/472/793 754/825/794 51/51/795 770/841/796 
f 779/1415/797 401/472/798 770/841/799 59/375/800 
f 402/473/801 780/1416/802 61/377/803 772/843/804 
f 755/826/805 402/473/806 772/843/807 53/53/808 
f 402/473/809 755/826/810 52/52/811 771/842/812 
f 780/1416/813 402/473/814 771/842/815 60/376/816 
f 403/474/817 781/1417/818 62/378/819 773/844/820 
f 756/827/821 403/474/822 773/844/823 54/54/824 
f 403/474/825 756/827/826 53/53/827 772/843/828 
f 781/1417/829 403/474/830 772/843/831 61/377/832 
f 404/475/833 782/853/834 9/9/835 673/744/836 
f 783/854/837 404/475/838 673/744/839 10/10/840 
f 404/475/841 783/854/842 64/64/843 791/862/844 
f 782/853/845 404/475/846 791/862/847 63/63/848 
f 405/476/849 783/854/850 10/10/851 676/747/852 
f 784/855/853 405/476/854 676/747/855 11/11/856 
f 405/476/857 784/855/858 65/65/859 792/863/860 
f 783/854/861 405/476/862 792/863/863 64/64/864 
f 406/477/865 784/855/866 11/11/867 679/750/868 
f 785/856/869 406/477/870 679/750/871 12/12/872 
f 406/477/873 785/856/874 66/66/875 793/864/876 
f 784/855/877 406/477/878 793/864/879 65/65/880 
f 407/478/881 785/856/882 12/12/883 682/753/884 
f 786/857/885 407/478/886 682/753/887 13/13/888 
f 407/478/889 786/857/890 67/67/891 794/865/892 
f 785/856/893 407/478/894 794/865/895 66/66/896 
f 408/479/897 786/857/898 13/13/899 685/756/900 
f 787/858/901 408/479/902 685/756/903 14/14/904 
f 408/479/905 787/858/906 68/68/907 795/866/908 
f 786/857/909 408/479/910 795/866/911 67/67/912 
f 409/480/913 787/858/914 14/14/915 688/759/916 
f 788/859/917 409/480/918 688/759/919 15/15/920 
f 409/480/921 788/859/922 69/69/923 796/867/924 
f 787/858/925 409/480/926 796/867/927 68/68/928 
f 410/481/929 788/859/930 15/15/931 691/762/932 
f 789/860/933 410/481/934 691/762/935 16/16/936 
f 410/481/937 789/860/938 70/70/939 797/868/940 
f 788/859/941 410/481/942 797/868/943 69/69/944 
f 411/482/945 789/860/946 16/16/947 815/886/948 
f 835/906/949 411/482/950 815/886/951 79/79/952 
f 411/482/953 835/906/954 87/87/955 824/895/956 
f 789/860/957 411/482/958 824/895/959 70/70/960 
f 412/483/961 798/869/962 63/63/963 791/862/964 
f 799/870/965 412/483/966 791/862/967 64/64/968 
f 412/483/969 799/870/970 72/72/971 807/878/972 
f 798/869/973 412/483/974 807/878/975 71/71/976 
f 413/484/977 799/870/978 64/64/979 792/863/980 
f 800/871/981 413/484/982 792/863/983 65/65/984 
f 413/484/985 800/871/986 73/73/987 808/879/988 
f 799/870/989 413/484/990 808/879/991 72/72/992 
f 414/485/993 800/871/994 65/65/995 793/864/996 
f 801/872/997 414/485/998 793/864/999 66/66/1000 
f 414/485/1001 801/872/1002 74/74/1003 809/880/1004 
f 800/871/1005 414/485/1006 809/880/1007 73/73/1008 
f 415/486/1009 801/872/1010 66/66/1011 794/865/1012 
f 802/873/1013 415/486/1014 794/865/1015 67/67/1016 
f 415/486/1017 802/873/1018 75/75/1019 810/881/1020 
f 801/872/1021 415/486/1022 810/881/1023 74/74/1024 
f 416/487/1025 802/873/1026 67/67/1027 795/866/1028 
f 803/874/1029 416/487/1030 795/866/1031 68/68/1032 
f 416/487/1033 803/874/1034 76/76/1035 811/882/1036 
f 802/873/1037 416/487/1038 811/882/1039 75/75/1040 
f 417/488/1041 803/874/1042 68/68/1043 796/867/1044 
f 804/875/1045 417/488/1046 796/867/1047 69/69/1048 
f 417/488/1049 804/875/1050 77/77/1051 812/883/1052 
f 803/874/1053 417/488/1054 812/883/1055 76/76/1056 
f 418/489/1057 804/875/1058 69/69/1059 797/868/1060 
f 805/876/1061 418/489/1062 797/868/1063 70/70/1064 
f 418/489/1065 805/876/1066 78/78/1067 813/884/1068 
f 804/875/1069 418/489/1070 813/884/1071 77/77/1072 
f 419/490/1073 805/876/1074 70/70/1075 824/895/1076 
f 837/908/1077 419/490/1078 824/895/1079 87/87/1080 
f 419/490/1081 837/908/1082 88/88/1083 825/896/1084 
f 805/876/1085 419/490/1086 825/896/1087 78/78/1088 
f 420/491/1089 827/898/1090 81/81/1091 818/889/1092 
f 1073/1144/1093 420/491/1094 818/889/1095 39/39/1096 
f 420/491/1097 1073/1144/1098 215/215/1099 1079/1451/1100 
f 827/898/1101 420/491/1102 1079/1451/1103 214/214/1104 
f 421/492/1105 828/899/1106 157/157/1107 668/739/1108 
f 669/740/1109 421/492/1110 668/739/1111 1/1/1112 
f 421/492/1113 669/740/1114 17/17/1115 816/887/1116 
f 828/899/1117 421/492/1118 816/887/1119 80/80/1120 
f 422/493/1121 829/900/1122 79/79/1123 815/886/1124 
f 1066/1137/1125 422/493/1126 815/886/1127 16/16/1128 
f 422/493/1129 1066/1137/1130 175/175/1131 1089/1461/1132 
f 829/900/1133 422/493/1134 1089/1461/1135 223/223/1136 
f 423/494/1137 995/1440/1138 219/219/1139 1084/1456/1140 
f 1069/1140/1141 423/494/1142 1084/1456/1143 218/218/1144 
f 423/494/1145 1069/1140/1146 39/39/1147 818/889/1148 
f 995/1440/1149 423/494/1150 818/889/1151 81/81/1152 
f 424/495/1153 831/902/1154 83/379/1155 819/890/1156 
f 741/812/1157 424/495/1158 819/890/1159 18/369/1160 
f 424/495/1161 741/812/1162 44/44/1163 747/818/1164 
f 831/902/1165 424/495/1166 747/818/1167 84/84/1168 
f 425/496/1169 997/1068/1170 176/176/1171 820/891/1172 
f 1052/1123/1173 425/496/1174 820/891/1175 43/43/1176 
f 425/496/1177 1052/1123/1178 204/204/1179 1061/1132/1180 
f 997/1068/1181 425/496/1182 1061/1132/1183 209/209/1184 
f 426/497/1185 998/1441/1186 139/139/1187 814/885/1188 
f 758/829/1189 426/497/1190 814/885/1191 8/8/1192 
f 426/497/1193 758/829/1194 55/55/1195 774/845/1196 
f 998/1441/1197 426/497/1198 774/845/1199 158/396/1200 
f 427/498/1201 999/1070/1202 113/113/1203 757/828/1204 
f 773/844/1205 427/498/1206 757/828/1207 54/54/1208 
f 427/498/1209 773/844/1210 62/378/1211 823/1419/1212 
f 999/1070/1213 427/498/1214 823/1419/1215 85/382/1216 
f 428/499/1217 834/905/1218 143/386/1219 670/1407/1220 
f 782/853/1221 428/499/1222 670/1407/1223 9/9/1224 
f 428/499/1225 782/853/1226 63/63/1227 790/861/1228 
f 834/905/1229 428/499/1230 790/861/1231 86/86/1232 
f 429/500/1233 836/907/1234 86/86/1235 790/861/1236 
f 798/869/1237 429/500/1238 790/861/1239 63/63/1240 
f 429/500/1241 798/869/1242 71/71/1243 806/877/1244 
f 836/907/1245 429/500/1246 806/877/1247 177/177/1248 
f 430/501/1249 838/909/1250 89/89/1251 840/911/1252 
f 826/897/1253 430/501/1254 840/911/1255 80/80/1256 
f 430/501/1257 826/897/1258 83/83/1259 839/1427/1260 
f 838/909/1261 430/501/1262 839/1427/1263 90/90/1264 
f 431/502/1265 841/912/1266 91/91/1267 843/914/1268 
f 838/909/1269 431/502/1270 843/914/1271 89/89/1272 
f 431/502/1273 838/909/1274 90/90/1275 842/913/1276 
f 841/912/1277 431/502/1278 842/913/1279 92/92/1280 
f 432/503/1281 844/915/1282 93/93/1283 846/917/1284 
f 841/912/1285 432/503/1286 846/917/1287 91/91/1288 
f 432/503/1289 841/912/1290 92/92/1291 845/916/1292 
f 844/915/1293 432/503/1294 845/916/1295 94/94/1296 
f 433/504/1297 847/918/1298 95/95/1299 849/920/1300 
f 844/915/1301 433/504/1302 849/920/1303 93/93/1304 
f 433/504/1305 844/915/1306 94/94/1307 848/919/1308 
f 847/918/1309 433/504/1310 848/919/1311 96/96/1312 
f 434/505/1313 850/921/1314 97/97/1315 852/923/1316 
f 847/918/1317 434/505/1318 852/923/1319 95/95/1320 
f 434/505/1321 847/918/1322 96/96/1323 851/922/1324 
f 850/921/1325 434/505/1326 851/922/1327 98/98/1328 
f 435/506/1329 853/924/1330 99/99/1331 855/926/1332 
f 850/921/1333 435/506/1334 855/926/1335 97/97/1336 
f 435/506/1337 850/921/1338 98/98/1339 854/925/1340 
f 853/924/1341 435/506/1342 854/925/1343 100/100/1344 
f 436/507/1345 856/927/1346 101/101/1347 858/929/1348 
f 853/924/1349 436/507/1350 858/929/1351 99/99/1352 
f 436/507/1353 853/924/1354 100/100/1355 857/928/1356 
f 856/927/1357 436/507/1358 857/928/1359 102/102/1360 
f 437/508/1361 859/930/1362 103/103/1363 861/932/1364 
f 856/927/1365 437/508/1366 861/932/1367 101/101/1368 
f 437/508/1369 856/927/1370 102/102/1371 860/931/1372 
f 859/930/1373 437/508/1374 860/931/1375 104/104/1376 
f 438/509/1377 862/933/1378 105/105/1379 870/941/1380 
f 822/893/1381 438/509/1382 870/941/1383 114/114/1384 
f 438/509/1385 822/893/1386 47/47/1387 750/821/1388 
f 751/822/1389 438/509/1390 750/821/1391 48/48/1392 
f 438/509/1393 751/822/1394 49/49/1395 752/823/1396 
f 753/824/1397 438/509/1398 752/823/1399 50/50/1400 
f 438/509/1401 753/824/1402 51/51/1403 754/825/1404 
f 755/826/1405 438/509/1406 754/825/1407 52/52/1408 
f 438/509/1409 755/826/1410 53/53/1411 756/827/1412 
f 757/828/1413 438/509/1414 756/827/1415 54/54/1416 
f 438/509/1417 757/828/1418 113/113/1419 869/940/1420 
f 868/939/1421 438/509/1422 869/940/1423 112/112/1424 
f 438/509/1425 868/939/1426 111/111/1427 867/938/1428 
f 866/937/1429 438/509/1430 867/938/1431 110/110/1432 
f 438/509/1433 866/937/1434 109/109/1435 865/936/1436 
f 864/935/1437 438/509/1438 865/936/1439 108/108/1440 
f 438/509/1441 864/935/1442 107/107/1443 863/934/1444 
f 862/933/1445 438/509/1446 863/934/1447 106/106/1448 
f 439/510/1449 871/942/1450 115/115/1451 874/945/1452 
f 873/1428/1453 439/510/1454 874/945/1455 118/118/1456 
f 439/510/1457 873/1428/1458 117/117/1459 872/943/1460 
f 871/942/1461 439/510/1462 872/943/1463 116/116/1464 
f 440/511/1465 875/946/1466 92/92/1467 842/913/1468 
f 876/1429/1469 440/511/1470 842/913/1471 90/90/1472 
f 440/511/1473 876/1429/1474 118/118/1475 874/945/1476 
f 875/946/1477 440/511/1478 874/945/1479 115/115/1480 
f 441/512/1481 877/948/1482 89/89/1483 843/914/1484 
f 879/950/1485 441/512/1486 843/914/1487 91/91/1488 
f 441/512/1489 879/950/1490 120/120/1491 878/949/1492 
f 877/948/1493 441/512/1494 878/949/1495 119/119/1496 
f 442/513/1497 880/951/1498 121/121/1499 882/953/1500 
f 871/942/1501 442/513/1502 882/953/1503 115/115/1504 
f 442/513/1505 871/942/1506 116/116/1507 881/952/1508 
f 880/951/1509 442/513/1510 881/952/1511 122/122/1512 
f 443/514/1513 883/954/1514 94/94/1515 845/916/1516 
f 875/946/1517 443/514/1518 845/916/1519 92/92/1520 
f 443/514/1521 875/946/1522 115/115/1523 882/953/1524 
f 883/954/1525 443/514/1526 882/953/1527 121/121/1528 
f 444/515/1529 879/950/1530 91/91/1531 846/917/1532 
f 885/956/1533 444/515/1534 846/917/1535 93/93/1536 
f 444/515/1537 885/956/1538 123/123/1539 884/955/1540 
f 879/950/1541 444/515/1542 884/955/1543 120/120/1544 
f 445/516/1545 886/957/1546 124/124/1547 888/959/1548 
f 880/951/1549 445/516/1550 888/959/1551 121/121/1552 
f 445/516/1553 880/951/1554 122/122/1555 887/958/1556 
f 886/957/1557 445/516/1558 887/958/1559 125/125/1560 
f 446/517/1561 889/960/1562 96/96/1563 848/919/1564 
f 883/954/1565 446/517/1566 848/919/1567 94/94/1568 
f 446/517/1569 883/954/1570 121/121/1571 888/959/1572 
f 889/960/1573 446/517/1574 888/959/1575 124/124/1576 
f 447/518/1577 885/956/1578 93/93/1579 849/920/1580 
f 891/962/1581 447/518/1582 849/920/1583 95/95/1584 
f 447/518/1585 891/962/1586 126/126/1587 890/961/1588 
f 885/956/1589 447/518/1590 890/961/1591 123/123/1592 
f 448/519/1593 892/963/1594 127/127/1595 894/965/1596 
f 886/957/1597 448/519/1598 894/965/1599 124/124/1600 
f 448/519/1601 886/957/1602 125/125/1603 893/964/1604 
f 892/963/1605 448/519/1606 893/964/1607 128/128/1608 
f 449/520/1609 895/966/1610 98/98/1611 851/922/1612 
f 889/960/1613 449/520/1614 851/922/1615 96/96/1616 
f 449/520/1617 889/960/1618 124/124/1619 894/965/1620 
f 895/966/1621 449/520/1622 894/965/1623 127/127/1624 
f 450/521/1625 891/962/1626 95/95/1627 852/923/1628 
f 897/968/1629 450/521/1630 852/923/1631 97/97/1632 
f 450/521/1633 897/968/1634 129/129/1635 896/967/1636 
f 891/962/1637 450/521/1638 896/967/1639 126/126/1640 
f 451/522/1641 898/969/1642 130/130/1643 900/971/1644 
f 892/963/1645 451/522/1646 900/971/1647 127/127/1648 
f 451/522/1649 892/963/1650 128/128/1651 899/970/1652 
f 898/969/1653 451/522/1654 899/970/1655 131/131/1656 
f 452/523/1657 901/972/1658 100/100/1659 854/925/1660 
f 895/966/1661 452/523/1662 854/925/1663 98/98/1664 
f 452/523/1665 895/966/1666 127/127/1667 900/971/1668 
f 901/972/1669 452/523/1670 900/971/1671 130/130/1672 
f 453/524/1673 897/968/1674 97/97/1675 855/926/1676 
f 903/974/1677 453/524/1678 855/926/1679 99/99/1680 
f 453/524/1681 903/974/1682 132/132/1683 902/973/1684 
f 897/968/1685 453/524/1686 902/973/1687 129/129/1688 
f 454/525/1689 904/975/1690 133/133/1691 906/977/1692 
f 898/969/1693 454/525/1694 906/977/1695 130/130/1696 
f 454/525/1697 898/969/1698 131/131/1699 905/976/1700 
f 904/975/1701 454/525/1702 905/976/1703 134/134/1704 
f 455/526/1705 907/978/1706 102/102/1707 857/928/1708 
f 901/972/1709 455/526/1710 857/928/1711 100/100/1712 
f 455/526/1713 901/972/1714 130/130/1715 906/977/1716 
f 907/978/1717 455/526/1718 906/977/1719 133/133/1720 
f 456/527/1721 903/974/1722 99/99/1723 858/929/1724 
f 909/980/1725 456/527/1726 858/929/1727 101/101/1728 
f 456/527/1729 909/980/1730 135/135/1731 908/979/1732 
f 903/974/1733 456/527/1734 908/979/1735 132/132/1736 
f 457/528/1737 910/981/1738 136/136/1739 912/983/1740 
f 904/975/1741 457/528/1742 912/983/1743 133/133/1744 
f 457/528/1745 904/975/1746 134/134/1747 911/982/1748 
f 910/981/1749 457/528/1750 911/982/1751 137/137/1752 
f 458/529/1753 913/984/1754 104/104/1755 860/931/1756 
f 907/978/1757 458/529/1758 860/931/1759 102/102/1760 
f 458/529/1761 907/978/1762 133/133/1763 912/983/1764 
f 913/984/1765 458/529/1766 912/983/1767 136/136/1768 
f 459/530/1769 909/980/1770 101/101/1771 861/932/1772 
f 915/986/1773 459/530/1774 861/932/1775 103/103/1776 
f 459/530/1777 915/986/1778 138/138/1779 914/985/1780 
f 909/980/1781 459/530/1782 914/985/1783 135/135/1784 
f 460/531/1785 1071/1142/1786 211/211/1787 1075/1447/1788 
f 830/1422/1789 460/531/1790 1075/1447/1791 210/415/1792 
f 460/531/1793 830/1422/1794 139/414/1795 916/987/1796 
f 1071/1142/1797 460/531/1798 916/987/1799 138/138/1800 
f 461/532/1801 876/947/1802 90/383/1803 920/991/1804 
f 919/990/1805 461/532/1806 920/991/1807 141/141/1808 
f 461/532/1809 919/990/1810 140/140/1811 918/989/1812 
f 876/947/1813 461/532/1814 918/989/1815 118/385/1816 
f 462/533/1817 873/944/1818 118/385/1819 918/989/1820 
f 922/993/1821 462/533/1822 918/989/1823 140/140/1824 
f 462/533/1825 922/993/1826 142/142/1827 921/992/1828 
f 873/944/1829 462/533/1830 921/992/1831 117/384/1832 
f 463/534/1833 923/994/1834 117/384/1835 921/992/1836 
f 925/996/1837 463/534/1838 921/992/1839 142/142/1840 
f 463/534/1841 925/996/1842 144/144/1843 924/995/1844 
f 923/994/1845 463/534/1846 924/995/1847 143/143/1848 
f 464/535/1849 1054/1125/1850 141/141/1851 928/999/1852 
f 1053/1445/1853 464/535/1854 928/999/1855 84/381/1856 
f 464/535/1857 1053/1445/1858 205/400/1859 1062/1133/1860 
f 1054/1125/1861 464/535/1862 1062/1133/1863 206/206/1864 
f 465/536/1865 1055/1126/1866 140/140/1867 919/990/1868 
f 1054/1125/1869 465/536/1870 919/990/1871 141/141/1872 
f 465/536/1873 1054/1125/1874 206/206/1875 1063/1134/1876 
f 1055/1126/1877 465/536/1878 1063/1134/1879 207/207/1880 
f 466/537/1881 1056/1127/1882 142/142/1883 922/993/1884 
f 1055/1126/1885 466/537/1886 922/993/1887 140/140/1888 
f 466/537/1889 1055/1126/1890 207/207/1891 1064/1135/1892 
f 1056/1127/1893 466/537/1894 1064/1135/1895 208/208/1896 
f 467/538/1897 914/985/1898 138/138/1899 935/1006/1900 
f 934/1005/1901 467/538/1902 935/1006/1903 150/150/1904 
f 467/538/1905 934/1005/1906 149/149/1907 933/1004/1908 
f 914/985/1909 467/538/1910 933/1004/1911 135/135/1912 
f 468/539/1913 908/979/1914 135/135/1915 933/1004/1916 
f 937/1008/1917 468/539/1918 933/1004/1919 149/149/1920 
f 468/539/1921 937/1008/1922 151/151/1923 936/1007/1924 
f 908/979/1925 468/539/1926 936/1007/1927 132/132/1928 
f 469/540/1929 902/973/1930 132/132/1931 936/1007/1932 
f 939/1010/1933 469/540/1934 936/1007/1935 151/151/1936 
f 469/540/1937 939/1010/1938 152/152/1939 938/1009/1940 
f 902/973/1941 469/540/1942 938/1009/1943 129/129/1944 
f 470/541/1945 896/967/1946 129/129/1947 938/1009/1948 
f 941/1012/1949 470/541/1950 938/1009/1951 152/152/1952 
f 470/541/1953 941/1012/1954 153/153/1955 940/1011/1956 
f 896/967/1957 470/541/1958 940/1011/1959 126/126/1960 
f 471/542/1961 890/961/1962 126/126/1963 940/1011/1964 
f 943/1014/1965 471/542/1966 940/1011/1967 153/153/1968 
f 471/542/1969 943/1014/1970 154/154/1971 942/1013/1972 
f 890/961/1973 471/542/1974 942/1013/1975 123/123/1976 
f 472/543/1977 884/955/1978 123/123/1979 942/1013/1980 
f 945/1016/1981 472/543/1982 942/1013/1983 154/154/1984 
f 472/543/1985 945/1016/1986 155/155/1987 944/1015/1988 
f 884/955/1989 472/543/1990 944/1015/1991 120/120/1992 
f 473/544/1993 878/949/1994 120/120/1995 944/1015/1996 
f 947/1018/1997 473/544/1998 944/1015/1999 155/155/2000 
f 473/544/2001 947/1018/2002 156/156/2003 946/1017/2004 
f 878/949/2005 473/544/2006 946/1017/2007 119/119/2008 
f 474/545/2009 948/1019/2010 119/119/2011 946/1017/2012 
f 949/1020/2013 474/545/2014 946/1017/2015 156/156/2016 
f 474/545/2017 949/1020/2018 85/85/2019 833/904/2020 
f 948/1019/2021 474/545/2022 833/904/2023 157/157/2024 
f 475/546/2025 950/1021/2026 150/389/2027 952/1439/2028 
f 951/1022/2029 475/546/2030 952/1439/2031 158/158/2032 
f 475/546/2033 951/1022/2034 114/114/2035 870/941/2036 
f 950/1021/2037 475/546/2038 870/941/2039 105/105/2040 
f 476/547/2041 953/1024/2042 149/388/2043 934/1431/2044 
f 950/1021/2045 476/547/2046 934/1431/2047 150/389/2048 
f 476/547/2049 950/1021/2050 105/105/2051 862/933/2052 
f 953/1024/2053 476/547/2054 862/933/2055 106/106/2056 
f 477/548/2057 954/1025/2058 151/390/2059 937/1432/2060 
f 953/1024/2061 477/548/2062 937/1432/2063 149/388/2064 
f 477/548/2065 953/1024/2066 106/106/2067 863/934/2068 
f 954/1025/2069 477/548/2070 863/934/2071 107/107/2072 
f 478/549/2073 955/1026/2074 152/391/2075 939/1433/2076 
f 954/1025/2077 478/549/2078 939/1433/2079 151/390/2080 
f 478/549/2081 954/1025/2082 107/107/2083 864/935/2084 
f 955/1026/2085 478/549/2086 864/935/2087 108/108/2088 
f 479/550/2089 956/1027/2090 153/392/2091 941/1434/2092 
f 955/1026/2093 479/550/2094 941/1434/2095 152/391/2096 
f 479/550/2097 955/1026/2098 108/108/2099 865/936/2100 
f 956/1027/2101 479/550/2102 865/936/2103 109/109/2104 
f 480/551/2105 957/1028/2106 154/393/2107 943/1435/2108 
f 956/1027/2109 480/551/2110 943/1435/2111 153/392/2112 
f 480/551/2113 956/1027/2114 109/109/2115 866/937/2116 
f 957/1028/2117 480/551/2118 866/937/2119 110/110/2120 
f 481/552/2121 958/1029/2122 155/394/2123 945/1436/2124 
f 957/1028/2125 481/552/2126 945/1436/2127 154/393/2128 
f 481/552/2129 957/1028/2130 110/110/2131 867/938/2132 
f 958/1029/2133 481/552/2134 867/938/2135 111/111/2136 
f 482/553/2137 959/1030/2138 156/395/2139 947/1437/2140 
f 958/1029/2141 482/553/2142 947/1437/2143 155/394/2144 
f 482/553/2145 958/1029/2146 111/111/2147 868/939/2148 
f 959/1030/2149 482/553/2150 868/939/2151 112/112/2152 
f 483/554/2153 872/943/2154 117/117/2155 962/1033/2156 
f 961/1032/2157 483/554/2158 962/1033/2159 160/160/2160 
f 483/554/2161 961/1032/2162 159/159/2163 960/1031/2164 
f 872/943/2165 483/554/2166 960/1031/2167 116/116/2168 
f 484/555/2169 881/952/2170 116/116/2171 960/1031/2172 
f 964/1035/2173 484/555/2174 960/1031/2175 159/159/2176 
f 484/555/2177 964/1035/2178 161/161/2179 963/1034/2180 
f 881/952/2181 484/555/2182 963/1034/2183 122/122/2184 
f 485/556/2185 887/958/2186 122/122/2187 963/1034/2188 
f 966/1037/2189 485/556/2190 963/1034/2191 161/161/2192 
f 485/556/2193 966/1037/2194 162/162/2195 965/1036/2196 
f 887/958/2197 485/556/2198 965/1036/2199 125/125/2200 
f 486/557/2201 893/964/2202 125/125/2203 965/1036/2204 
f 968/1039/2205 486/557/2206 965/1036/2207 162/162/2208 
f 486/557/2209 968/1039/2210 163/163/2211 967/1038/2212 
f 893/964/2213 486/557/2214 967/1038/2215 128/128/2216 
f 487/558/2217 899/970/2218 128/128/2219 967/1038/2220 
f 970/1041/2221 487/558/2222 967/1038/2223 163/163/2224 
f 487/558/2225 970/1041/2226 164/164/2227 969/1040/2228 
f 899/970/2229 487/558/2230 969/1040/2231 131/131/2232 
f 488/559/2233 905/976/2234 131/131/2235 969/1040/2236 
f 972/1043/2237 488/559/2238 969/1040/2239 164/164/2240 
f 488/559/2241 972/1043/2242 165/165/2243 971/1042/2244 
f 905/976/2245 488/559/2246 971/1042/2247 134/134/2248 
f 489/560/2249 911/982/2250 134/134/2251 971/1042/2252 
f 974/1045/2253 489/560/2254 971/1042/2255 165/165/2256 
f 489/560/2257 974/1045/2258 166/166/2259 973/1044/2260 
f 911/982/2261 489/560/2262 973/1044/2263 137/137/2264 
f 490/561/2265 975/1046/2266 137/137/2267 973/1044/2268 
f 976/1047/2269 490/561/2270 973/1044/2271 166/166/2272 
f 490/561/2273 976/1047/2274 87/412/2275 835/1425/2276 
f 975/1046/2277 490/561/2278 835/1425/2279 79/410/2280 
f 491/562/2281 961/1032/2282 160/160/2283 979/1050/2284 
f 978/1049/2285 491/562/2286 979/1050/2287 168/168/2288 
f 491/562/2289 978/1049/2290 167/167/2291 977/1048/2292 
f 961/1032/2293 491/562/2294 977/1048/2295 159/159/2296 
f 492/563/2297 964/1035/2298 159/159/2299 977/1048/2300 
f 981/1052/2301 492/563/2302 977/1048/2303 167/167/2304 
f 492/563/2305 981/1052/2306 169/169/2307 980/1051/2308 
f 964/1035/2309 492/563/2310 980/1051/2311 161/161/2312 
f 493/564/2313 966/1037/2314 161/161/2315 980/1051/2316 
f 983/1054/2317 493/564/2318 980/1051/2319 169/169/2320 
f 493/564/2321 983/1054/2322 170/170/2323 982/1053/2324 
f 966/1037/2325 493/564/2326 982/1053/2327 162/162/2328 
f 494/565/2329 968/1039/2330 162/162/2331 982/1053/2332 
f 985/1056/2333 494/565/2334 982/1053/2335 170/170/2336 
f 494/565/2337 985/1056/2338 171/171/2339 984/1055/2340 
f 968/1039/2341 494/565/2342 984/1055/2343 163/163/2344 
f 495/566/2345 970/1041/2346 163/163/2347 984/1055/2348 
f 987/1058/2349 495/566/2350 984/1055/2351 171/171/2352 
f 495/566/2353 987/1058/2354 172/172/2355 986/1057/2356 
f 970/1041/2357 495/566/2358 986/1057/2359 164/164/2360 
f 496/567/2361 972/1043/2362 164/164/2363 986/1057/2364 
f 989/1060/2365 496/567/2366 986/1057/2367 172/172/2368 
f 496/567/2369 989/1060/2370 173/173/2371 988/1059/2372 
f 972/1043/2373 496/567/2374 988/1059/2375 165/165/2376 
f 497/568/2377 974/1045/2378 165/165/2379 988/1059/2380 
f 991/1062/2381 497/568/2382 988/1059/2383 173/173/2384 
f 497/568/2385 991/1062/2386 174/174/2387 990/1061/2388 
f 974/1045/2389 497/568/2390 990/1061/2391 166/166/2392 
f 498/569/2393 976/1047/2394 166/166/2395 990/1061/2396 
f 992/1063/2397 498/569/2398 990/1061/2399 174/174/2400 
f 498/569/2401 992/1063/2402 88/413/2403 837/1426/2404 
f 976/1047/2405 498/569/2406 837/1426/2407 87/412/2408 
f 499/570/2409 993/1064/2410 81/411/2411 827/1420/2412 
f 1078/1450/2413 499/570/2414 827/1420/2415 214/416/2416 
f 499/570/2417 1078/1450/2418 213/213/2419 1072/1143/2420 
f 993/1064/2421 499/570/2422 1072/1143/2423 104/104/2424 
f 500/571/2425 948/1019/2426 157/157/2427 828/899/2428 
f 840/911/2429 500/571/2430 828/899/2431 80/80/2432 
f 500/571/2433 840/911/2434 89/89/2435 877/948/2436 
f 948/1019/2437 500/571/2438 877/948/2439 119/119/2440 
f 501/572/2441 1068/1139/2442 222/222/2443 1087/1459/2444 
f 994/1065/2445 501/572/2446 1087/1459/2447 221/221/2448 
f 501/572/2449 994/1065/2450 136/136/2451 910/981/2452 
f 1068/1139/2453 501/572/2454 910/981/2455 137/137/2456 
f 502/573/2457 994/1065/2458 221/221/2459 1086/1458/2460 
f 1067/1138/2461 502/573/2462 1086/1458/2463 220/220/2464 
f 502/573/2465 1067/1138/2466 104/104/2467 913/984/2468 
f 994/1065/2469 502/573/2470 913/984/2471 136/136/2472 
f 503/574/2473 839/910/2474 83/380/2475 831/1423/2476 
f 928/999/2477 503/574/2478 831/1423/2479 84/381/2480 
f 503/574/2481 928/999/2482 141/141/2483 920/991/2484 
f 839/910/2485 503/574/2486 920/991/2487 90/383/2488 
f 504/575/2489 996/1067/2490 176/176/2491 997/1068/2492 
f 1065/1136/2493 504/575/2494 997/1068/2495 209/209/2496 
f 504/575/2497 1065/1136/2498 208/208/2499 931/1002/2500 
f 996/1067/2501 504/575/2502 931/1002/2503 148/148/2504 
f 505/576/2505 916/987/2506 139/414/2507 998/1069/2508 
f 952/1023/2509 505/576/2510 998/1069/2511 158/419/2512 
f 505/576/2513 952/1023/2514 150/150/2515 935/1006/2516 
f 916/987/2517 505/576/2518 935/1006/2519 138/138/2520 
f 506/577/2521 869/940/2522 113/113/2523 999/1070/2524 
f 949/1438/2525 506/577/2526 999/1070/2527 85/382/2528 
f 506/577/2529 949/1438/2530 156/395/2531 959/1030/2532 
f 869/940/2533 506/577/2534 959/1030/2535 112/112/2536 
f 507/578/2537 923/1430/2538 143/386/2539 834/905/2540 
f 1000/1071/2541 507/578/2542 834/905/2543 86/86/2544 
f 507/578/2545 1000/1071/2546 160/160/2547 962/1033/2548 
f 923/1430/2549 507/578/2550 962/1033/2551 117/117/2552 
f 508/579/2553 1000/1071/2554 86/86/2555 836/907/2556 
f 1001/1072/2557 508/579/2558 836/907/2559 177/177/2560 
f 508/579/2561 1001/1072/2562 168/168/2563 979/1050/2564 
f 1000/1071/2565 508/579/2566 979/1050/2567 160/160/2568 
f 509/580/2569 1006/1442/2570 146/146/2571 738/809/2572 
f 1002/1073/2573 509/580/2574 738/809/2575 41/41/2576 
f 509/580/2577 1002/1073/2578 178/178/2579 1010/1081/2580 
f 1006/1442/2581 509/580/2582 1010/1081/2583 182/182/2584 
f 510/581/2585 1002/1073/2586 41/41/2587 739/810/2588 
f 1003/1074/2589 510/581/2590 739/810/2591 42/42/2592 
f 510/581/2593 1003/1074/2594 179/179/2595 1011/1082/2596 
f 1002/1073/2597 510/581/2598 1011/1082/2599 178/178/2600 
f 511/582/2601 1003/1074/2602 42/42/2603 740/811/2604 
f 1004/1075/2605 511/582/2606 740/811/2607 43/43/2608 
f 511/582/2609 1004/1075/2610 180/180/2611 1012/1083/2612 
f 1003/1074/2613 511/582/2614 1012/1083/2615 179/179/2616 
f 512/583/2617 1004/1075/2618 43/43/2619 820/891/2620 
f 1009/1080/2621 512/583/2622 820/891/2623 176/176/2624 
f 512/583/2625 1009/1080/2626 185/185/2627 1013/1084/2628 
f 1004/1075/2629 512/583/2630 1013/1084/2631 180/180/2632 
f 513/584/2633 1005/1076/2634 145/145/2635 927/998/2636 
f 1006/1077/2637 513/584/2638 927/998/2639 146/387/2640 
f 513/584/2641 1006/1077/2642 182/397/2643 1014/1085/2644 
f 1005/1076/2645 513/584/2646 1014/1085/2647 181/181/2648 
f 514/585/2649 1007/1078/2650 147/147/2651 930/1001/2652 
f 1005/1076/2653 514/585/2654 930/1001/2655 145/145/2656 
f 514/585/2657 1005/1076/2658 181/181/2659 1015/1086/2660 
f 1007/1078/2661 514/585/2662 1015/1086/2663 183/183/2664 
f 515/586/2665 1008/1079/2666 148/148/2667 932/1003/2668 
f 1007/1078/2669 515/586/2670 932/1003/2671 147/147/2672 
f 515/586/2673 1007/1078/2674 183/183/2675 1016/1087/2676 
f 1008/1079/2677 515/586/2678 1016/1087/2679 184/184/2680 
f 516/587/2681 1009/1080/2682 176/176/2683 996/1067/2684 
f 1008/1079/2685 516/587/2686 996/1067/2687 148/148/2688 
f 516/587/2689 1008/1079/2690 184/184/2691 1017/1088/2692 
f 1009/1080/2693 516/587/2694 1017/1088/2695 185/185/2696 
f 517/588/2697 1022/1443/2698 182/182/2699 1010/1081/2700 
f 1018/1089/2701 517/588/2702 1010/1081/2703 178/178/2704 
f 517/588/2705 1018/1089/2706 194/194/2707 1042/1113/2708 
f 1022/1443/2709 517/588/2710 1042/1113/2711 198/198/2712 
f 518/589/2713 1018/1089/2714 178/178/2715 1011/1082/2716 
f 1019/1090/2717 518/589/2718 1011/1082/2719 179/179/2720 
f 518/589/2721 1019/1090/2722 195/195/2723 1043/1114/2724 
f 1018/1089/2725 518/589/2726 1043/1114/2727 194/194/2728 
f 519/590/2729 1019/1090/2730 179/179/2731 1012/1083/2732 
f 1020/1091/2733 519/590/2734 1012/1083/2735 180/180/2736 
f 519/590/2737 1020/1091/2738 196/196/2739 1044/1115/2740 
f 1019/1090/2741 519/590/2742 1044/1115/2743 195/195/2744 
f 520/591/2745 1020/1091/2746 180/180/2747 1013/1084/2748 
f 1025/1096/2749 520/591/2750 1013/1084/2751 185/185/2752 
f 520/591/2753 1025/1096/2754 201/201/2755 1045/1116/2756 
f 1020/1091/2757 520/591/2758 1045/1116/2759 196/196/2760 
f 521/592/2761 1021/1092/2762 181/181/2763 1014/1085/2764 
f 1022/1093/2765 521/592/2766 1014/1085/2767 182/397/2768 
f 521/592/2769 1022/1093/2770 198/399/2771 1046/1117/2772 
f 1021/1092/2773 521/592/2774 1046/1117/2775 197/197/2776 
f 522/593/2777 1023/1094/2778 183/183/2779 1015/1086/2780 
f 1021/1092/2781 522/593/2782 1015/1086/2783 181/181/2784 
f 522/593/2785 1021/1092/2786 197/197/2787 1047/1118/2788 
f 1023/1094/2789 522/593/2790 1047/1118/2791 199/199/2792 
f 523/594/2793 1024/1095/2794 184/184/2795 1016/1087/2796 
f 1023/1094/2797 523/594/2798 1016/1087/2799 183/183/2800 
f 523/594/2801 1023/1094/2802 199/199/2803 1048/1119/2804 
f 1024/1095/2805 523/594/2806 1048/1119/2807 200/200/2808 
f 524/595/2809 1025/1096/2810 185/185/2811 1017/1088/2812 
f 1024/1095/2813 524/595/2814 1017/1088/2815 184/184/2816 
f 524/595/2817 1024/1095/2818 200/200/2819 1049/1120/2820 
f 1025/1096/2821 524/595/2822 1049/1120/2823 201/201/2824 
f 525/596/2825 1042/1113/2826 194/194/2827 1034/1105/2828 
f 1026/1097/2829 525/596/2830 1034/1105/2831 186/186/2832 
f 525/596/2833 1026/1097/2834 190/190/2835 1038/1444/2836 
f 1042/1113/2837 525/596/2838 1038/1444/2839 198/198/2840 
f 526/597/2841 1043/1114/2842 195/195/2843 1035/1106/2844 
f 1027/1098/2845 526/597/2846 1035/1106/2847 187/187/2848 
f 526/597/2849 1027/1098/2850 186/186/2851 1034/1105/2852 
f 1043/1114/2853 526/597/2854 1034/1105/2855 194/194/2856 
f 527/598/2857 1044/1115/2858 196/196/2859 1036/1107/2860 
f 1028/1099/2861 527/598/2862 1036/1107/2863 188/188/2864 
f 527/598/2865 1028/1099/2866 187/187/2867 1035/1106/2868 
f 1044/1115/2869 527/598/2870 1035/1106/2871 195/195/2872 
f 528/599/2873 1045/1116/2874 201/201/2875 1041/1112/2876 
f 1029/1100/2877 528/599/2878 1041/1112/2879 193/193/2880 
f 528/599/2881 1029/1100/2882 188/188/2883 1036/1107/2884 
f 1045/1116/2885 528/599/2886 1036/1107/2887 196/196/2888 
f 529/600/2889 1046/1117/2890 198/399/2891 1038/1109/2892 
f 1030/1101/2893 529/600/2894 1038/1109/2895 190/398/2896 
f 529/600/2897 1030/1101/2898 189/189/2899 1037/1108/2900 
f 1046/1117/2901 529/600/2902 1037/1108/2903 197/197/2904 
f 530/601/2905 1047/1118/2906 197/197/2907 1037/1108/2908 
f 1031/1102/2909 530/601/2910 1037/1108/2911 189/189/2912 
f 530/601/2913 1031/1102/2914 191/191/2915 1039/1110/2916 
f 1047/1118/2917 530/601/2918 1039/1110/2919 199/199/2920 
f 531/602/2921 1048/1119/2922 199/199/2923 1039/1110/2924 
f 1032/1103/2925 531/602/2926 1039/1110/2927 191/191/2928 
f 531/602/2929 1032/1103/2930 192/192/2931 1040/1111/2932 
f 1048/1119/2933 531/602/2934 1040/1111/2935 200/200/2936 
f 532/603/2937 1049/1120/2938 200/200/2939 1040/1111/2940 
f 1033/1104/2941 532/603/2942 1040/1111/2943 192/192/2944 
f 532/603/2945 1033/1104/2946 193/193/2947 1041/1112/2948 
f 1049/1120/2949 532/603/2950 1041/1112/2951 201/201/2952 
f 533/604/2953 1058/1129/2954 202/202/2955 1050/1121/2956 
f 738/809/2957 533/604/2958 1050/1121/2959 41/41/2960 
f 533/604/2961 738/809/2962 146/146/2963 832/903/2964 
f 1058/1129/2965 533/604/2966 832/903/2967 205/205/2968 
f 534/605/2969 1059/1130/2970 203/203/2971 1051/1122/2972 
f 739/810/2973 534/605/2974 1051/1122/2975 42/42/2976 
f 534/605/2977 739/810/2978 41/41/2979 1050/1121/2980 
f 1059/1130/2981 534/605/2982 1050/1121/2983 202/202/2984 
f 535/606/2985 1060/1131/2986 204/204/2987 1052/1123/2988 
f 740/811/2989 535/606/2990 1052/1123/2991 43/43/2992 
f 535/606/2993 740/811/2994 42/42/2995 1051/1122/2996 
f 1060/1131/2997 535/606/2998 1051/1122/2999 203/203/3000 
f 536/607/3001 1061/1132/3002 204/204/3003 746/817/3004 
f 821/892/3005 536/607/3006 746/817/3007 46/46/3008 
f 536/607/3009 821/892/3010 144/144/3011 1057/1128/3012 
f 1061/1132/3013 536/607/3014 1057/1128/3015 209/209/3016 
f 537/608/3017 1062/1133/3018 205/400/3019 832/1424/3020 
f 927/998/3021 537/608/3022 832/1424/3023 146/387/3024 
f 537/608/3025 927/998/3026 145/145/3027 926/997/3028 
f 1062/1133/3029 537/608/3030 926/997/3031 206/206/3032 
f 538/609/3033 1063/1134/3034 206/206/3035 926/997/3036 
f 930/1001/3037 538/609/3038 926/997/3039 145/145/3040 
f 538/609/3041 930/1001/3042 147/147/3043 929/1000/3044 
f 1063/1134/3045 538/609/3046 929/1000/3047 207/207/3048 
f 539/610/3049 1064/1135/3050 207/207/3051 929/1000/3052 
f 932/1003/3053 539/610/3054 929/1000/3055 147/147/3056 
f 539/610/3057 932/1003/3058 148/148/3059 931/1002/3060 
f 1064/1135/3061 539/610/3062 931/1002/3063 208/208/3064 
f 540/611/3065 1065/1136/3066 209/209/3067 1057/1128/3068 
f 925/996/3069 540/611/3070 1057/1128/3071 144/144/3072 
f 540/611/3073 925/996/3074 142/142/3075 1056/1127/3076 
f 1065/1136/3077 540/611/3078 1056/1127/3079 208/208/3080 
f 541/612/3081 1066/1137/3082 16/16/3083 713/784/3084 
f 817/888/3085 541/612/3086 713/784/3087 40/40/3088 
f 541/612/3089 817/888/3090 217/217/3091 1082/1454/3092 
f 1066/1137/3093 541/612/3094 1082/1454/3095 175/175/3096 
f 542/613/3097 1067/1138/3098 220/220/3099 1085/1457/3100 
f 995/1066/3101 542/613/3102 1085/1457/3103 219/417/3104 
f 542/613/3105 995/1066/3106 81/411/3107 993/1064/3108 
f 1067/1138/3109 542/613/3110 993/1064/3111 104/104/3112 
f 543/614/3113 1068/1139/3114 137/137/3115 975/1046/3116 
f 829/1421/3117 543/614/3118 975/1046/3119 79/410/3120 
f 543/614/3121 829/1421/3122 223/418/3123 1088/1460/3124 
f 1068/1139/3125 543/614/3126 1088/1460/3127 222/222/3128 
f 544/615/3129 1069/1140/3130 218/218/3131 1083/1455/3132 
f 817/888/3133 544/615/3134 1083/1455/3135 217/217/3136 
f 544/615/3137 817/888/3138 40/40/3139 712/783/3140 
f 1069/1140/3141 544/615/3142 712/783/3143 39/39/3144 
f 545/616/3145 1070/1141/3146 8/8/3147 814/885/3148 
f 830/901/3149 545/616/3150 814/885/3151 139/139/3152 
f 545/616/3153 830/901/3154 210/210/3155 1074/1446/3156 
f 1070/1141/3157 545/616/3158 1074/1446/3159 82/82/3160 
f 546/617/3161 1071/1142/3162 138/138/3163 915/986/3164 
f 917/988/3165 546/617/3166 915/986/3167 103/103/3168 
f 546/617/3169 917/988/3170 212/212/3171 1076/1448/3172 
f 1071/1142/3173 546/617/3174 1076/1448/3175 211/211/3176 
f 547/618/3177 1072/1143/3178 213/213/3179 1077/1449/3180 
f 917/988/3181 547/618/3182 1077/1449/3183 212/212/3184 
f 547/618/3185 917/988/3186 103/103/3187 859/930/3188 
f 1072/1143/3189 547/618/3190 859/930/3191 104/104/3192 
f 548/619/3193 1073/1144/3194 39/39/3195 711/782/3196 
f 735/806/3197 548/619/3198 711/782/3199 38/38/3200 
f 548/619/3201 735/806/3202 216/216/3203 1080/1452/3204 
f 1073/1144/3205 548/619/3206 1080/1452/3207 215/215/3208 
f 549/620/3209 1098/1169/3210 82/352/3211 1074/1145/3212 
f 1099/1170/3213 549/620/3214 1074/1145/3215 210/354/3216 
f 549/620/3217 1099/1170/3218 265/265/3219 1186/1257/3220 
f 1098/1169/3221 549/620/3222 1186/1257/3223 264/264/3224 
f 550/621/3225 1099/1170/3226 210/354/3227 1075/1146/3228 
f 1100/1171/3229 550/621/3230 1075/1146/3231 211/355/3232 
f 550/621/3233 1100/1171/3234 266/266/3235 1187/1258/3236 
f 1099/1170/3237 550/621/3238 1187/1258/3239 265/265/3240 
f 551/622/3241 1100/1171/3242 211/355/3243 1076/1147/3244 
f 1101/1172/3245 551/622/3246 1076/1147/3247 212/356/3248 
f 551/622/3249 1101/1172/3250 267/267/3251 1188/1259/3252 
f 1100/1171/3253 551/622/3254 1188/1259/3255 266/266/3256 
f 552/623/3257 1101/1172/3258 212/356/3259 1077/1148/3260 
f 1102/1173/3261 552/623/3262 1077/1148/3263 213/357/3264 
f 552/623/3265 1102/1173/3266 268/268/3267 1189/1260/3268 
f 1101/1172/3269 552/623/3270 1189/1260/3271 267/267/3272 
f 553/624/3273 1102/1173/3274 213/357/3275 1078/1149/3276 
f 1103/1174/3277 553/624/3278 1078/1149/3279 214/358/3280 
f 553/624/3281 1103/1174/3282 269/269/3283 1190/1261/3284 
f 1102/1173/3285 553/624/3286 1190/1261/3287 268/268/3288 
f 554/625/3289 1103/1462/3290 214/408/3291 1079/1150/3292 
f 1104/1175/3293 554/625/3294 1079/1150/3295 215/359/3296 
f 554/625/3297 1104/1175/3298 270/270/3299 1191/1262/3300 
f 1103/1462/3301 554/625/3302 1191/1262/3303 269/406/3304 
f 555/626/3305 1104/1175/3306 215/359/3307 1080/1151/3308 
f 1105/1176/3309 555/626/3310 1080/1151/3311 216/360/3312 
f 555/626/3313 1105/1176/3314 271/271/3315 1192/1263/3316 
f 1104/1175/3317 555/626/3318 1192/1263/3319 270/270/3320 
f 556/627/3321 1105/1176/3322 216/360/3323 1081/1152/3324 
f 1098/1169/3325 556/627/3326 1081/1152/3327 82/352/3328 
f 556/627/3329 1098/1169/3330 264/264/3331 1193/1264/3332 
f 1105/1176/3333 556/627/3334 1193/1264/3335 271/271/3336 
f 557/628/3337 1114/1185/3338 175/353/3339 1082/1153/3340 
f 1115/1186/3341 557/628/3342 1082/1153/3343 217/361/3344 
f 557/628/3345 1115/1186/3346 273/273/3347 1202/1273/3348 
f 1114/1185/3349 557/628/3350 1202/1273/3351 272/272/3352 
f 558/629/3353 1115/1186/3354 217/361/3355 1083/1154/3356 
f 1116/1187/3357 558/629/3358 1083/1154/3359 218/362/3360 
f 558/629/3361 1116/1187/3362 274/274/3363 1203/1274/3364 
f 1115/1186/3365 558/629/3366 1203/1274/3367 273/273/3368 
f 559/630/3369 1116/1187/3370 218/362/3371 1084/1155/3372 
f 1117/1188/3373 559/630/3374 1084/1155/3375 219/363/3376 
f 559/630/3377 1117/1188/3378 275/275/3379 1204/1275/3380 
f 1116/1187/3381 559/630/3382 1204/1275/3383 274/274/3384 
f 560/631/3385 1117/1463/3386 219/409/3387 1085/1156/3388 
f 1118/1189/3389 560/631/3390 1085/1156/3391 220/364/3392 
f 560/631/3393 1118/1189/3394 276/276/3395 1205/1276/3396 
f 1117/1463/3397 560/631/3398 1205/1276/3399 275/407/3400 
f 561/632/3401 1118/1189/3402 220/364/3403 1086/1157/3404 
f 1119/1190/3405 561/632/3406 1086/1157/3407 221/365/3408 
f 561/632/3409 1119/1190/3410 277/277/3411 1206/1277/3412 
f 1118/1189/3413 561/632/3414 1206/1277/3415 276/276/3416 
f 562/633/3417 1119/1190/3418 221/365/3419 1087/1158/3420 
f 1120/1191/3421 562/633/3422 1087/1158/3423 222/366/3424 
f 562/633/3425 1120/1191/3426 278/278/3427 1207/1278/3428 
f 1119/1190/3429 562/633/3430 1207/1278/3431 277/277/3432 
f 563/634/3433 1120/1191/3434 222/366/3435 1088/1159/3436 
f 1121/1192/3437 563/634/3438 1088/1159/3439 223/367/3440 
f 563/634/3441 1121/1192/3442 279/279/3443 1208/1279/3444 
f 1120/1191/3445 563/634/3446 1208/1279/3447 278/278/3448 
f 564/635/3449 1121/1192/3450 223/367/3451 1089/1160/3452 
f 1114/1185/3453 564/635/3454 1089/1160/3455 175/353/3456 
f 564/635/3457 1114/1185/3458 272/272/3459 1209/1280/3460 
f 1121/1192/3461 564/635/3462 1209/1280/3463 279/279/3464 
f 565/636/3465 1130/1201/3466 232/232/3467 1106/1177/3468 
f 1131/1202/3469 565/636/3470 1106/1177/3471 233/233/3472 
f 565/636/3473 1131/1202/3474 241/241/3475 1122/1193/3476 
f 1130/1201/3477 565/636/3478 1122/1193/3479 240/240/3480 
f 566/637/3481 1131/1202/3482 233/233/3483 1107/1178/3484 
f 1132/1203/3485 566/637/3486 1107/1178/3487 234/234/3488 
f 566/637/3489 1132/1203/3490 242/242/3491 1123/1194/3492 
f 1131/1202/3493 566/637/3494 1123/1194/3495 241/241/3496 
f 567/638/3497 1132/1203/3498 234/234/3499 1108/1179/3500 
f 1133/1204/3501 567/638/3502 1108/1179/3503 235/235/3504 
f 567/638/3505 1133/1204/3506 243/243/3507 1124/1195/3508 
f 1132/1203/3509 567/638/3510 1124/1195/3511 242/242/3512 
f 568/639/3513 1133/1464/3514 235/402/3515 1109/1180/3516 
f 1134/1205/3517 568/639/3518 1109/1180/3519 236/236/3520 
f 568/639/3521 1134/1205/3522 244/244/3523 1125/1196/3524 
f 1133/1464/3525 568/639/3526 1125/1196/3527 243/403/3528 
f 569/640/3529 1134/1205/3530 236/236/3531 1110/1181/3532 
f 1135/1206/3533 569/640/3534 1110/1181/3535 237/237/3536 
f 569/640/3537 1135/1206/3538 245/245/3539 1126/1197/3540 
f 1134/1205/3541 569/640/3542 1126/1197/3543 244/244/3544 
f 570/641/3545 1135/1206/3546 237/237/3547 1111/1182/3548 
f 1136/1207/3549 570/641/3550 1111/1182/3551 238/238/3552 
f 570/641/3553 1136/1207/3554 246/246/3555 1127/1198/3556 
f 1135/1206/3557 570/641/3558 1127/1198/3559 245/245/3560 
f 571/642/3561 1136/1207/3562 238/238/3563 1112/1183/3564 
f 1137/1208/3565 571/642/3566 1112/1183/3567 239/239/3568 
f 571/642/3569 1137/1208/3570 247/247/3571 1128/1199/3572 
f 1136/1207/3573 571/642/3574 1128/1199/3575 246/246/3576 
f 572/643/3577 1137/1208/3578 239/239/3579 1113/1184/3580 
f 1130/1201/3581 572/643/3582 1113/1184/3583 232/232/3584 
f 572/643/3585 1130/1201/3586 240/240/3587 1129/1200/3588 
f 1137/1208/3589 572/643/3590 1129/1200/3591 247/247/3592 
f 573/644/3593 1146/1217/3594 240/240/3595 1122/1193/3596 
f 1147/1218/3597 573/644/3598 1122/1193/3599 241/241/3600 
f 573/644/3601 1147/1218/3602 249/249/3603 1138/1209/3604 
f 1146/1217/3605 573/644/3606 1138/1209/3607 248/248/3608 
f 574/645/3609 1147/1218/3610 241/241/3611 1123/1194/3612 
f 1148/1219/3613 574/645/3614 1123/1194/3615 242/242/3616 
f 574/645/3617 1148/1219/3618 250/250/3619 1139/1210/3620 
f 1147/1218/3621 574/645/3622 1139/1210/3623 249/249/3624 
f 575/646/3625 1148/1219/3626 242/242/3627 1124/1195/3628 
f 1149/1220/3629 575/646/3630 1124/1195/3631 243/243/3632 
f 575/646/3633 1149/1220/3634 251/251/3635 1140/1211/3636 
f 1148/1219/3637 575/646/3638 1140/1211/3639 250/250/3640 
f 576/647/3641 1149/1465/3642 243/403/3643 1125/1196/3644 
f 1150/1221/3645 576/647/3646 1125/1196/3647 244/244/3648 
f 576/647/3649 1150/1221/3650 252/252/3651 1141/1212/3652 
f 1149/1465/3653 576/647/3654 1141/1212/3655 251/404/3656 
f 577/648/3657 1150/1221/3658 244/244/3659 1126/1197/3660 
f 1151/1222/3661 577/648/3662 1126/1197/3663 245/245/3664 
f 577/648/3665 1151/1222/3666 253/253/3667 1142/1213/3668 
f 1150/1221/3669 577/648/3670 1142/1213/3671 252/252/3672 
f 578/649/3673 1151/1222/3674 245/245/3675 1127/1198/3676 
f 1152/1223/3677 578/649/3678 1127/1198/3679 246/246/3680 
f 578/649/3681 1152/1223/3682 254/254/3683 1143/1214/3684 
f 1151/1222/3685 578/649/3686 1143/1214/3687 253/253/3688 
f 579/650/3689 1152/1223/3690 246/246/3691 1128/1199/3692 
f 1153/1224/3693 579/650/3694 1128/1199/3695 247/247/3696 
f 579/650/3697 1153/1224/3698 255/255/3699 1144/1215/3700 
f 1152/1223/3701 579/650/3702 1144/1215/3703 254/254/3704 
f 580/651/3705 1153/1224/3706 247/247/3707 1129/1200/3708 
f 1146/1217/3709 580/651/3710 1129/1200/3711 240/240/3712 
f 580/651/3713 1146/1217/3714 248/248/3715 1145/1216/3716 
f 1153/1224/3717 580/651/3718 1145/1216/3719 255/255/3720 
f 581/652/3721 1162/1233/3722 248/248/3723 1138/1209/3724 
f 1163/1234/3725 581/652/3726 1138/1209/3727 249/249/3728 
f 581/652/3729 1163/1234/3730 257/257/3731 1154/1225/3732 
f 1162/1233/3733 581/652/3734 1154/1225/3735 256/256/3736 
f 582/653/3737 1163/1234/3738 249/249/3739 1139/1210/3740 
f 1164/1235/3741 582/653/3742 1139/1210/3743 250/250/3744 
f 582/653/3745 1164/1235/3746 258/258/3747 1155/1226/3748 
f 1163/1234/3749 582/653/3750 1155/1226/3751 257/257/3752 
f 583/654/3753 1164/1235/3754 250/250/3755 1140/1211/3756 
f 1165/1236/3757 583/654/3758 1140/1211/3759 251/251/3760 
f 583/654/3761 1165/1236/3762 259/405/3763 1156/1227/3764 
f 1164/1235/3765 583/654/3766 1156/1227/3767 258/258/3768 
f 584/655/3769 1165/1466/3770 251/404/3771 1141/1212/3772 
f 1166/1237/3773 584/655/3774 1141/1212/3775 252/252/3776 
f 584/655/3777 1166/1237/3778 260/260/3779 1157/1228/3780 
f 1165/1466/3781 584/655/3782 1157/1228/3783 259/259/3784 
f 585/656/3785 1166/1237/3786 252/252/3787 1142/1213/3788 
f 1167/1238/3789 585/656/3790 1142/1213/3791 253/253/3792 
f 585/656/3793 1167/1238/3794 261/261/3795 1158/1229/3796 
f 1166/1237/3797 585/656/3798 1158/1229/3799 260/260/3800 
f 586/657/3801 1167/1238/3802 253/253/3803 1143/1214/3804 
f 1168/1239/3805 586/657/3806 1143/1214/3807 254/254/3808 
f 586/657/3809 1168/1239/3810 262/262/3811 1159/1230/3812 
f 1167/1238/3813 586/657/3814 1159/1230/3815 261/261/3816 
f 587/658/3817 1168/1239/3818 254/254/3819 1144/1215/3820 
f 1169/1240/3821 587/658/3822 1144/1215/3823 255/255/3824 
f 587/658/3825 1169/1240/3826 263/263/3827 1160/1231/3828 
f 1168/1239/3829 587/658/3830 1160/1231/3831 262/262/3832 
f 588/659/3833 1169/1240/3834 255/255/3835 1145/1216/3836 
f 1162/1233/3837 588/659/3838 1145/1216/3839 248/248/3840 
f 588/659/3841 1162/1233/3842 256/256/3843 1161/1232/3844 
f 1169/1240/3845 588/659/3846 1161/1232/3847 263/263/3848 
f 589/660/3849 1170/1241/3850 224/224/3851 1090/1161/3852 
f 1171/1242/3853 589/660/3854 1090/1161/3855 225/225/3856 
f 589/660/3857 1171/1242/3858 263/263/3859 1161/1232/3860 
f 1170/1241/3861 589/660/3862 1161/1232/3863 256/256/3864 
f 590/661/3865 1171/1242/3866 225/225/3867 1091/1162/3868 
f 1172/1243/3869 590/661/3870 1091/1162/3871 226/226/3872 
f 590/661/3873 1172/1243/3874 262/262/3875 1160/1231/3876 
f 1171/1242/3877 590/661/3878 1160/1231/3879 263/263/3880 
f 591/662/3881 1172/1243/3882 226/226/3883 1092/1163/3884 
f 1173/1244/3885 591/662/3886 1092/1163/3887 227/227/3888 
f 591/662/3889 1173/1244/3890 261/261/3891 1159/1230/3892 
f 1172/1243/3893 591/662/3894 1159/1230/3895 262/262/3896 
f 592/663/3897 1173/1244/3898 227/227/3899 1093/1164/3900 
f 1174/1245/3901 592/663/3902 1093/1164/3903 228/228/3904 
f 592/663/3905 1174/1245/3906 260/260/3907 1158/1229/3908 
f 1173/1244/3909 592/663/3910 1158/1229/3911 261/261/3912 
f 593/664/3913 1174/1245/3914 228/228/3915 1094/1165/3916 
f 1175/1246/3917 593/664/3918 1094/1165/3919 229/229/3920 
f 593/664/3921 1175/1246/3922 259/259/3923 1157/1228/3924 
f 1174/1245/3925 593/664/3926 1157/1228/3927 260/260/3928 
f 594/665/3929 1175/1467/3930 229/401/3931 1095/1166/3932 
f 1176/1247/3933 594/665/3934 1095/1166/3935 230/230/3936 
f 594/665/3937 1176/1247/3938 258/258/3939 1156/1227/3940 
f 1175/1467/3941 594/665/3942 1156/1227/3943 259/405/3944 
f 595/666/3945 1176/1247/3946 230/230/3947 1096/1167/3948 
f 1177/1248/3949 595/666/3950 1096/1167/3951 231/231/3952 
f 595/666/3953 1177/1248/3954 257/257/3955 1155/1226/3956 
f 1176/1247/3957 595/666/3958 1155/1226/3959 258/258/3960 
f 596/667/3961 1177/1248/3962 231/231/3963 1097/1168/3964 
f 1170/1241/3965 596/667/3966 1097/1168/3967 224/224/3968 
f 596/667/3969 1170/1241/3970 256/256/3971 1154/1225/3972 
f 1177/1248/3973 596/667/3974 1154/1225/3975 257/257/3976 
f 597/668/3977 1186/1257/3978 265/265/3979 1179/1250/3980 
f 1090/1161/3981 597/668/3982 1179/1250/3983 225/225/3984 
f 597/668/3985 1090/1161/3986 224/224/3987 1178/1249/3988 
f 1186/1257/3989 597/668/3990 1178/1249/3991 264/264/3992 
f 598/669/3993 1187/1258/3994 266/266/3995 1180/1251/3996 
f 1091/1162/3997 598/669/3998 1180/1251/3999 226/226/4000 
f 598/669/4001 1091/1162/4002 225/225/4003 1179/1250/4004 
f 1187/1258/4005 598/669/4006 1179/1250/4007 265/265/4008 
f 599/670/4009 1188/1259/4010 267/267/4011 1181/1252/4012 
f 1092/1163/4013 599/670/4014 1181/1252/4015 227/227/4016 
f 599/670/4017 1092/1163/4018 226/226/4019 1180/1251/4020 
f 1188/1259/4021 599/670/4022 1180/1251/4023 266/266/4024 
f 600/671/4025 1189/1260/4026 268/268/4027 1182/1253/4028 
f 1093/1164/4029 600/671/4030 1182/1253/4031 228/228/4032 
f 600/671/4033 1093/1164/4034 227/227/4035 1181/1252/4036 
f 1189/1260/4037 600/671/4038 1181/1252/4039 267/267/4040 
f 601/672/4041 1190/1261/4042 269/269/4043 1183/1254/4044 
f 1094/1165/4045 601/672/4046 1183/1254/4047 229/229/4048 
f 601/672/4049 1094/1165/4050 228/228/4051 1182/1253/4052 
f 1190/1261/4053 601/672/4054 1182/1253/4055 268/268/4056 
f 602/673/4057 1191/1262/4058 270/270/4059 1184/1255/4060 
f 1095/1166/4061 602/673/4062 1184/1255/4063 230/230/4064 
f 602/673/4065 1095/1166/4066 229/401/4067 1183/1468/4068 
f 1191/1262/4069 602/673/4070 1183/1468/4071 269/406/4072 
f 603/674/4073 1192/1263/4074 271/271/4075 1185/1256/4076 
f 1096/1167/4077 603/674/4078 1185/1256/4079 231/231/4080 
f 603/674/4081 1096/1167/4082 230/230/4083 1184/1255/4084 
f 1192/1263/4085 603/674/4086 1184/1255/4087 270/270/4088 
f 604/675/4089 1193/1264/4090 264/264/4091 1178/1249/4092 
f 1097/1168/4093 604/675/4094 1178/1249/4095 224/224/4096 
f 604/675/4097 1097/1168/4098 231/231/4099 1185/1256/4100 
f 1193/1264/4101 604/675/4102 1185/1256/4103 271/271/4104 
f 605/676/4105 1202/1273/4106 273/273/4107 1195/1266/4108 
f 1106/1177/4109 605/676/4110 1195/1266/4111 233/233/4112 
f 605/676/4113 1106/1177/4114 232/232/4115 1194/1265/4116 
f 1202/1273/4117 605/676/4118 1194/1265/4119 272/272/4120 
f 606/677/4121 1203/1274/4122 274/274/4123 1196/1267/4124 
f 1107/1178/4125 606/677/4126 1196/1267/4127 234/234/4128 
f 606/677/4129 1107/1178/4130 233/233/4131 1195/1266/4132 
f 1203/1274/4133 606/677/4134 1195/1266/4135 273/273/4136 
f 607/678/4137 1204/1275/4138 275/275/4139 1197/1268/4140 
f 1108/1179/4141 607/678/4142 1197/1268/4143 235/235/4144 
f 607/678/4145 1108/1179/4146 234/234/4147 1196/1267/4148 
f 1204/1275/4149 607/678/4150 1196/1267/4151 274/274/4152 
f 608/679/4153 1205/1276/4154 276/276/4155 1198/1269/4156 
f 1109/1180/4157 608/679/4158 1198/1269/4159 236/236/4160 
f 608/679/4161 1109/1180/4162 235/402/4163 1197/1469/4164 
f 1205/1276/4165 608/679/4166 1197/1469/4167 275/407/4168 
f 609/680/4169 1206/1277/4170 277/277/4171 1199/1270/4172 
f 1110/1181/4173 609/680/4174 1199/1270/4175 237/237/4176 
f 609/680/4177 1110/1181/4178 236/236/4179 1198/1269/4180 
f 1206/1277/4181 609/680/4182 1198/1269/4183 276/276/4184 
f 610/681/4185 1207/1278/4186 278/278/4187 1200/1271/4188 
f 1111/1182/4189 610/681/4190 1200/1271/4191 238/238/4192 
f 610/681/4193 1111/1182/4194 237/237/4195 1199/1270/4196 
f 1207/1278/4197 610/681/4198 1199/1270/4199 277/277/4200 
f 611/682/4201 1208/1279/4202 279/279/4203 1201/1272/4204 
f 1112/1183/4205 611/682/4206 1201/1272/4207 239/239/4208 
f 611/682/4209 1112/1183/4210 238/238/4211 1200/1271/4212 
f 1208/1279/4213 611/682/4214 1200/1271/4215 278/278/4216 
f 612/683/4217 1209/1280/4218 272/272/4219 1194/1265/4220 
f 1113/1184/4221 612/683/4222 1194/1265/4223 232/232/4224 
f 612/683/4225 1113/1184/4226 239/239/4227 1201/1272/4228 
f 1209/1280/4229 612/683/4230 1201/1272/4231 279/279/4232 
f 613/684/4233 1282/1353/4234 317/317/4235 1265/1336/4236 
f 1228/1299/4237 613/684/4238 1265/1336/4239 281/281/4240 
f 613/684/4241 1228/1299/4242 280/280/4243 1264/1471/4244 
f 1282/1353/4245 613/684/4246 1264/1471/4247 316/316/4248 
f 614/685/4249 1283/1354/4250 318/318/4251 1266/1337/4252 
f 1229/1300/4253 614/685/4254 1266/1337/4255 282/282/4256 
f 614/685/4257 1229/1300/4258 281/281/4259 1265/1336/4260 
f 1283/1354/4261 614/685/4262 1265/1336/4263 317/317/4264 
f 615/686/4265 1284/1355/4266 319/319/4267 1267/1338/4268 
f 1230/1301/4269 615/686/4270 1267/1338/4271 283/283/4272 
f 615/686/4273 1230/1301/4274 282/282/4275 1266/1337/4276 
f 1284/1355/4277 615/686/4278 1266/1337/4279 318/318/4280 
f 616/687/4281 1285/1356/4282 320/320/4283 1268/1339/4284 
f 1231/1302/4285 616/687/4286 1268/1339/4287 284/284/4288 
f 616/687/4289 1231/1302/4290 283/283/4291 1267/1338/4292 
f 1285/1356/4293 616/687/4294 1267/1338/4295 319/319/4296 
f 617/688/4297 1286/1357/4298 321/321/4299 1269/1340/4300 
f 1232/1303/4301 617/688/4302 1269/1340/4303 285/285/4304 
f 617/688/4305 1232/1303/4306 284/284/4307 1268/1339/4308 
f 1286/1357/4309 617/688/4310 1268/1339/4311 320/320/4312 
f 618/689/4313 1287/1358/4314 322/322/4315 1270/1341/4316 
f 1233/1304/4317 618/689/4318 1270/1341/4319 286/286/4320 
f 618/689/4321 1233/1304/4322 285/285/4323 1269/1340/4324 
f 1287/1358/4325 618/689/4326 1269/1340/4327 321/321/4328 
f 619/690/4329 1288/1359/4330 323/323/4331 1271/1342/4332 
f 1234/1305/4333 619/690/4334 1271/1342/4335 287/287/4336 
f 619/690/4337 1234/1305/4338 286/286/4339 1270/1341/4340 
f 1288/1359/4341 619/690/4342 1270/1341/4343 322/322/4344 
f 620/691/4345 1289/1360/4346 332/332/4347 1280/1351/4348 
f 1235/1306/4349 620/691/4350 1280/1351/4351 296/296/4352 
f 620/691/4353 1235/1306/4354 287/287/4355 1271/1342/4356 
f 1289/1360/4357 620/691/4358 1271/1342/4359 323/323/4360 
f 621/692/4361 1290/1361/4362 333/333/4363 1281/1352/4364 
f 1236/1307/4365 621/692/4366 1281/1352/4367 297/297/4368 
f 621/692/4369 1236/1307/4370 296/296/4371 1280/1351/4372 
f 1290/1361/4373 621/692/4374 1280/1351/4375 332/332/4376 
f 622/693/4377 1291/1362/4378 324/324/4379 1272/1343/4380 
f 1237/1308/4381 622/693/4382 1272/1343/4383 288/288/4384 
f 622/693/4385 1237/1308/4386 297/297/4387 1281/1352/4388 
f 1291/1362/4389 622/693/4390 1281/1352/4391 333/333/4392 
f 623/694/4393 1292/1363/4394 325/325/4395 1273/1344/4396 
f 1238/1309/4397 623/694/4398 1273/1344/4399 289/289/4400 
f 623/694/4401 1238/1309/4402 288/288/4403 1272/1343/4404 
f 1292/1363/4405 623/694/4406 1272/1343/4407 324/324/4408 
f 624/695/4409 1293/1364/4410 326/326/4411 1274/1345/4412 
f 1239/1310/4413 624/695/4414 1274/1345/4415 290/290/4416 
f 624/695/4417 1239/1310/4418 289/289/4419 1273/1344/4420 
f 1293/1364/4421 624/695/4422 1273/1344/4423 325/325/4424 
f 625/696/4425 1294/1365/4426 327/327/4427 1275/1346/4428 
f 1240/1311/4429 625/696/4430 1275/1346/4431 291/291/4432 
f 625/696/4433 1240/1311/4434 290/290/4435 1274/1345/4436 
f 1294/1365/4437 625/696/4438 1274/1345/4439 326/326/4440 
f 626/697/4441 1295/1366/4442 328/328/4443 1276/1347/4444 
f 1241/1312/4445 626/697/4446 1276/1347/4447 292/292/4448 
f 626/697/4449 1241/1312/4450 291/291/4451 1275/1346/4452 
f 1295/1366/4453 626/697/4454 1275/1346/4455 327/327/4456 
f 627/698/4457 1296/1367/4458 329/329/4459 1277/1348/4460 
f 1242/1313/4461 627/698/4462 1277/1348/4463 293/293/4464 
f 627/698/4465 1242/1313/4466 292/292/4467 1276/1347/4468 
f 1296/1367/4469 627/698/4470 1276/1347/4471 328/328/4472 
f 628/699/4473 1297/1368/4474 330/330/4475 1278/1349/4476 
f 1243/1314/4477 628/699/4478 1278/1349/4479 294/294/4480 
f 628/699/4481 1243/1314/4482 293/293/4483 1277/1348/4484 
f 1297/1368/4485 628/699/4486 1277/1348/4487 329/329/4488 
f 629/700/4489 1298/1369/4490 331/331/4491 1279/1350/4492 
f 1244/1315/4493 629/700/4494 1279/1350/4495 295/295/4496 
f 629/700/4497 1244/1315/4498 294/294/4499 1278/1349/4500 
f 1298/1369/4501 629/700/4502 1278/1349/4503 330/330/4504 
f 630/701/4505 1299/1370/4506 316/422/4507 1264/1335/4508 
f 1245/1316/4509 630/701/4510 1264/1335/4511 280/420/4512 
f 630/701/4513 1245/1316/4514 295/295/4515 1279/1350/4516 
f 1299/1370/4517 630/701/4518 1279/1350/4519 331/331/4520 
f 631/702/4521 1300/1371/4522 335/335/4523 1301/1372/4524 
f 1302/1373/4525 631/702/4526 1301/1372/4527 336/336/4528 
f 631/702/4529 1302/1373/4530 337/337/4531 1303/1374/4532 
f 1304/1375/4533 631/702/4534 1303/1374/4535 338/338/4536 
f 631/702/4537 1304/1375/4538 339/339/4539 1305/1376/4540 
f 1306/1377/4541 631/702/4542 1305/1376/4543 340/340/4544 
f 631/702/4545 1306/1377/4546 341/341/4547 1307/1378/4548 
f 1308/1379/4549 631/702/4550 1307/1378/4551 342/342/4552 
f 631/702/4553 1308/1379/4554 343/343/4555 1309/1380/4556 
f 1310/1381/4557 631/702/4558 1309/1380/4559 344/344/4560 
f 631/702/4561 1310/1381/4562 345/345/4563 1311/1382/4564 
f 1312/1383/4565 631/702/4566 1311/1382/4567 346/346/4568 
f 631/702/4569 1312/1383/4570 347/347/4571 1313/1384/4572 
f 1314/1385/4573 631/702/4574 1313/1384/4575 348/348/4576 
f 631/702/4577 1314/1385/4578 349/349/4579 1315/1386/4580 
f 1316/1387/4581 631/702/4582 1315/1386/4583 350/350/4584 
f 631/702/4585 1316/1387/4586 351/351/4587 1317/1388/4588 
f 1300/1371/4589 631/702/4590 1317/1388/4591 334/334/4592 
f 632/703/4593 1282/1353/4594 316/316/4595 1210/1470/4596 
f 1246/1317/4597 632/703/4598 1210/1470/4599 298/298/4600 
f 632/703/4601 1246/1317/4602 299/299/4603 1211/1282/4604 
f 1282/1353/4605 632/703/4606 1211/1282/4607 317/317/4608 
f 633/704/4609 1283/1354/4610 317/317/4611 1211/1282/4612 
f 1247/1318/4613 633/704/4614 1211/1282/4615 299/299/4616 
f 633/704/4617 1247/1318/4618 300/300/4619 1212/1283/4620 
f 1283/1354/4621 633/704/4622 1212/1283/4623 318/318/4624 
f 634/705/4625 1284/1355/4626 318/318/4627 1212/1283/4628 
f 1248/1319/4629 634/705/4630 1212/1283/4631 300/300/4632 
f 634/705/4633 1248/1319/4634 301/301/4635 1213/1284/4636 
f 1284/1355/4637 634/705/4638 1213/1284/4639 319/319/4640 
f 635/706/4641 1285/1356/4642 319/319/4643 1213/1284/4644 
f 1249/1320/4645 635/706/4646 1213/1284/4647 301/301/4648 
f 635/706/4649 1249/1320/4650 302/302/4651 1214/1285/4652 
f 1285/1356/4653 635/706/4654 1214/1285/4655 320/320/4656 
f 636/707/4657 1286/1357/4658 320/320/4659 1214/1285/4660 
f 1250/1321/4661 636/707/4662 1214/1285/4663 302/302/4664 
f 636/707/4665 1250/1321/4666 303/303/4667 1215/1286/4668 
f 1286/1357/4669 636/707/4670 1215/1286/4671 321/321/4672 
f 637/708/4673 1287/1358/4674 321/321/4675 1215/1286/4676 
f 1251/1322/4677 637/708/4678 1215/1286/4679 303/303/4680 
f 637/708/4681 1251/1322/4682 304/304/4683 1216/1287/4684 
f 1287/1358/4685 637/708/4686 1216/1287/4687 322/322/4688 
f 638/709/4689 1288/1359/4690 322/322/4691 1216/1287/4692 
f 1252/1323/4693 638/709/4694 1216/1287/4695 304/304/4696 
f 638/709/4697 1252/1323/4698 305/305/4699 1217/1288/4700 
f 1288/1359/4701 638/709/4702 1217/1288/4703 323/323/4704 
f 639/710/4705 1289/1360/4706 323/323/4707 1217/1288/4708 
f 1253/1324/4709 639/710/4710 1217/1288/4711 305/305/4712 
f 639/710/4713 1253/1324/4714 314/314/4715 1226/1297/4716 
f 1289/1360/4717 639/710/4718 1226/1297/4719 332/332/4720 
f 640/711/4721 1290/1361/4722 332/332/4723 1226/1297/4724 
f 1254/1325/4725 640/711/4726 1226/1297/4727 314/314/4728 
f 640/711/4729 1254/1325/4730 315/315/4731 1227/1298/4732 
f 1290/1361/4733 640/711/4734 1227/1298/4735 333/333/4736 
f 641/712/4737 1291/1362/4738 333/333/4739 1227/1298/4740 
f 1255/1326/4741 641/712/4742 1227/1298/4743 315/315/4744 
f 641/712/4745 1255/1326/4746 306/306/4747 1218/1289/4748 
f 1291/1362/4749 641/712/4750 1218/1289/4751 324/324/4752 
f 642/713/4753 1292/1363/4754 324/324/4755 1218/1289/4756 
f 1256/1327/4757 642/713/4758 1218/1289/4759 306/306/4760 
f 642/713/4761 1256/1327/4762 307/307/4763 1219/1290/4764 
f 1292/1363/4765 642/713/4766 1219/1290/4767 325/325/4768 
f 643/714/4769 1293/1364/4770 325/325/4771 1219/1290/4772 
f 1257/1328/4773 643/714/4774 1219/1290/4775 307/307/4776 
f 643/714/4777 1257/1328/4778 308/308/4779 1220/1291/4780 
f 1293/1364/4781 643/714/4782 1220/1291/4783 326/326/4784 
f 644/715/4785 1294/1365/4786 326/326/4787 1220/1291/4788 
f 1258/1329/4789 644/715/4790 1220/1291/4791 308/308/4792 
f 644/715/4793 1258/1329/4794 309/309/4795 1221/1292/4796 
f 1294/1365/4797 644/715/4798 1221/1292/4799 327/327/4800 
f 645/716/4801 1295/1366/4802 327/327/4803 1221/1292/4804 
f 1259/1330/4805 645/716/4806 1221/1292/4807 309/309/4808 
f 645/716/4809 1259/1330/4810 310/310/4811 1222/1293/4812 
f 1295/1366/4813 645/716/4814 1222/1293/4815 328/328/4816 
f 646/717/4817 1296/1367/4818 328/328/4819 1222/1293/4820 
f 1260/1331/4821 646/717/4822 1222/1293/4823 310/310/4824 
f 646/717/4825 1260/1331/4826 311/311/4827 1223/1294/4828 
f 1296/1367/4829 646/717/4830 1223/1294/4831 329/329/4832 
f 647/718/4833 1297/1368/4834 329/329/4835 1223/1294/4836 
f 1261/1332/4837 647/718/4838 1223/1294/4839 311/311/4840 
f 647/718/4841 1261/1332/4842 312/312/4843 1224/1295/4844 
f 1297/1368/4845 647/718/4846 1224/1295/4847 330/330/4848 
f 648/719/4849 1298/1369/4850 330/330/4851 1224/1295/4852 
f 1262/1333/4853 648/719/4854 1224/1295/4855 312/312/4856 
f 648/719/4857 1262/1333/4858 313/313/4859 1225/1296/4860 
f 1298/1369/4861 648/719/4862 1225/1296/4863 331/331/4864 
f 649/720/4865 1299/1370/4866 331/331/4867 1225/1296/4868 
f 1263/1334/4869 649/720/4870 1225/1296/4871 313/313/4872 
f 649/720/4873 1263/1334/4874 298/421/4875 1210/1281/4876 
f 1299/1370/4877 649/720/4878 1210/1281/4879 316/422/4880 
f 650/721/4881 1318/1472/4882 280/280/4883 1228/1299/4884 
f 1319/1390/4885 650/721/4886 1228/1299/4887 281/281/4888 
f 650/721/4889 1319/1390/4890 335/335/4891 1300/1371/4892 
f 1318/1472/4893 650/721/4894 1300/1371/4895 334/334/4896 
f 651/722/4897 1319/1390/4898 281/281/4899 1229/1300/4900 
f 1320/1391/4901 651/722/4902 1229/1300/4903 282/282/4904 
f 651/722/4905 1320/1391/4906 336/336/4907 1301/1372/4908 
f 1319/1390/4909 651/722/4910 1301/1372/4911 335/335/4912 
f 652/723/4913 1320/1391/4914 282/282/4915 1230/1301/4916 
f 1321/1392/4917 652/723/4918 1230/1301/4919 283/283/4920 
f 652/723/4921 1321/1392/4922 337/337/4923 1302/1373/4924 
f 1320/1391/4925 652/723/4926 1302/1373/4927 336/336/4928 
f 653/724/4929 1321/1392/4930 283/283/4931 1231/1302/4932 
f 1322/1393/4933 653/724/4934 1231/1302/4935 284/284/4936 
f 653/724/4937 1322/1393/4938 338/338/4939 1303/1374/4940 
f 1321/1392/4941 653/724/4942 1303/1374/4943 337/337/4944 
f 654/725/4945 1322/1393/4946 284/284/4947 1232/1303/4948 
f 1323/1394/4949 654/725/4950 1232/1303/4951 285/285/4952 
f 654/725/4953 1323/1394/4954 339/339/4955 1304/1375/4956 
f 1322/1393/4957 654/725/4958 1304/1375/4959 338/338/4960 
f 655/726/4961 1323/1394/4962 285/285/4963 1233/1304/4964 
f 1324/1395/4965 655/726/4966 1233/1304/4967 286/286/4968 
f 655/726/4969 1324/1395/4970 340/340/4971 1305/1376/4972 
f 1323/1394/4973 655/726/4974 1305/1376/4975 339/339/4976 
f 656/727/4977 1324/1395/4978 286/286/4979 1234/1305/4980 
f 1325/1396/4981 656/727/4982 1234/1305/4983 287/287/4984 
f 656/727/4985 1325/1396/4986 341/341/4987 1306/1377/4988 
f 1324/1395/4989 656/727/4990 1306/1377/4991 340/340/4992 
f 657/728/4993 1325/1396/4994 287/287/4995 1235/1306/4996 
f 1326/1397/4997 657/728/4998 1235/1306/4999 296/296/5000 
f 657/728/5001 1326/1397/5002 342/342/5003 1307/1378/5004 
f 1325/1396/5005 657/728/5006 1307/1378/5007 341/341/5008 
f 658/729/5009 1326/1397/5010 296/296/5011 1236/1307/5012 
f 1327/1398/5013 658/729/5014 1236/1307/5015 297/297/5016 
f 658/729/5017 1327/1398/5018 343/343/5019 1308/1379/5020 
f 1326/1397/5021 658/729/5022 1308/1379/5023 342/342/5024 
f 659/730/5025 1327/1398/5026 297/297/5027 1237/1308/5028 
f 1328/1399/5029 659/730/5030 1237/1308/5031 288/288/5032 
f 659/730/5033 1328/1399/5034 344/344/5035 1309/1380/5036 
f 1327/1398/5037 659/730/5038 1309/1380/5039 343/343/5040 
f 660/731/5041 1328/1399/5042 288/288/5043 1238/1309/5044 
f 1329/1400/5045 660/731/5046 1238/1309/5047 289/289/5048 
f 660/731/5049 1329/1400/5050 345/345/5051 1310/1381/5052 
f 1328/1399/5053 660/731/5054 1310/1381/5055 344/344/5056 
f 661/732/5057 1329/1400/5058 289/289/5059 1239/1310/5060 
f 1330/1401/5061 661/732/5062 1239/1310/5063 290/290/5064 
f 661/732/5065 1330/1401/5066 346/346/5067 1311/1382/5068 
f 1329/1400/5069 661/732/5070 1311/1382/5071 345/345/5072 
f 662/733/5073 1330/1401/5074 290/290/5075 1240/1311/5076 
f 1331/1402/5077 662/733/5078 1240/1311/5079 291/291/5080 
f 662/733/5081 1331/1402/5082 347/347/5083 1312/1383/5084 
f 1330/1401/5085 662/733/5086 1312/1383/5087 346/346/5088 
f 663/734/5089 1331/1402/5090 291/291/5091 1241/1312/5092 
f 1332/1403/5093 663/734/5094 1241/1312/5095 292/292/5096 
f 663/734/5097 1332/1403/5098 348/348/5099 1313/1384/5100 
f 1331/1402/5101 663/734/5102 1313/1384/5103 347/347/5104 
f 664/735/5105 1332/1403/5106 292/292/5107 1242/1313/5108 
f 1333/1404/5109 664/735/5110 1242/1313/5111 293/293/5112 
f 664/735/5113 1333/1404/5114 349/349/5115 1314/1385/5116 
f 1332/1403/5117 664/735/5118 1314/1385/5119 348/348/5120 
f 665/736/5121 1333/1404/5122 293/293/5123 1243/1314/5124 
f 1334/1405/5125 665/736/5126 1243/1314/5127 294/294/5128 
f 665/736/5129 1334/1405/5130 350/350/5131 1315/1386/5132 
f 1333/1404/5133 665/736/5134 1315/1386/5135 349/349/5136 
f 666/737/5137 1334/1405/5138 294/294/5139 1244/1315/5140 
f 1335/1406/5141 666/737/5142 1244/1315/5143 295/295/5144 
f 666/737/5145 1335/1406/5146 351/351/5147 1316/1387/5148 
f 1334/1405/5149 666/737/5150 1316/1387/5151 350/350/5152 
f 667/738/5153 1335/1406/5154 295/295/5155 1245/1316/5156 
f 1318/1389/5157 667/738/5158 1245/1316/5159 280/420/5160 
f 667/738/5161 1318/1389/5162 334/334/5163 1317/1388/5164 
f 1335/1406/5165 667/738/5166 1317/1388/5167 351/351/5168 
# 1292 polygons

